"hrvValue","readingTimeGMT","readingTimeLocal","calendarDate","colorFlag"
29,2025-08-20 05:07:40,2025-08-20 01:07:40,2025-08-20,"Significant"
28,2025-08-20 05:12:40,2025-08-20 01:12:40,2025-08-20,"Significant"
26,2025-08-20 05:17:40,2025-08-20 01:17:40,2025-08-20,"Significant"
28,2025-08-20 05:22:40,2025-08-20 01:22:40,2025-08-20,"Significant"
41,2025-08-20 05:27:40,2025-08-20 01:27:40,2025-08-20,"Significant"
41,2025-08-20 05:32:40,2025-08-20 01:32:40,2025-08-20,"Significant"
29,2025-08-20 05:37:40,2025-08-20 01:37:40,2025-08-20,"Significant"
28,2025-08-20 05:42:40,2025-08-20 01:42:40,2025-08-20,"Significant"
51,2025-08-20 05:47:40,2025-08-20 01:47:40,2025-08-20,"Significant"
49,2025-08-20 05:52:40,2025-08-20 01:52:40,2025-08-20,"Significant"
46,2025-08-20 05:57:40,2025-08-20 01:57:40,2025-08-20,"Significant"
41,2025-08-20 06:02:40,2025-08-20 02:02:40,2025-08-20,"Significant"
40,2025-08-20 06:07:40,2025-08-20 02:07:40,2025-08-20,"Significant"
42,2025-08-20 06:12:40,2025-08-20 02:12:40,2025-08-20,"Significant"
42,2025-08-20 06:17:40,2025-08-20 02:17:40,2025-08-20,"Significant"
57,2025-08-20 06:22:40,2025-08-20 02:22:40,2025-08-20,"Significant"
38,2025-08-20 06:27:40,2025-08-20 02:27:40,2025-08-20,"Significant"
35,2025-08-20 06:32:40,2025-08-20 02:32:40,2025-08-20,"Significant"
22,2025-08-20 06:37:40,2025-08-20 02:37:40,2025-08-20,"Significant"
24,2025-08-20 06:42:40,2025-08-20 02:42:40,2025-08-20,"Significant"
22,2025-08-20 06:47:40,2025-08-20 02:47:40,2025-08-20,"Significant"
18,2025-08-20 06:52:40,2025-08-20 02:52:40,2025-08-20,"Significant"
24,2025-08-20 06:57:40,2025-08-20 02:57:40,2025-08-20,"Significant"
30,2025-08-20 07:02:40,2025-08-20 03:02:40,2025-08-20,"Significant"
23,2025-08-20 07:07:40,2025-08-20 03:07:40,2025-08-20,"Significant"
24,2025-08-20 07:12:40,2025-08-20 03:12:40,2025-08-20,"Significant"
20,2025-08-20 07:17:40,2025-08-20 03:17:40,2025-08-20,"Significant"
28,2025-08-20 07:22:40,2025-08-20 03:22:40,2025-08-20,"Significant"
20,2025-08-20 07:27:40,2025-08-20 03:27:40,2025-08-20,"Significant"
18,2025-08-20 07:32:40,2025-08-20 03:32:40,2025-08-20,"Significant"
21,2025-08-20 07:37:40,2025-08-20 03:37:40,2025-08-20,"Significant"
22,2025-08-20 07:42:40,2025-08-20 03:42:40,2025-08-20,"Significant"
27,2025-08-20 07:47:40,2025-08-20 03:47:40,2025-08-20,"Significant"
37,2025-08-20 07:52:40,2025-08-20 03:52:40,2025-08-20,"Significant"
28,2025-08-20 07:57:40,2025-08-20 03:57:40,2025-08-20,"Significant"
28,2025-08-20 08:02:40,2025-08-20 04:02:40,2025-08-20,"Significant"
31,2025-08-20 08:07:40,2025-08-20 04:07:40,2025-08-20,"Significant"
29,2025-08-20 08:12:40,2025-08-20 04:12:40,2025-08-20,"Significant"
27,2025-08-20 08:17:40,2025-08-20 04:17:40,2025-08-20,"Significant"
25,2025-08-20 08:22:40,2025-08-20 04:22:40,2025-08-20,"Significant"
27,2025-08-20 08:27:40,2025-08-20 04:27:40,2025-08-20,"Significant"
28,2025-08-20 08:32:40,2025-08-20 04:32:40,2025-08-20,"Significant"
23,2025-08-20 08:37:40,2025-08-20 04:37:40,2025-08-20,"Significant"
21,2025-08-20 08:42:40,2025-08-20 04:42:40,2025-08-20,"Significant"
24,2025-08-20 08:47:40,2025-08-20 04:47:40,2025-08-20,"Significant"
33,2025-08-20 08:52:40,2025-08-20 04:52:40,2025-08-20,"Significant"
30,2025-08-20 08:57:40,2025-08-20 04:57:40,2025-08-20,"Significant"
29,2025-08-20 09:02:40,2025-08-20 05:02:40,2025-08-20,"Significant"
27,2025-08-20 09:07:40,2025-08-20 05:07:40,2025-08-20,"Significant"
23,2025-08-20 09:12:40,2025-08-20 05:12:40,2025-08-20,"Significant"
32,2025-08-20 09:17:40,2025-08-20 05:17:40,2025-08-20,"Significant"
33,2025-08-20 09:22:40,2025-08-20 05:22:40,2025-08-20,"Significant"
35,2025-08-20 09:27:40,2025-08-20 05:27:40,2025-08-20,"Significant"
35,2025-08-20 09:32:40,2025-08-20 05:32:40,2025-08-20,"Significant"
37,2025-08-20 09:37:40,2025-08-20 05:37:40,2025-08-20,"Significant"
31,2025-08-20 09:42:40,2025-08-20 05:42:40,2025-08-20,"Significant"
34,2025-08-20 09:47:40,2025-08-20 05:47:40,2025-08-20,"Significant"
29,2025-08-20 09:52:40,2025-08-20 05:52:40,2025-08-20,"Significant"
26,2025-08-20 09:57:40,2025-08-20 05:57:40,2025-08-20,"Significant"
25,2025-08-20 10:02:40,2025-08-20 06:02:40,2025-08-20,"Significant"
36,2025-08-20 10:07:40,2025-08-20 06:07:40,2025-08-20,"Significant"
37,2025-08-20 10:12:40,2025-08-20 06:12:40,2025-08-20,"Significant"
31,2025-08-20 10:17:40,2025-08-20 06:17:40,2025-08-20,"Significant"
20,2025-08-20 10:22:40,2025-08-20 06:22:40,2025-08-20,"Significant"
19,2025-08-20 10:27:40,2025-08-20 06:27:40,2025-08-20,"Significant"
21,2025-08-20 10:32:40,2025-08-20 06:32:40,2025-08-20,"Significant"
36,2025-08-20 10:37:40,2025-08-20 06:37:40,2025-08-20,"Significant"
41,2025-08-20 10:42:40,2025-08-20 06:42:40,2025-08-20,"Significant"
28,2025-08-20 10:47:40,2025-08-20 06:47:40,2025-08-20,"Significant"
34,2025-08-20 10:52:40,2025-08-20 06:52:40,2025-08-20,"Significant"
31,2025-08-20 10:57:40,2025-08-20 06:57:40,2025-08-20,"Significant"
30,2025-08-20 11:02:40,2025-08-20 07:02:40,2025-08-20,"Significant"
31,2025-08-20 11:07:40,2025-08-20 07:07:40,2025-08-20,"Significant"
23,2025-08-20 11:12:40,2025-08-20 07:12:40,2025-08-20,"Significant"
31,2025-08-20 11:17:40,2025-08-20 07:17:40,2025-08-20,"Significant"
31,2025-08-20 11:22:40,2025-08-20 07:22:40,2025-08-20,"Significant"
41,2025-08-20 11:27:40,2025-08-20 07:27:40,2025-08-20,"Significant"
37,2025-08-20 11:32:40,2025-08-20 07:32:40,2025-08-20,"Significant"
33,2025-08-20 11:37:40,2025-08-20 07:37:40,2025-08-20,"Significant"
29,2025-08-20 11:42:40,2025-08-20 07:42:40,2025-08-20,"Significant"
31,2025-08-21 04:41:37,2025-08-21 00:41:37,2025-08-21,"Significant"
28,2025-08-21 04:46:37,2025-08-21 00:46:37,2025-08-21,"Significant"
23,2025-08-21 04:51:37,2025-08-21 00:51:37,2025-08-21,"Significant"
20,2025-08-21 04:56:37,2025-08-21 00:56:37,2025-08-21,"Significant"
20,2025-08-21 05:01:37,2025-08-21 01:01:37,2025-08-21,"Significant"
22,2025-08-21 05:06:37,2025-08-21 01:06:37,2025-08-21,"Significant"
20,2025-08-21 05:11:37,2025-08-21 01:11:37,2025-08-21,"Significant"
20,2025-08-21 05:16:37,2025-08-21 01:16:37,2025-08-21,"Significant"
19,2025-08-21 05:21:37,2025-08-21 01:21:37,2025-08-21,"Significant"
19,2025-08-21 05:26:37,2025-08-21 01:26:37,2025-08-21,"Significant"
22,2025-08-21 05:31:37,2025-08-21 01:31:37,2025-08-21,"Significant"
20,2025-08-21 05:36:37,2025-08-21 01:36:37,2025-08-21,"Significant"
21,2025-08-21 05:41:37,2025-08-21 01:41:37,2025-08-21,"Significant"
19,2025-08-21 05:46:37,2025-08-21 01:46:37,2025-08-21,"Significant"
23,2025-08-21 05:51:37,2025-08-21 01:51:37,2025-08-21,"Significant"
29,2025-08-21 05:56:37,2025-08-21 01:56:37,2025-08-21,"Significant"
29,2025-08-21 06:01:37,2025-08-21 02:01:37,2025-08-21,"Significant"
29,2025-08-21 06:06:37,2025-08-21 02:06:37,2025-08-21,"Significant"
28,2025-08-21 06:11:37,2025-08-21 02:11:37,2025-08-21,"Significant"
36,2025-08-21 06:16:37,2025-08-21 02:16:37,2025-08-21,"Significant"
63,2025-08-21 06:21:37,2025-08-21 02:21:37,2025-08-21,"Significant"
32,2025-08-21 06:26:37,2025-08-21 02:26:37,2025-08-21,"Significant"
31,2025-08-21 06:31:37,2025-08-21 02:31:37,2025-08-21,"Significant"
28,2025-08-21 06:36:37,2025-08-21 02:36:37,2025-08-21,"Significant"
29,2025-08-21 06:41:37,2025-08-21 02:41:37,2025-08-21,"Significant"
26,2025-08-21 06:46:37,2025-08-21 02:46:37,2025-08-21,"Significant"
28,2025-08-21 06:51:37,2025-08-21 02:51:37,2025-08-21,"Significant"
26,2025-08-21 06:56:37,2025-08-21 02:56:37,2025-08-21,"Significant"
24,2025-08-21 07:01:37,2025-08-21 03:01:37,2025-08-21,"Significant"
22,2025-08-21 07:06:37,2025-08-21 03:06:37,2025-08-21,"Significant"
21,2025-08-21 07:11:37,2025-08-21 03:11:37,2025-08-21,"Significant"
23,2025-08-21 07:16:37,2025-08-21 03:16:37,2025-08-21,"Significant"
21,2025-08-21 07:21:37,2025-08-21 03:21:37,2025-08-21,"Significant"
21,2025-08-21 07:26:37,2025-08-21 03:26:37,2025-08-21,"Significant"
22,2025-08-21 07:31:37,2025-08-21 03:31:37,2025-08-21,"Significant"
22,2025-08-21 07:36:37,2025-08-21 03:36:37,2025-08-21,"Significant"
40,2025-08-21 07:41:37,2025-08-21 03:41:37,2025-08-21,"Significant"
33,2025-08-21 07:46:37,2025-08-21 03:46:37,2025-08-21,"Significant"
45,2025-08-21 07:51:37,2025-08-21 03:51:37,2025-08-21,"Significant"
32,2025-08-21 07:56:37,2025-08-21 03:56:37,2025-08-21,"Significant"
39,2025-08-21 08:01:37,2025-08-21 04:01:37,2025-08-21,"Significant"
43,2025-08-21 08:06:37,2025-08-21 04:06:37,2025-08-21,"Significant"
36,2025-08-21 08:11:37,2025-08-21 04:11:37,2025-08-21,"Significant"
34,2025-08-21 08:16:37,2025-08-21 04:16:37,2025-08-21,"Significant"
33,2025-08-21 08:21:37,2025-08-21 04:21:37,2025-08-21,"Significant"
25,2025-08-21 08:26:37,2025-08-21 04:26:37,2025-08-21,"Significant"
22,2025-08-21 08:31:37,2025-08-21 04:31:37,2025-08-21,"Significant"
25,2025-08-21 08:36:37,2025-08-21 04:36:37,2025-08-21,"Significant"
21,2025-08-21 08:41:37,2025-08-21 04:41:37,2025-08-21,"Significant"
22,2025-08-21 08:46:37,2025-08-21 04:46:37,2025-08-21,"Significant"
27,2025-08-21 08:51:37,2025-08-21 04:51:37,2025-08-21,"Significant"
26,2025-08-21 08:56:37,2025-08-21 04:56:37,2025-08-21,"Significant"
20,2025-08-21 09:01:37,2025-08-21 05:01:37,2025-08-21,"Significant"
32,2025-08-21 09:06:37,2025-08-21 05:06:37,2025-08-21,"Significant"
23,2025-08-21 09:11:37,2025-08-21 05:11:37,2025-08-21,"Significant"
26,2025-08-21 09:16:37,2025-08-21 05:16:37,2025-08-21,"Significant"
24,2025-08-21 09:21:37,2025-08-21 05:21:37,2025-08-21,"Significant"
33,2025-08-21 09:26:37,2025-08-21 05:26:37,2025-08-21,"Significant"
33,2025-08-21 09:31:37,2025-08-21 05:31:37,2025-08-21,"Significant"
39,2025-08-21 09:36:37,2025-08-21 05:36:37,2025-08-21,"Significant"
34,2025-08-21 09:41:37,2025-08-21 05:41:37,2025-08-21,"Significant"
36,2025-08-21 09:46:37,2025-08-21 05:46:37,2025-08-21,"Significant"
40,2025-08-21 09:51:37,2025-08-21 05:51:37,2025-08-21,"Significant"
40,2025-08-21 09:56:37,2025-08-21 05:56:37,2025-08-21,"Significant"
43,2025-08-21 10:01:37,2025-08-21 06:01:37,2025-08-21,"Significant"
42,2025-08-21 10:06:37,2025-08-21 06:06:37,2025-08-21,"Significant"
40,2025-08-21 10:11:37,2025-08-21 06:11:37,2025-08-21,"Significant"
36,2025-08-21 10:16:37,2025-08-21 06:16:37,2025-08-21,"Significant"
23,2025-08-21 10:21:37,2025-08-21 06:21:37,2025-08-21,"Significant"
19,2025-08-21 10:26:37,2025-08-21 06:26:37,2025-08-21,"Significant"
21,2025-08-21 10:31:37,2025-08-21 06:31:37,2025-08-21,"Significant"
20,2025-08-21 10:36:37,2025-08-21 06:36:37,2025-08-21,"Significant"
26,2025-08-21 10:41:37,2025-08-21 06:41:37,2025-08-21,"Significant"
23,2025-08-21 10:46:37,2025-08-21 06:46:37,2025-08-21,"Significant"
32,2025-08-21 10:51:37,2025-08-21 06:51:37,2025-08-21,"Significant"
34,2025-08-21 10:56:37,2025-08-21 06:56:37,2025-08-21,"Significant"
31,2025-08-21 11:01:37,2025-08-21 07:01:37,2025-08-21,"Significant"
37,2025-08-21 11:06:37,2025-08-21 07:06:37,2025-08-21,"Significant"
58,2025-08-21 11:11:37,2025-08-21 07:11:37,2025-08-21,"Significant"
30,2025-08-21 11:16:37,2025-08-21 07:16:37,2025-08-21,"Significant"
26,2025-08-21 11:21:37,2025-08-21 07:21:37,2025-08-21,"Significant"
28,2025-08-21 11:26:37,2025-08-21 07:26:37,2025-08-21,"Significant"
27,2025-08-21 11:31:37,2025-08-21 07:31:37,2025-08-21,"Significant"
31,2025-08-21 11:36:37,2025-08-21 07:36:37,2025-08-21,"Significant"
21,2025-08-22 04:56:37,2025-08-22 00:56:37,2025-08-22,"Significant"
15,2025-08-22 05:01:37,2025-08-22 01:01:37,2025-08-22,"Significant"
19,2025-08-22 05:06:37,2025-08-22 01:06:37,2025-08-22,"Significant"
15,2025-08-22 05:11:37,2025-08-22 01:11:37,2025-08-22,"Significant"
17,2025-08-22 05:16:37,2025-08-22 01:16:37,2025-08-22,"Significant"
18,2025-08-22 05:21:37,2025-08-22 01:21:37,2025-08-22,"Significant"
29,2025-08-22 05:26:37,2025-08-22 01:26:37,2025-08-22,"Significant"
30,2025-08-22 05:31:37,2025-08-22 01:31:37,2025-08-22,"Significant"
29,2025-08-22 05:36:37,2025-08-22 01:36:37,2025-08-22,"Significant"
35,2025-08-22 05:41:37,2025-08-22 01:41:37,2025-08-22,"Significant"
32,2025-08-22 05:46:37,2025-08-22 01:46:37,2025-08-22,"Significant"
38,2025-08-22 05:51:37,2025-08-22 01:51:37,2025-08-22,"Significant"
32,2025-08-22 05:56:37,2025-08-22 01:56:37,2025-08-22,"Significant"
23,2025-08-22 06:01:37,2025-08-22 02:01:37,2025-08-22,"Significant"
21,2025-08-22 06:06:37,2025-08-22 02:06:37,2025-08-22,"Significant"
24,2025-08-22 06:11:37,2025-08-22 02:11:37,2025-08-22,"Significant"
35,2025-08-22 06:16:37,2025-08-22 02:16:37,2025-08-22,"Significant"
26,2025-08-22 06:21:37,2025-08-22 02:21:37,2025-08-22,"Significant"
27,2025-08-22 06:26:37,2025-08-22 02:26:37,2025-08-22,"Significant"
28,2025-08-22 06:31:37,2025-08-22 02:31:37,2025-08-22,"Significant"
26,2025-08-22 06:36:37,2025-08-22 02:36:37,2025-08-22,"Significant"
28,2025-08-22 06:41:37,2025-08-22 02:41:37,2025-08-22,"Significant"
27,2025-08-22 06:46:37,2025-08-22 02:46:37,2025-08-22,"Significant"
26,2025-08-22 06:51:37,2025-08-22 02:51:37,2025-08-22,"Significant"
26,2025-08-22 06:56:37,2025-08-22 02:56:37,2025-08-22,"Significant"
27,2025-08-22 07:01:37,2025-08-22 03:01:37,2025-08-22,"Significant"
38,2025-08-22 07:06:37,2025-08-22 03:06:37,2025-08-22,"Significant"
28,2025-08-22 07:11:37,2025-08-22 03:11:37,2025-08-22,"Significant"
24,2025-08-22 07:16:37,2025-08-22 03:16:37,2025-08-22,"Significant"
30,2025-08-22 07:21:37,2025-08-22 03:21:37,2025-08-22,"Significant"
29,2025-08-22 07:26:37,2025-08-22 03:26:37,2025-08-22,"Significant"
20,2025-08-22 07:31:37,2025-08-22 03:31:37,2025-08-22,"Significant"
23,2025-08-22 07:36:37,2025-08-22 03:36:37,2025-08-22,"Significant"
34,2025-08-22 07:41:37,2025-08-22 03:41:37,2025-08-22,"Significant"
35,2025-08-22 07:46:37,2025-08-22 03:46:37,2025-08-22,"Significant"
36,2025-08-22 07:51:37,2025-08-22 03:51:37,2025-08-22,"Significant"
34,2025-08-22 07:56:37,2025-08-22 03:56:37,2025-08-22,"Significant"
28,2025-08-22 08:01:37,2025-08-22 04:01:37,2025-08-22,"Significant"
31,2025-08-22 08:06:37,2025-08-22 04:06:37,2025-08-22,"Significant"
37,2025-08-22 08:11:37,2025-08-22 04:11:37,2025-08-22,"Significant"
37,2025-08-22 08:16:37,2025-08-22 04:16:37,2025-08-22,"Significant"
36,2025-08-22 08:21:37,2025-08-22 04:21:37,2025-08-22,"Significant"
41,2025-08-22 08:26:37,2025-08-22 04:26:37,2025-08-22,"Significant"
39,2025-08-22 08:31:37,2025-08-22 04:31:37,2025-08-22,"Significant"
37,2025-08-22 08:36:37,2025-08-22 04:36:37,2025-08-22,"Significant"
31,2025-08-22 08:41:37,2025-08-22 04:41:37,2025-08-22,"Significant"
22,2025-08-22 08:46:37,2025-08-22 04:46:37,2025-08-22,"Significant"
24,2025-08-22 08:51:37,2025-08-22 04:51:37,2025-08-22,"Significant"
33,2025-08-22 08:56:37,2025-08-22 04:56:37,2025-08-22,"Significant"
26,2025-08-22 09:01:37,2025-08-22 05:01:37,2025-08-22,"Significant"
23,2025-08-22 09:06:37,2025-08-22 05:06:37,2025-08-22,"Significant"
31,2025-08-22 09:11:37,2025-08-22 05:11:37,2025-08-22,"Significant"
28,2025-08-22 09:16:37,2025-08-22 05:16:37,2025-08-22,"Significant"
29,2025-08-22 09:21:37,2025-08-22 05:21:37,2025-08-22,"Significant"
35,2025-08-22 09:26:37,2025-08-22 05:26:37,2025-08-22,"Significant"
52,2025-08-22 09:31:37,2025-08-22 05:31:37,2025-08-22,"Significant"
60,2025-08-22 09:36:37,2025-08-22 05:36:37,2025-08-22,"Significant"
66,2025-08-22 09:46:37,2025-08-22 05:46:37,2025-08-22,"Significant"
36,2025-08-22 10:06:37,2025-08-22 06:06:37,2025-08-22,"Significant"
37,2025-08-22 10:11:37,2025-08-22 06:11:37,2025-08-22,"Significant"
30,2025-08-22 10:16:37,2025-08-22 06:16:37,2025-08-22,"Significant"
30,2025-08-22 10:21:37,2025-08-22 06:21:37,2025-08-22,"Significant"
31,2025-08-22 10:26:37,2025-08-22 06:26:37,2025-08-22,"Significant"
24,2025-08-22 10:31:37,2025-08-22 06:31:37,2025-08-22,"Significant"
24,2025-08-22 10:36:37,2025-08-22 06:36:37,2025-08-22,"Significant"
23,2025-08-22 10:41:37,2025-08-22 06:41:37,2025-08-22,"Significant"
25,2025-08-22 10:46:37,2025-08-22 06:46:37,2025-08-22,"Significant"
23,2025-08-22 10:51:37,2025-08-22 06:51:37,2025-08-22,"Significant"
29,2025-08-22 10:56:37,2025-08-22 06:56:37,2025-08-22,"Significant"
27,2025-08-22 11:01:37,2025-08-22 07:01:37,2025-08-22,"Significant"
32,2025-08-22 11:06:37,2025-08-22 07:06:37,2025-08-22,"Significant"
36,2025-08-22 11:11:37,2025-08-22 07:11:37,2025-08-22,"Significant"
26,2025-08-22 11:16:37,2025-08-22 07:16:37,2025-08-22,"Significant"
29,2025-08-22 11:21:37,2025-08-22 07:21:37,2025-08-22,"Significant"
30,2025-08-22 11:26:37,2025-08-22 07:26:37,2025-08-22,"Significant"
31,2025-08-22 11:31:37,2025-08-22 07:31:37,2025-08-22,"Significant"
28,2025-08-23 04:41:37,2025-08-23 00:41:37,2025-08-23,"Significant"
30,2025-08-23 04:46:37,2025-08-23 00:46:37,2025-08-23,"Significant"
26,2025-08-23 04:51:37,2025-08-23 00:51:37,2025-08-23,"Significant"
28,2025-08-23 04:56:37,2025-08-23 00:56:37,2025-08-23,"Significant"
22,2025-08-23 05:01:37,2025-08-23 01:01:37,2025-08-23,"Significant"
20,2025-08-23 05:06:37,2025-08-23 01:06:37,2025-08-23,"Significant"
20,2025-08-23 05:11:37,2025-08-23 01:11:37,2025-08-23,"Significant"
20,2025-08-23 05:16:37,2025-08-23 01:16:37,2025-08-23,"Significant"
20,2025-08-23 05:21:37,2025-08-23 01:21:37,2025-08-23,"Significant"
26,2025-08-23 05:26:37,2025-08-23 01:26:37,2025-08-23,"Significant"
23,2025-08-23 05:31:37,2025-08-23 01:31:37,2025-08-23,"Significant"
24,2025-08-23 05:36:37,2025-08-23 01:36:37,2025-08-23,"Significant"
33,2025-08-23 05:41:37,2025-08-23 01:41:37,2025-08-23,"Significant"
32,2025-08-23 05:46:37,2025-08-23 01:46:37,2025-08-23,"Significant"
33,2025-08-23 05:51:37,2025-08-23 01:51:37,2025-08-23,"Significant"
37,2025-08-23 05:56:37,2025-08-23 01:56:37,2025-08-23,"Significant"
34,2025-08-23 06:01:37,2025-08-23 02:01:37,2025-08-23,"Significant"
37,2025-08-23 06:06:37,2025-08-23 02:06:37,2025-08-23,"Significant"
37,2025-08-23 06:11:37,2025-08-23 02:11:37,2025-08-23,"Significant"
34,2025-08-23 06:16:37,2025-08-23 02:16:37,2025-08-23,"Significant"
35,2025-08-23 06:21:37,2025-08-23 02:21:37,2025-08-23,"Significant"
23,2025-08-23 06:26:37,2025-08-23 02:26:37,2025-08-23,"Significant"
18,2025-08-23 06:31:37,2025-08-23 02:31:37,2025-08-23,"Significant"
29,2025-08-23 06:36:37,2025-08-23 02:36:37,2025-08-23,"Significant"
19,2025-08-23 06:41:37,2025-08-23 02:41:37,2025-08-23,"Significant"
22,2025-08-23 06:46:37,2025-08-23 02:46:37,2025-08-23,"Significant"
22,2025-08-23 06:51:37,2025-08-23 02:51:37,2025-08-23,"Significant"
23,2025-08-23 06:56:37,2025-08-23 02:56:37,2025-08-23,"Significant"
24,2025-08-23 07:01:37,2025-08-23 03:01:37,2025-08-23,"Significant"
24,2025-08-23 07:06:37,2025-08-23 03:06:37,2025-08-23,"Significant"
20,2025-08-23 07:11:37,2025-08-23 03:11:37,2025-08-23,"Significant"
19,2025-08-23 07:16:37,2025-08-23 03:16:37,2025-08-23,"Significant"
21,2025-08-23 07:21:37,2025-08-23 03:21:37,2025-08-23,"Significant"
31,2025-08-23 07:26:37,2025-08-23 03:26:37,2025-08-23,"Significant"
30,2025-08-23 07:31:37,2025-08-23 03:31:37,2025-08-23,"Significant"
29,2025-08-23 07:36:37,2025-08-23 03:36:37,2025-08-23,"Significant"
31,2025-08-23 07:41:37,2025-08-23 03:41:37,2025-08-23,"Significant"
29,2025-08-23 07:46:37,2025-08-23 03:46:37,2025-08-23,"Significant"
29,2025-08-23 07:51:37,2025-08-23 03:51:37,2025-08-23,"Significant"
28,2025-08-23 07:56:37,2025-08-23 03:56:37,2025-08-23,"Significant"
33,2025-08-23 08:01:37,2025-08-23 04:01:37,2025-08-23,"Significant"
29,2025-08-23 08:06:37,2025-08-23 04:06:37,2025-08-23,"Significant"
34,2025-08-23 08:11:37,2025-08-23 04:11:37,2025-08-23,"Significant"
27,2025-08-23 08:16:37,2025-08-23 04:16:37,2025-08-23,"Significant"
25,2025-08-23 08:21:37,2025-08-23 04:21:37,2025-08-23,"Significant"
23,2025-08-23 08:26:37,2025-08-23 04:26:37,2025-08-23,"Significant"
23,2025-08-23 08:31:37,2025-08-23 04:31:37,2025-08-23,"Significant"
24,2025-08-23 08:36:37,2025-08-23 04:36:37,2025-08-23,"Significant"
19,2025-08-23 08:41:37,2025-08-23 04:41:37,2025-08-23,"Significant"
19,2025-08-23 08:46:37,2025-08-23 04:46:37,2025-08-23,"Significant"
19,2025-08-23 08:51:37,2025-08-23 04:51:37,2025-08-23,"Significant"
18,2025-08-23 08:56:37,2025-08-23 04:56:37,2025-08-23,"Significant"
20,2025-08-23 09:01:37,2025-08-23 05:01:37,2025-08-23,"Significant"
35,2025-08-23 09:06:37,2025-08-23 05:06:37,2025-08-23,"Significant"
32,2025-08-23 09:11:37,2025-08-23 05:11:37,2025-08-23,"Significant"
28,2025-08-23 09:16:37,2025-08-23 05:16:37,2025-08-23,"Significant"
30,2025-08-23 09:21:37,2025-08-23 05:21:37,2025-08-23,"Significant"
26,2025-08-23 09:26:37,2025-08-23 05:26:37,2025-08-23,"Significant"
28,2025-08-23 09:31:37,2025-08-23 05:31:37,2025-08-23,"Significant"
28,2025-08-23 09:36:37,2025-08-23 05:36:37,2025-08-23,"Significant"
26,2025-08-23 09:41:37,2025-08-23 05:41:37,2025-08-23,"Significant"
37,2025-08-23 09:46:37,2025-08-23 05:46:37,2025-08-23,"Significant"
34,2025-08-23 09:51:37,2025-08-23 05:51:37,2025-08-23,"Significant"
30,2025-08-23 09:56:37,2025-08-23 05:56:37,2025-08-23,"Significant"
25,2025-08-23 10:01:37,2025-08-23 06:01:37,2025-08-23,"Significant"
23,2025-08-23 10:06:37,2025-08-23 06:06:37,2025-08-23,"Significant"
19,2025-08-23 10:11:37,2025-08-23 06:11:37,2025-08-23,"Significant"
36,2025-08-23 10:16:37,2025-08-23 06:16:37,2025-08-23,"Significant"
28,2025-08-23 10:21:37,2025-08-23 06:21:37,2025-08-23,"Significant"
28,2025-08-23 10:26:37,2025-08-23 06:26:37,2025-08-23,"Significant"
32,2025-08-23 10:31:37,2025-08-23 06:31:37,2025-08-23,"Significant"
37,2025-08-23 10:36:37,2025-08-23 06:36:37,2025-08-23,"Significant"
32,2025-08-23 10:41:37,2025-08-23 06:41:37,2025-08-23,"Significant"
35,2025-08-23 10:46:37,2025-08-23 06:46:37,2025-08-23,"Significant"
35,2025-08-23 10:51:37,2025-08-23 06:51:37,2025-08-23,"Significant"
24,2025-08-23 10:56:37,2025-08-23 06:56:37,2025-08-23,"Significant"
28,2025-08-23 11:01:37,2025-08-23 07:01:37,2025-08-23,"Significant"
24,2025-08-23 11:06:37,2025-08-23 07:06:37,2025-08-23,"Significant"
19,2025-08-23 11:11:37,2025-08-23 07:11:37,2025-08-23,"Significant"
26,2025-08-23 11:16:37,2025-08-23 07:16:37,2025-08-23,"Significant"
26,2025-08-23 11:21:37,2025-08-23 07:21:37,2025-08-23,"Significant"
28,2025-08-23 11:26:37,2025-08-23 07:26:37,2025-08-23,"Significant"
27,2025-08-23 11:31:37,2025-08-23 07:31:37,2025-08-23,"Significant"
26,2025-08-23 11:36:37,2025-08-23 07:36:37,2025-08-23,"Significant"
25,2025-08-23 11:41:37,2025-08-23 07:41:37,2025-08-23,"Significant"
32,2025-08-23 11:46:37,2025-08-23 07:46:37,2025-08-23,"Significant"
26,2025-08-23 11:51:37,2025-08-23 07:51:37,2025-08-23,"Significant"
37,2025-08-23 11:56:37,2025-08-23 07:56:37,2025-08-23,"Significant"
37,2025-08-23 12:01:37,2025-08-23 08:01:37,2025-08-23,"Significant"
31,2025-08-23 12:06:37,2025-08-23 08:06:37,2025-08-23,"Significant"
30,2025-08-23 12:11:37,2025-08-23 08:11:37,2025-08-23,"Significant"
32,2025-08-23 12:16:37,2025-08-23 08:16:37,2025-08-23,"Significant"
37,2025-08-23 12:21:37,2025-08-23 08:21:37,2025-08-23,"Significant"
32,2025-08-23 12:26:37,2025-08-23 08:26:37,2025-08-23,"Significant"
33,2025-08-23 12:31:37,2025-08-23 08:31:37,2025-08-23,"Significant"
35,2025-08-23 12:36:37,2025-08-23 08:36:37,2025-08-23,"Significant"
17,2025-08-24 05:11:37,2025-08-24 01:11:37,2025-08-24,"Significant"
15,2025-08-24 05:16:37,2025-08-24 01:16:37,2025-08-24,"Significant"
11,2025-08-24 05:21:37,2025-08-24 01:21:37,2025-08-24,"Significant"
12,2025-08-24 05:26:37,2025-08-24 01:26:37,2025-08-24,"Significant"
14,2025-08-24 05:31:37,2025-08-24 01:31:37,2025-08-24,"Significant"
13,2025-08-24 05:36:37,2025-08-24 01:36:37,2025-08-24,"Significant"
16,2025-08-24 05:41:37,2025-08-24 01:41:37,2025-08-24,"Significant"
25,2025-08-24 05:46:37,2025-08-24 01:46:37,2025-08-24,"Significant"
15,2025-08-24 05:51:37,2025-08-24 01:51:37,2025-08-24,"Significant"
16,2025-08-24 05:56:37,2025-08-24 01:56:37,2025-08-24,"Significant"
21,2025-08-24 06:01:37,2025-08-24 02:01:37,2025-08-24,"Significant"
17,2025-08-24 06:06:37,2025-08-24 02:06:37,2025-08-24,"Significant"
16,2025-08-24 06:11:37,2025-08-24 02:11:37,2025-08-24,"Significant"
16,2025-08-24 06:16:37,2025-08-24 02:16:37,2025-08-24,"Significant"
19,2025-08-24 06:21:37,2025-08-24 02:21:37,2025-08-24,"Significant"
21,2025-08-24 06:26:37,2025-08-24 02:26:37,2025-08-24,"Significant"
22,2025-08-24 06:31:37,2025-08-24 02:31:37,2025-08-24,"Significant"
30,2025-08-24 06:36:37,2025-08-24 02:36:37,2025-08-24,"Significant"
28,2025-08-24 06:41:37,2025-08-24 02:41:37,2025-08-24,"Significant"
27,2025-08-24 06:46:37,2025-08-24 02:46:37,2025-08-24,"Significant"
20,2025-08-24 06:51:37,2025-08-24 02:51:37,2025-08-24,"Significant"
18,2025-08-24 06:56:37,2025-08-24 02:56:37,2025-08-24,"Significant"
18,2025-08-24 07:01:37,2025-08-24 03:01:37,2025-08-24,"Significant"
22,2025-08-24 07:06:37,2025-08-24 03:06:37,2025-08-24,"Significant"
20,2025-08-24 07:11:37,2025-08-24 03:11:37,2025-08-24,"Significant"
22,2025-08-24 07:16:37,2025-08-24 03:16:37,2025-08-24,"Significant"
20,2025-08-24 07:21:37,2025-08-24 03:21:37,2025-08-24,"Significant"
19,2025-08-24 07:26:37,2025-08-24 03:26:37,2025-08-24,"Significant"
22,2025-08-24 07:31:37,2025-08-24 03:31:37,2025-08-24,"Significant"
20,2025-08-24 07:36:37,2025-08-24 03:36:37,2025-08-24,"Significant"
26,2025-08-24 07:41:37,2025-08-24 03:41:37,2025-08-24,"Significant"
21,2025-08-24 07:46:37,2025-08-24 03:46:37,2025-08-24,"Significant"
18,2025-08-24 07:51:37,2025-08-24 03:51:37,2025-08-24,"Significant"
17,2025-08-24 07:56:37,2025-08-24 03:56:37,2025-08-24,"Significant"
19,2025-08-24 08:01:37,2025-08-24 04:01:37,2025-08-24,"Significant"
23,2025-08-24 08:06:37,2025-08-24 04:06:37,2025-08-24,"Significant"
27,2025-08-24 08:11:37,2025-08-24 04:11:37,2025-08-24,"Significant"
27,2025-08-24 08:16:37,2025-08-24 04:16:37,2025-08-24,"Significant"
42,2025-08-24 08:21:37,2025-08-24 04:21:37,2025-08-24,"Significant"
30,2025-08-24 08:26:37,2025-08-24 04:26:37,2025-08-24,"Significant"
26,2025-08-24 08:31:37,2025-08-24 04:31:37,2025-08-24,"Significant"
28,2025-08-24 08:36:37,2025-08-24 04:36:37,2025-08-24,"Significant"
18,2025-08-24 08:41:37,2025-08-24 04:41:37,2025-08-24,"Significant"
17,2025-08-24 08:46:37,2025-08-24 04:46:37,2025-08-24,"Significant"
18,2025-08-24 08:51:37,2025-08-24 04:51:37,2025-08-24,"Significant"
20,2025-08-24 08:56:37,2025-08-24 04:56:37,2025-08-24,"Significant"
16,2025-08-24 09:01:37,2025-08-24 05:01:37,2025-08-24,"Significant"
16,2025-08-24 09:06:37,2025-08-24 05:06:37,2025-08-24,"Significant"
25,2025-08-24 09:11:37,2025-08-24 05:11:37,2025-08-24,"Significant"
19,2025-08-24 09:16:37,2025-08-24 05:16:37,2025-08-24,"Significant"
20,2025-08-24 09:21:37,2025-08-24 05:21:37,2025-08-24,"Significant"
19,2025-08-24 09:26:37,2025-08-24 05:26:37,2025-08-24,"Significant"
20,2025-08-24 09:31:37,2025-08-24 05:31:37,2025-08-24,"Significant"
20,2025-08-24 09:36:37,2025-08-24 05:36:37,2025-08-24,"Significant"
22,2025-08-24 09:41:37,2025-08-24 05:41:37,2025-08-24,"Significant"
29,2025-08-24 09:46:37,2025-08-24 05:46:37,2025-08-24,"Significant"
33,2025-08-24 09:51:37,2025-08-24 05:51:37,2025-08-24,"Significant"
36,2025-08-24 09:56:37,2025-08-24 05:56:37,2025-08-24,"Significant"
33,2025-08-24 10:01:37,2025-08-24 06:01:37,2025-08-24,"Significant"
23,2025-08-24 10:06:37,2025-08-24 06:06:37,2025-08-24,"Significant"
27,2025-08-24 10:11:37,2025-08-24 06:11:37,2025-08-24,"Significant"
30,2025-08-24 10:16:37,2025-08-24 06:16:37,2025-08-24,"Significant"
33,2025-08-24 10:21:37,2025-08-24 06:21:37,2025-08-24,"Significant"
33,2025-08-24 10:26:37,2025-08-24 06:26:37,2025-08-24,"Significant"
32,2025-08-24 10:31:37,2025-08-24 06:31:37,2025-08-24,"Significant"
26,2025-08-24 10:36:37,2025-08-24 06:36:37,2025-08-24,"Significant"
25,2025-08-24 10:41:37,2025-08-24 06:41:37,2025-08-24,"Significant"
24,2025-08-24 10:46:37,2025-08-24 06:46:37,2025-08-24,"Significant"
28,2025-08-24 10:51:37,2025-08-24 06:51:37,2025-08-24,"Significant"
26,2025-08-24 10:56:37,2025-08-24 06:56:37,2025-08-24,"Significant"
31,2025-08-24 11:01:37,2025-08-24 07:01:37,2025-08-24,"Significant"
26,2025-08-24 11:06:37,2025-08-24 07:06:37,2025-08-24,"Significant"
22,2025-08-24 11:11:37,2025-08-24 07:11:37,2025-08-24,"Significant"
21,2025-08-24 11:16:37,2025-08-24 07:16:37,2025-08-24,"Significant"
21,2025-08-24 11:21:37,2025-08-24 07:21:37,2025-08-24,"Significant"
28,2025-08-24 11:26:37,2025-08-24 07:26:37,2025-08-24,"Significant"
19,2025-08-24 11:31:37,2025-08-24 07:31:37,2025-08-24,"Significant"
19,2025-08-24 11:36:37,2025-08-24 07:36:37,2025-08-24,"Significant"
25,2025-08-24 11:41:37,2025-08-24 07:41:37,2025-08-24,"Significant"
30,2025-08-24 11:46:37,2025-08-24 07:46:37,2025-08-24,"Significant"
27,2025-08-24 11:51:37,2025-08-24 07:51:37,2025-08-24,"Significant"
16,2025-08-25 04:56:37,2025-08-25 00:56:37,2025-08-25,"Significant"
16,2025-08-25 05:01:37,2025-08-25 01:01:37,2025-08-25,"Significant"
17,2025-08-25 05:06:37,2025-08-25 01:06:37,2025-08-25,"Significant"
15,2025-08-25 05:11:37,2025-08-25 01:11:37,2025-08-25,"Significant"
27,2025-08-25 05:16:37,2025-08-25 01:16:37,2025-08-25,"Significant"
17,2025-08-25 05:21:37,2025-08-25 01:21:37,2025-08-25,"Significant"
17,2025-08-25 05:26:37,2025-08-25 01:26:37,2025-08-25,"Significant"
18,2025-08-25 05:31:37,2025-08-25 01:31:37,2025-08-25,"Significant"
27,2025-08-25 05:36:37,2025-08-25 01:36:37,2025-08-25,"Significant"
30,2025-08-25 05:41:37,2025-08-25 01:41:37,2025-08-25,"Significant"
18,2025-08-25 05:46:37,2025-08-25 01:46:37,2025-08-25,"Significant"
21,2025-08-25 05:51:37,2025-08-25 01:51:37,2025-08-25,"Significant"
19,2025-08-25 05:56:37,2025-08-25 01:56:37,2025-08-25,"Significant"
22,2025-08-25 06:01:37,2025-08-25 02:01:37,2025-08-25,"Significant"
21,2025-08-25 06:06:37,2025-08-25 02:06:37,2025-08-25,"Significant"
24,2025-08-25 06:11:37,2025-08-25 02:11:37,2025-08-25,"Significant"
35,2025-08-25 06:16:37,2025-08-25 02:16:37,2025-08-25,"Significant"
45,2025-08-25 06:21:37,2025-08-25 02:21:37,2025-08-25,"Significant"
45,2025-08-25 06:26:37,2025-08-25 02:26:37,2025-08-25,"Significant"
40,2025-08-25 06:31:37,2025-08-25 02:31:37,2025-08-25,"Significant"
29,2025-08-25 06:36:37,2025-08-25 02:36:37,2025-08-25,"Significant"
35,2025-08-25 06:41:37,2025-08-25 02:41:37,2025-08-25,"Significant"
34,2025-08-25 06:46:37,2025-08-25 02:46:37,2025-08-25,"Significant"
38,2025-08-25 06:51:37,2025-08-25 02:51:37,2025-08-25,"Significant"
29,2025-08-25 06:56:37,2025-08-25 02:56:37,2025-08-25,"Significant"
35,2025-08-25 07:01:37,2025-08-25 03:01:37,2025-08-25,"Significant"
42,2025-08-25 07:06:37,2025-08-25 03:06:37,2025-08-25,"Significant"
33,2025-08-25 07:11:37,2025-08-25 03:11:37,2025-08-25,"Significant"
29,2025-08-25 07:16:37,2025-08-25 03:16:37,2025-08-25,"Significant"
32,2025-08-25 07:21:37,2025-08-25 03:21:37,2025-08-25,"Significant"
36,2025-08-25 07:26:37,2025-08-25 03:26:37,2025-08-25,"Significant"
25,2025-08-25 07:31:37,2025-08-25 03:31:37,2025-08-25,"Significant"
23,2025-08-25 07:36:37,2025-08-25 03:36:37,2025-08-25,"Significant"
25,2025-08-25 07:41:37,2025-08-25 03:41:37,2025-08-25,"Significant"
24,2025-08-25 07:46:37,2025-08-25 03:46:37,2025-08-25,"Significant"
23,2025-08-25 07:51:37,2025-08-25 03:51:37,2025-08-25,"Significant"
29,2025-08-25 07:56:37,2025-08-25 03:56:37,2025-08-25,"Significant"
25,2025-08-25 08:01:37,2025-08-25 04:01:37,2025-08-25,"Significant"
23,2025-08-25 08:06:37,2025-08-25 04:06:37,2025-08-25,"Significant"
35,2025-08-25 08:11:37,2025-08-25 04:11:37,2025-08-25,"Significant"
31,2025-08-25 08:16:37,2025-08-25 04:16:37,2025-08-25,"Significant"
27,2025-08-25 08:21:37,2025-08-25 04:21:37,2025-08-25,"Significant"
28,2025-08-25 08:26:37,2025-08-25 04:26:37,2025-08-25,"Significant"
23,2025-08-25 08:31:37,2025-08-25 04:31:37,2025-08-25,"Significant"
26,2025-08-25 08:36:37,2025-08-25 04:36:37,2025-08-25,"Significant"
25,2025-08-25 08:41:37,2025-08-25 04:41:37,2025-08-25,"Significant"
27,2025-08-25 08:46:37,2025-08-25 04:46:37,2025-08-25,"Significant"
27,2025-08-25 08:51:37,2025-08-25 04:51:37,2025-08-25,"Significant"
30,2025-08-25 08:56:37,2025-08-25 04:56:37,2025-08-25,"Significant"
25,2025-08-25 09:01:37,2025-08-25 05:01:37,2025-08-25,"Significant"
20,2025-08-25 09:06:37,2025-08-25 05:06:37,2025-08-25,"Significant"
30,2025-08-25 09:11:37,2025-08-25 05:11:37,2025-08-25,"Significant"
26,2025-08-25 09:16:37,2025-08-25 05:16:37,2025-08-25,"Significant"
25,2025-08-25 09:21:37,2025-08-25 05:21:37,2025-08-25,"Significant"
23,2025-08-25 09:26:37,2025-08-25 05:26:37,2025-08-25,"Significant"
23,2025-08-25 09:31:37,2025-08-25 05:31:37,2025-08-25,"Significant"
24,2025-08-25 09:36:37,2025-08-25 05:36:37,2025-08-25,"Significant"
23,2025-08-25 09:41:37,2025-08-25 05:41:37,2025-08-25,"Significant"
32,2025-08-25 09:46:37,2025-08-25 05:46:37,2025-08-25,"Significant"
24,2025-08-25 09:51:37,2025-08-25 05:51:37,2025-08-25,"Significant"
23,2025-08-25 09:56:37,2025-08-25 05:56:37,2025-08-25,"Significant"
25,2025-08-25 10:01:37,2025-08-25 06:01:37,2025-08-25,"Significant"
33,2025-08-25 10:06:37,2025-08-25 06:06:37,2025-08-25,"Significant"
31,2025-08-25 10:11:37,2025-08-25 06:11:37,2025-08-25,"Significant"
39,2025-08-25 10:16:37,2025-08-25 06:16:37,2025-08-25,"Significant"
24,2025-08-26 03:56:37,2025-08-25 23:56:37,2025-08-26,"Significant"
21,2025-08-26 04:01:37,2025-08-26 00:01:37,2025-08-26,"Significant"
18,2025-08-26 04:06:37,2025-08-26 00:06:37,2025-08-26,"Significant"
17,2025-08-26 04:11:37,2025-08-26 00:11:37,2025-08-26,"Significant"
16,2025-08-26 04:16:37,2025-08-26 00:16:37,2025-08-26,"Significant"
16,2025-08-26 04:21:37,2025-08-26 00:21:37,2025-08-26,"Significant"
16,2025-08-26 04:26:37,2025-08-26 00:26:37,2025-08-26,"Significant"
15,2025-08-26 04:31:37,2025-08-26 00:31:37,2025-08-26,"Significant"
15,2025-08-26 04:36:37,2025-08-26 00:36:37,2025-08-26,"Significant"
15,2025-08-26 04:41:37,2025-08-26 00:41:37,2025-08-26,"Significant"
16,2025-08-26 04:46:37,2025-08-26 00:46:37,2025-08-26,"Significant"
18,2025-08-26 04:51:37,2025-08-26 00:51:37,2025-08-26,"Significant"
19,2025-08-26 04:56:37,2025-08-26 00:56:37,2025-08-26,"Significant"
19,2025-08-26 05:01:37,2025-08-26 01:01:37,2025-08-26,"Significant"
24,2025-08-26 05:06:37,2025-08-26 01:06:37,2025-08-26,"Significant"
30,2025-08-26 05:11:37,2025-08-26 01:11:37,2025-08-26,"Significant"
27,2025-08-26 05:16:37,2025-08-26 01:16:37,2025-08-26,"Significant"
23,2025-08-26 05:21:37,2025-08-26 01:21:37,2025-08-26,"Significant"
20,2025-08-26 05:26:37,2025-08-26 01:26:37,2025-08-26,"Significant"
29,2025-08-26 05:31:37,2025-08-26 01:31:37,2025-08-26,"Significant"
31,2025-08-26 05:36:37,2025-08-26 01:36:37,2025-08-26,"Significant"
31,2025-08-26 05:41:37,2025-08-26 01:41:37,2025-08-26,"Significant"
37,2025-08-26 05:46:37,2025-08-26 01:46:37,2025-08-26,"Significant"
37,2025-08-26 05:51:37,2025-08-26 01:51:37,2025-08-26,"Significant"
32,2025-08-26 05:56:37,2025-08-26 01:56:37,2025-08-26,"Significant"
33,2025-08-26 06:01:37,2025-08-26 02:01:37,2025-08-26,"Significant"
37,2025-08-26 06:06:37,2025-08-26 02:06:37,2025-08-26,"Significant"
39,2025-08-26 06:11:37,2025-08-26 02:11:37,2025-08-26,"Significant"
38,2025-08-26 06:16:37,2025-08-26 02:16:37,2025-08-26,"Significant"
38,2025-08-26 06:21:37,2025-08-26 02:21:37,2025-08-26,"Significant"
36,2025-08-26 06:26:37,2025-08-26 02:26:37,2025-08-26,"Significant"
41,2025-08-26 06:31:37,2025-08-26 02:31:37,2025-08-26,"Significant"
30,2025-08-26 06:36:37,2025-08-26 02:36:37,2025-08-26,"Significant"
42,2025-08-26 06:41:37,2025-08-26 02:41:37,2025-08-26,"Significant"
36,2025-08-26 06:46:37,2025-08-26 02:46:37,2025-08-26,"Significant"
33,2025-08-26 06:51:37,2025-08-26 02:51:37,2025-08-26,"Significant"
29,2025-08-26 06:56:37,2025-08-26 02:56:37,2025-08-26,"Significant"
28,2025-08-26 07:01:37,2025-08-26 03:01:37,2025-08-26,"Significant"
26,2025-08-26 07:06:37,2025-08-26 03:06:37,2025-08-26,"Significant"
26,2025-08-26 07:11:37,2025-08-26 03:11:37,2025-08-26,"Significant"
28,2025-08-26 07:16:37,2025-08-26 03:16:37,2025-08-26,"Significant"
32,2025-08-26 07:21:37,2025-08-26 03:21:37,2025-08-26,"Significant"
29,2025-08-26 07:26:37,2025-08-26 03:26:37,2025-08-26,"Significant"
38,2025-08-26 07:31:37,2025-08-26 03:31:37,2025-08-26,"Significant"
32,2025-08-26 07:36:37,2025-08-26 03:36:37,2025-08-26,"Significant"
33,2025-08-26 07:41:37,2025-08-26 03:41:37,2025-08-26,"Significant"
36,2025-08-26 07:46:37,2025-08-26 03:46:37,2025-08-26,"Significant"
28,2025-08-26 07:51:37,2025-08-26 03:51:37,2025-08-26,"Significant"
33,2025-08-26 07:56:37,2025-08-26 03:56:37,2025-08-26,"Significant"
31,2025-08-26 08:01:37,2025-08-26 04:01:37,2025-08-26,"Significant"
37,2025-08-26 08:06:37,2025-08-26 04:06:37,2025-08-26,"Significant"
39,2025-08-26 08:11:37,2025-08-26 04:11:37,2025-08-26,"Significant"
40,2025-08-26 08:16:37,2025-08-26 04:16:37,2025-08-26,"Significant"
44,2025-08-26 08:21:37,2025-08-26 04:21:37,2025-08-26,"Significant"
42,2025-08-26 08:26:37,2025-08-26 04:26:37,2025-08-26,"Significant"
38,2025-08-26 08:31:37,2025-08-26 04:31:37,2025-08-26,"Significant"
42,2025-08-26 08:36:37,2025-08-26 04:36:37,2025-08-26,"Significant"
44,2025-08-26 08:41:37,2025-08-26 04:41:37,2025-08-26,"Significant"
38,2025-08-26 08:46:37,2025-08-26 04:46:37,2025-08-26,"Significant"
39,2025-08-26 08:51:37,2025-08-26 04:51:37,2025-08-26,"Significant"
34,2025-08-26 08:56:37,2025-08-26 04:56:37,2025-08-26,"Significant"
20,2025-08-26 09:01:37,2025-08-26 05:01:37,2025-08-26,"Significant"
25,2025-08-26 09:06:37,2025-08-26 05:06:37,2025-08-26,"Significant"
23,2025-08-26 09:11:37,2025-08-26 05:11:37,2025-08-26,"Significant"
38,2025-08-26 09:16:37,2025-08-26 05:16:37,2025-08-26,"Significant"
28,2025-08-26 09:21:37,2025-08-26 05:21:37,2025-08-26,"Significant"
30,2025-08-26 09:26:37,2025-08-26 05:26:37,2025-08-26,"Significant"
35,2025-08-26 09:31:37,2025-08-26 05:31:37,2025-08-26,"Significant"
28,2025-08-26 09:36:37,2025-08-26 05:36:37,2025-08-26,"Significant"
26,2025-08-26 09:41:37,2025-08-26 05:41:37,2025-08-26,"Significant"
27,2025-08-26 09:46:37,2025-08-26 05:46:37,2025-08-26,"Significant"
52,2025-08-27 06:01:37,2025-08-27 02:01:37,2025-08-27,"Significant"
54,2025-08-27 06:06:37,2025-08-27 02:06:37,2025-08-27,"Significant"
54,2025-08-27 06:11:37,2025-08-27 02:11:37,2025-08-27,"Significant"
51,2025-08-27 06:16:37,2025-08-27 02:16:37,2025-08-27,"Significant"
41,2025-08-27 06:21:37,2025-08-27 02:21:37,2025-08-27,"Significant"
39,2025-08-27 06:26:37,2025-08-27 02:26:37,2025-08-27,"Significant"
42,2025-08-27 06:31:37,2025-08-27 02:31:37,2025-08-27,"Significant"
41,2025-08-27 06:36:37,2025-08-27 02:36:37,2025-08-27,"Significant"
28,2025-08-27 06:41:37,2025-08-27 02:41:37,2025-08-27,"Significant"
39,2025-08-27 06:46:37,2025-08-27 02:46:37,2025-08-27,"Significant"
44,2025-08-27 06:51:37,2025-08-27 02:51:37,2025-08-27,"Significant"
53,2025-08-27 06:56:37,2025-08-27 02:56:37,2025-08-27,"Significant"
49,2025-08-27 07:01:37,2025-08-27 03:01:37,2025-08-27,"Significant"
42,2025-08-27 07:06:37,2025-08-27 03:06:37,2025-08-27,"Significant"
45,2025-08-27 07:11:37,2025-08-27 03:11:37,2025-08-27,"Significant"
47,2025-08-27 07:16:37,2025-08-27 03:16:37,2025-08-27,"Significant"
43,2025-08-27 07:21:37,2025-08-27 03:21:37,2025-08-27,"Significant"
46,2025-08-27 07:26:37,2025-08-27 03:26:37,2025-08-27,"Significant"
43,2025-08-27 07:31:37,2025-08-27 03:31:37,2025-08-27,"Significant"
46,2025-08-27 07:36:37,2025-08-27 03:36:37,2025-08-27,"Significant"
33,2025-08-27 07:41:37,2025-08-27 03:41:37,2025-08-27,"Significant"
20,2025-08-27 07:46:37,2025-08-27 03:46:37,2025-08-27,"Significant"
19,2025-08-27 07:51:37,2025-08-27 03:51:37,2025-08-27,"Significant"
33,2025-08-27 07:56:37,2025-08-27 03:56:37,2025-08-27,"Significant"
38,2025-08-27 08:01:37,2025-08-27 04:01:37,2025-08-27,"Significant"
39,2025-08-27 08:06:37,2025-08-27 04:06:37,2025-08-27,"Significant"
44,2025-08-27 08:11:37,2025-08-27 04:11:37,2025-08-27,"Significant"
50,2025-08-27 08:16:37,2025-08-27 04:16:37,2025-08-27,"Significant"
52,2025-08-27 08:21:37,2025-08-27 04:21:37,2025-08-27,"Significant"
40,2025-08-27 08:26:37,2025-08-27 04:26:37,2025-08-27,"Significant"
37,2025-08-27 08:31:37,2025-08-27 04:31:37,2025-08-27,"Significant"
42,2025-08-27 08:36:37,2025-08-27 04:36:37,2025-08-27,"Significant"
36,2025-08-27 08:41:37,2025-08-27 04:41:37,2025-08-27,"Significant"
31,2025-08-27 08:46:37,2025-08-27 04:46:37,2025-08-27,"Significant"
35,2025-08-27 08:51:37,2025-08-27 04:51:37,2025-08-27,"Significant"
36,2025-08-27 08:56:37,2025-08-27 04:56:37,2025-08-27,"Significant"
41,2025-08-27 09:01:37,2025-08-27 05:01:37,2025-08-27,"Significant"
46,2025-08-27 09:06:37,2025-08-27 05:06:37,2025-08-27,"Significant"
60,2025-08-27 09:11:37,2025-08-27 05:11:37,2025-08-27,"Significant"
52,2025-08-27 09:16:37,2025-08-27 05:16:37,2025-08-27,"Significant"
47,2025-08-27 09:21:37,2025-08-27 05:21:37,2025-08-27,"Significant"
39,2025-08-27 09:26:37,2025-08-27 05:26:37,2025-08-27,"Significant"
45,2025-08-27 09:31:37,2025-08-27 05:31:37,2025-08-27,"Significant"
44,2025-08-27 09:36:37,2025-08-27 05:36:37,2025-08-27,"Significant"
49,2025-08-27 09:41:37,2025-08-27 05:41:37,2025-08-27,"Significant"
43,2025-08-27 09:46:37,2025-08-27 05:46:37,2025-08-27,"Significant"
47,2025-08-27 09:51:37,2025-08-27 05:51:37,2025-08-27,"Significant"
42,2025-08-27 09:56:37,2025-08-27 05:56:37,2025-08-27,"Significant"
37,2025-08-27 10:01:37,2025-08-27 06:01:37,2025-08-27,"Significant"
39,2025-08-27 10:06:37,2025-08-27 06:06:37,2025-08-27,"Significant"
33,2025-08-27 10:11:37,2025-08-27 06:11:37,2025-08-27,"Significant"
43,2025-08-27 10:16:37,2025-08-27 06:16:37,2025-08-27,"Significant"
52,2025-08-27 10:21:37,2025-08-27 06:21:37,2025-08-27,"Significant"
48,2025-08-27 10:26:37,2025-08-27 06:26:37,2025-08-27,"Significant"
47,2025-08-27 10:31:37,2025-08-27 06:31:37,2025-08-27,"Significant"
47,2025-08-27 10:36:37,2025-08-27 06:36:37,2025-08-27,"Significant"
46,2025-08-27 10:41:37,2025-08-27 06:41:37,2025-08-27,"Significant"
44,2025-08-27 10:46:37,2025-08-27 06:46:37,2025-08-27,"Significant"
48,2025-08-27 10:51:37,2025-08-27 06:51:37,2025-08-27,"Significant"
50,2025-08-27 10:56:37,2025-08-27 06:56:37,2025-08-27,"Significant"
45,2025-08-27 11:01:37,2025-08-27 07:01:37,2025-08-27,"Significant"
41,2025-08-27 11:06:37,2025-08-27 07:06:37,2025-08-27,"Significant"
39,2025-08-27 11:11:37,2025-08-27 07:11:37,2025-08-27,"Significant"
66,2025-08-27 11:16:37,2025-08-27 07:16:37,2025-08-27,"Significant"
49,2025-08-27 11:21:37,2025-08-27 07:21:37,2025-08-27,"Significant"
46,2025-08-27 11:26:37,2025-08-27 07:26:37,2025-08-27,"Significant"
46,2025-08-27 11:31:37,2025-08-27 07:31:37,2025-08-27,"Significant"
35,2025-08-27 11:36:37,2025-08-27 07:36:37,2025-08-27,"Significant"
38,2025-08-27 11:41:37,2025-08-27 07:41:37,2025-08-27,"Significant"
39,2025-08-27 11:46:37,2025-08-27 07:46:37,2025-08-27,"Significant"
29,2025-08-27 11:51:37,2025-08-27 07:51:37,2025-08-27,"Significant"
37,2025-08-27 11:56:37,2025-08-27 07:56:37,2025-08-27,"Significant"
48,2025-08-27 12:01:37,2025-08-27 08:01:37,2025-08-27,"Significant"
60,2025-08-27 12:06:37,2025-08-27 08:06:37,2025-08-27,"Significant"
55,2025-08-27 12:11:37,2025-08-27 08:11:37,2025-08-27,"Significant"
43,2025-08-27 12:16:37,2025-08-27 08:16:37,2025-08-27,"Significant"
42,2025-08-27 12:21:37,2025-08-27 08:21:37,2025-08-27,"Significant"
41,2025-08-27 12:26:37,2025-08-27 08:26:37,2025-08-27,"Significant"
40,2025-08-27 12:31:37,2025-08-27 08:31:37,2025-08-27,"Significant"
40,2025-08-27 12:36:37,2025-08-27 08:36:37,2025-08-27,"Significant"
43,2025-08-27 12:41:37,2025-08-27 08:41:37,2025-08-27,"Significant"
46,2025-08-27 12:46:37,2025-08-27 08:46:37,2025-08-27,"Significant"
41,2025-08-27 12:51:37,2025-08-27 08:51:37,2025-08-27,"Significant"
36,2025-08-27 12:56:37,2025-08-27 08:56:37,2025-08-27,"Significant"
34,2025-08-27 13:01:37,2025-08-27 09:01:37,2025-08-27,"Significant"
34,2025-08-27 13:06:37,2025-08-27 09:06:37,2025-08-27,"Significant"
49,2025-08-27 13:11:37,2025-08-27 09:11:37,2025-08-27,"Significant"
42,2025-08-27 13:16:37,2025-08-27 09:16:37,2025-08-27,"Significant"
39,2025-08-27 13:21:37,2025-08-27 09:21:37,2025-08-27,"Significant"
41,2025-08-27 13:26:37,2025-08-27 09:26:37,2025-08-27,"Significant"
38,2025-08-27 13:31:37,2025-08-27 09:31:37,2025-08-27,"Significant"
44,2025-08-27 13:36:37,2025-08-27 09:36:37,2025-08-27,"Significant"
40,2025-08-27 13:41:37,2025-08-27 09:41:37,2025-08-27,"Significant"
31,2025-08-27 13:46:37,2025-08-27 09:46:37,2025-08-27,"Significant"
53,2025-08-27 13:51:37,2025-08-27 09:51:37,2025-08-27,"Significant"
52,2025-08-27 13:56:37,2025-08-27 09:56:37,2025-08-27,"Significant"
40,2025-08-27 14:01:37,2025-08-27 10:01:37,2025-08-27,"Significant"
39,2025-08-27 14:06:37,2025-08-27 10:06:37,2025-08-27,"Significant"
32,2025-08-27 14:11:37,2025-08-27 10:11:37,2025-08-27,"Significant"
36,2025-08-27 14:16:37,2025-08-27 10:16:37,2025-08-27,"Significant"
40,2025-08-27 14:21:37,2025-08-27 10:21:37,2025-08-27,"Significant"
54,2025-08-27 14:26:37,2025-08-27 10:26:37,2025-08-27,"Significant"
46,2025-08-28 04:21:36,2025-08-28 00:21:36,2025-08-28,"Significant"
38,2025-08-28 04:26:36,2025-08-28 00:26:36,2025-08-28,"Significant"
61,2025-08-28 04:31:36,2025-08-28 00:31:36,2025-08-28,"Significant"
60,2025-08-28 04:36:36,2025-08-28 00:36:36,2025-08-28,"Significant"
54,2025-08-28 04:41:36,2025-08-28 00:41:36,2025-08-28,"Significant"
33,2025-08-28 04:46:36,2025-08-28 00:46:36,2025-08-28,"Significant"
25,2025-08-28 04:51:36,2025-08-28 00:51:36,2025-08-28,"Significant"
29,2025-08-28 04:56:36,2025-08-28 00:56:36,2025-08-28,"Significant"
26,2025-08-28 05:01:36,2025-08-28 01:01:36,2025-08-28,"Significant"
24,2025-08-28 05:06:36,2025-08-28 01:06:36,2025-08-28,"Significant"
21,2025-08-28 05:11:36,2025-08-28 01:11:36,2025-08-28,"Significant"
21,2025-08-28 05:16:36,2025-08-28 01:16:36,2025-08-28,"Significant"
27,2025-08-28 05:21:36,2025-08-28 01:21:36,2025-08-28,"Significant"
29,2025-08-28 05:26:36,2025-08-28 01:26:36,2025-08-28,"Significant"
45,2025-08-28 05:31:36,2025-08-28 01:31:36,2025-08-28,"Significant"
38,2025-08-28 05:36:36,2025-08-28 01:36:36,2025-08-28,"Significant"
29,2025-08-28 05:41:36,2025-08-28 01:41:36,2025-08-28,"Significant"
27,2025-08-28 05:46:36,2025-08-28 01:46:36,2025-08-28,"Significant"
24,2025-08-28 05:51:36,2025-08-28 01:51:36,2025-08-28,"Significant"
30,2025-08-28 05:56:36,2025-08-28 01:56:36,2025-08-28,"Significant"
35,2025-08-28 06:01:36,2025-08-28 02:01:36,2025-08-28,"Significant"
38,2025-08-28 06:06:36,2025-08-28 02:06:36,2025-08-28,"Significant"
36,2025-08-28 06:11:36,2025-08-28 02:11:36,2025-08-28,"Significant"
47,2025-08-28 06:16:36,2025-08-28 02:16:36,2025-08-28,"Significant"
37,2025-08-28 06:21:36,2025-08-28 02:21:36,2025-08-28,"Significant"
38,2025-08-28 06:26:36,2025-08-28 02:26:36,2025-08-28,"Significant"
37,2025-08-28 06:31:36,2025-08-28 02:31:36,2025-08-28,"Significant"
39,2025-08-28 06:36:36,2025-08-28 02:36:36,2025-08-28,"Significant"
36,2025-08-28 06:41:36,2025-08-28 02:41:36,2025-08-28,"Significant"
32,2025-08-28 06:46:36,2025-08-28 02:46:36,2025-08-28,"Significant"
39,2025-08-28 06:51:36,2025-08-28 02:51:36,2025-08-28,"Significant"
54,2025-08-28 06:56:36,2025-08-28 02:56:36,2025-08-28,"Significant"
48,2025-08-28 07:01:36,2025-08-28 03:01:36,2025-08-28,"Significant"
46,2025-08-28 07:06:36,2025-08-28 03:06:36,2025-08-28,"Significant"
46,2025-08-28 07:11:36,2025-08-28 03:11:36,2025-08-28,"Significant"
42,2025-08-28 07:16:36,2025-08-28 03:16:36,2025-08-28,"Significant"
44,2025-08-28 07:21:36,2025-08-28 03:21:36,2025-08-28,"Significant"
43,2025-08-28 07:26:36,2025-08-28 03:26:36,2025-08-28,"Significant"
44,2025-08-28 07:31:36,2025-08-28 03:31:36,2025-08-28,"Significant"
47,2025-08-28 07:36:36,2025-08-28 03:36:36,2025-08-28,"Significant"
50,2025-08-28 07:41:36,2025-08-28 03:41:36,2025-08-28,"Significant"
35,2025-08-28 07:46:36,2025-08-28 03:46:36,2025-08-28,"Significant"
37,2025-08-28 07:51:36,2025-08-28 03:51:36,2025-08-28,"Significant"
55,2025-08-28 07:56:36,2025-08-28 03:56:36,2025-08-28,"Significant"
56,2025-08-28 08:01:36,2025-08-28 04:01:36,2025-08-28,"Significant"
47,2025-08-28 08:06:36,2025-08-28 04:06:36,2025-08-28,"Significant"
54,2025-08-28 08:11:36,2025-08-28 04:11:36,2025-08-28,"Significant"
40,2025-08-28 08:16:36,2025-08-28 04:16:36,2025-08-28,"Significant"
40,2025-08-28 08:21:36,2025-08-28 04:21:36,2025-08-28,"Significant"
35,2025-08-28 08:26:36,2025-08-28 04:26:36,2025-08-28,"Significant"
37,2025-08-28 08:31:36,2025-08-28 04:31:36,2025-08-28,"Significant"
33,2025-08-28 08:36:36,2025-08-28 04:36:36,2025-08-28,"Significant"
43,2025-08-28 08:41:36,2025-08-28 04:41:36,2025-08-28,"Significant"
45,2025-08-28 08:46:36,2025-08-28 04:46:36,2025-08-28,"Significant"
46,2025-08-28 08:51:36,2025-08-28 04:51:36,2025-08-28,"Significant"
43,2025-08-28 08:56:36,2025-08-28 04:56:36,2025-08-28,"Significant"
40,2025-08-28 09:01:36,2025-08-28 05:01:36,2025-08-28,"Significant"
41,2025-08-28 09:06:36,2025-08-28 05:06:36,2025-08-28,"Significant"
41,2025-08-28 09:11:36,2025-08-28 05:11:36,2025-08-28,"Significant"
43,2025-08-28 09:16:36,2025-08-28 05:16:36,2025-08-28,"Significant"
38,2025-08-28 09:21:36,2025-08-28 05:21:36,2025-08-28,"Significant"
43,2025-08-28 09:26:36,2025-08-28 05:26:36,2025-08-28,"Significant"
43,2025-08-28 09:31:36,2025-08-28 05:31:36,2025-08-28,"Significant"
34,2025-08-28 09:36:36,2025-08-28 05:36:36,2025-08-28,"Significant"
29,2025-08-28 09:41:36,2025-08-28 05:41:36,2025-08-28,"Significant"
31,2025-08-28 09:46:36,2025-08-28 05:46:36,2025-08-28,"Significant"
45,2025-08-28 09:51:36,2025-08-28 05:51:36,2025-08-28,"Significant"
47,2025-08-28 10:01:36,2025-08-28 06:01:36,2025-08-28,"Significant"
40,2025-08-28 10:06:36,2025-08-28 06:06:36,2025-08-28,"Significant"
34,2025-08-28 10:11:36,2025-08-28 06:11:36,2025-08-28,"Significant"
42,2025-08-28 10:16:36,2025-08-28 06:16:36,2025-08-28,"Significant"
56,2025-08-28 10:21:36,2025-08-28 06:21:36,2025-08-28,"Significant"
46,2025-08-28 10:26:36,2025-08-28 06:26:36,2025-08-28,"Significant"
54,2025-08-28 10:31:36,2025-08-28 06:31:36,2025-08-28,"Significant"
21,2025-08-30 06:18:49,2025-08-30 02:18:49,2025-08-30,"Significant"
23,2025-08-30 06:23:49,2025-08-30 02:23:49,2025-08-30,"Significant"
26,2025-08-30 06:28:49,2025-08-30 02:28:49,2025-08-30,"Significant"
24,2025-08-30 06:33:49,2025-08-30 02:33:49,2025-08-30,"Significant"
23,2025-08-30 06:38:49,2025-08-30 02:38:49,2025-08-30,"Significant"
22,2025-08-30 06:43:49,2025-08-30 02:43:49,2025-08-30,"Significant"
23,2025-08-30 06:48:49,2025-08-30 02:48:49,2025-08-30,"Significant"
22,2025-08-30 06:53:49,2025-08-30 02:53:49,2025-08-30,"Significant"
29,2025-08-30 06:58:49,2025-08-30 02:58:49,2025-08-30,"Significant"
35,2025-08-30 07:03:49,2025-08-30 03:03:49,2025-08-30,"Significant"
35,2025-08-30 07:08:49,2025-08-30 03:08:49,2025-08-30,"Significant"
35,2025-08-30 07:13:49,2025-08-30 03:13:49,2025-08-30,"Significant"
35,2025-08-30 07:18:49,2025-08-30 03:18:49,2025-08-30,"Significant"
40,2025-08-30 07:23:49,2025-08-30 03:23:49,2025-08-30,"Significant"
45,2025-08-30 07:28:49,2025-08-30 03:28:49,2025-08-30,"Significant"
42,2025-08-30 07:33:49,2025-08-30 03:33:49,2025-08-30,"Significant"
34,2025-08-30 07:38:49,2025-08-30 03:38:49,2025-08-30,"Significant"
37,2025-08-30 07:43:49,2025-08-30 03:43:49,2025-08-30,"Significant"
34,2025-08-30 07:48:49,2025-08-30 03:48:49,2025-08-30,"Significant"
29,2025-08-30 07:53:49,2025-08-30 03:53:49,2025-08-30,"Significant"
33,2025-08-30 07:58:49,2025-08-30 03:58:49,2025-08-30,"Significant"
32,2025-08-30 08:03:49,2025-08-30 04:03:49,2025-08-30,"Significant"
46,2025-08-30 08:08:49,2025-08-30 04:08:49,2025-08-30,"Significant"
33,2025-08-30 08:13:49,2025-08-30 04:13:49,2025-08-30,"Significant"
33,2025-08-30 08:18:49,2025-08-30 04:18:49,2025-08-30,"Significant"
22,2025-08-30 08:23:49,2025-08-30 04:23:49,2025-08-30,"Significant"
21,2025-08-30 08:28:49,2025-08-30 04:28:49,2025-08-30,"Significant"
23,2025-08-30 08:33:49,2025-08-30 04:33:49,2025-08-30,"Significant"
38,2025-08-30 08:38:49,2025-08-30 04:38:49,2025-08-30,"Significant"
27,2025-08-30 08:43:49,2025-08-30 04:43:49,2025-08-30,"Significant"
29,2025-08-30 08:48:49,2025-08-30 04:48:49,2025-08-30,"Significant"
34,2025-08-30 08:53:49,2025-08-30 04:53:49,2025-08-30,"Significant"
45,2025-08-30 08:58:49,2025-08-30 04:58:49,2025-08-30,"Significant"
32,2025-08-30 09:03:49,2025-08-30 05:03:49,2025-08-30,"Significant"
28,2025-08-30 09:08:49,2025-08-30 05:08:49,2025-08-30,"Significant"
24,2025-08-30 09:13:49,2025-08-30 05:13:49,2025-08-30,"Significant"
22,2025-08-30 09:18:49,2025-08-30 05:18:49,2025-08-30,"Significant"
23,2025-08-30 09:23:49,2025-08-30 05:23:49,2025-08-30,"Significant"
24,2025-08-30 09:28:49,2025-08-30 05:28:49,2025-08-30,"Significant"
38,2025-08-30 09:33:49,2025-08-30 05:33:49,2025-08-30,"Significant"
34,2025-08-30 09:38:49,2025-08-30 05:38:49,2025-08-30,"Significant"
42,2025-08-30 09:43:49,2025-08-30 05:43:49,2025-08-30,"Significant"
39,2025-08-30 09:48:49,2025-08-30 05:48:49,2025-08-30,"Significant"
41,2025-08-30 09:53:49,2025-08-30 05:53:49,2025-08-30,"Significant"
36,2025-08-30 09:58:49,2025-08-30 05:58:49,2025-08-30,"Significant"
36,2025-08-30 10:03:49,2025-08-30 06:03:49,2025-08-30,"Significant"
45,2025-08-30 10:08:49,2025-08-30 06:08:49,2025-08-30,"Significant"
39,2025-08-30 10:13:49,2025-08-30 06:13:49,2025-08-30,"Significant"
28,2025-08-30 10:18:49,2025-08-30 06:18:49,2025-08-30,"Significant"
32,2025-08-30 10:23:49,2025-08-30 06:23:49,2025-08-30,"Significant"
20,2025-08-30 10:28:49,2025-08-30 06:28:49,2025-08-30,"Significant"
20,2025-08-30 10:33:49,2025-08-30 06:33:49,2025-08-30,"Significant"
20,2025-08-30 10:38:49,2025-08-30 06:38:49,2025-08-30,"Significant"
21,2025-08-30 10:43:49,2025-08-30 06:43:49,2025-08-30,"Significant"
23,2025-08-30 10:48:49,2025-08-30 06:48:49,2025-08-30,"Significant"
19,2025-08-30 10:53:49,2025-08-30 06:53:49,2025-08-30,"Significant"
22,2025-08-30 10:58:49,2025-08-30 06:58:49,2025-08-30,"Significant"
28,2025-08-30 11:03:49,2025-08-30 07:03:49,2025-08-30,"Significant"
28,2025-08-30 11:08:49,2025-08-30 07:08:49,2025-08-30,"Significant"
27,2025-08-30 11:13:49,2025-08-30 07:13:49,2025-08-30,"Significant"
30,2025-08-30 11:18:49,2025-08-30 07:18:49,2025-08-30,"Significant"
32,2025-08-30 11:23:49,2025-08-30 07:23:49,2025-08-30,"Significant"
31,2025-08-30 11:28:49,2025-08-30 07:28:49,2025-08-30,"Significant"
36,2025-08-30 11:33:49,2025-08-30 07:33:49,2025-08-30,"Significant"
27,2025-08-30 11:38:49,2025-08-30 07:38:49,2025-08-30,"Significant"
25,2025-08-30 11:43:49,2025-08-30 07:43:49,2025-08-30,"Significant"
22,2025-08-30 11:48:49,2025-08-30 07:48:49,2025-08-30,"Significant"
23,2025-08-30 11:53:49,2025-08-30 07:53:49,2025-08-30,"Significant"
29,2025-08-30 11:58:49,2025-08-30 07:58:49,2025-08-30,"Significant"
28,2025-08-30 12:03:49,2025-08-30 08:03:49,2025-08-30,"Significant"
24,2025-08-30 12:08:49,2025-08-30 08:08:49,2025-08-30,"Significant"
23,2025-08-30 12:13:49,2025-08-30 08:13:49,2025-08-30,"Significant"
23,2025-08-30 12:18:49,2025-08-30 08:18:49,2025-08-30,"Significant"
23,2025-08-30 12:23:49,2025-08-30 08:23:49,2025-08-30,"Significant"
21,2025-08-30 12:28:49,2025-08-30 08:28:49,2025-08-30,"Significant"
24,2025-08-30 12:33:49,2025-08-30 08:33:49,2025-08-30,"Significant"
26,2025-08-30 12:38:49,2025-08-30 08:38:49,2025-08-30,"Significant"
33,2025-08-30 12:43:49,2025-08-30 08:43:49,2025-08-30,"Significant"
33,2025-08-30 12:48:49,2025-08-30 08:48:49,2025-08-30,"Significant"
23,2025-08-30 12:53:49,2025-08-30 08:53:49,2025-08-30,"Significant"
25,2025-08-30 12:58:49,2025-08-30 08:58:49,2025-08-30,"Significant"
28,2025-08-30 13:03:49,2025-08-30 09:03:49,2025-08-30,"Significant"
31,2025-08-31 05:23:49,2025-08-31 01:23:49,2025-08-31,"Significant"
27,2025-08-31 05:28:49,2025-08-31 01:28:49,2025-08-31,"Significant"
26,2025-08-31 05:33:49,2025-08-31 01:33:49,2025-08-31,"Significant"
27,2025-08-31 05:38:49,2025-08-31 01:38:49,2025-08-31,"Significant"
25,2025-08-31 05:43:49,2025-08-31 01:43:49,2025-08-31,"Significant"
22,2025-08-31 05:48:49,2025-08-31 01:48:49,2025-08-31,"Significant"
21,2025-08-31 05:53:49,2025-08-31 01:53:49,2025-08-31,"Significant"
20,2025-08-31 05:58:49,2025-08-31 01:58:49,2025-08-31,"Significant"
21,2025-08-31 06:03:49,2025-08-31 02:03:49,2025-08-31,"Significant"
37,2025-08-31 06:08:49,2025-08-31 02:08:49,2025-08-31,"Significant"
35,2025-08-31 06:13:49,2025-08-31 02:13:49,2025-08-31,"Significant"
35,2025-08-31 06:18:49,2025-08-31 02:18:49,2025-08-31,"Significant"
38,2025-08-31 06:23:49,2025-08-31 02:23:49,2025-08-31,"Significant"
37,2025-08-31 06:28:49,2025-08-31 02:28:49,2025-08-31,"Significant"
36,2025-08-31 06:33:49,2025-08-31 02:33:49,2025-08-31,"Significant"
29,2025-08-31 06:38:49,2025-08-31 02:38:49,2025-08-31,"Significant"
29,2025-08-31 06:43:49,2025-08-31 02:43:49,2025-08-31,"Significant"
26,2025-08-31 06:48:49,2025-08-31 02:48:49,2025-08-31,"Significant"
34,2025-08-31 06:53:49,2025-08-31 02:53:49,2025-08-31,"Significant"
26,2025-08-31 06:58:49,2025-08-31 02:58:49,2025-08-31,"Significant"
29,2025-08-31 07:03:49,2025-08-31 03:03:49,2025-08-31,"Significant"
23,2025-08-31 07:08:49,2025-08-31 03:08:49,2025-08-31,"Significant"
28,2025-08-31 07:13:49,2025-08-31 03:13:49,2025-08-31,"Significant"
25,2025-08-31 07:18:49,2025-08-31 03:18:49,2025-08-31,"Significant"
31,2025-08-31 07:23:49,2025-08-31 03:23:49,2025-08-31,"Significant"
26,2025-08-31 07:28:49,2025-08-31 03:28:49,2025-08-31,"Significant"
40,2025-08-31 07:33:49,2025-08-31 03:33:49,2025-08-31,"Significant"
35,2025-08-31 07:38:49,2025-08-31 03:38:49,2025-08-31,"Significant"
38,2025-08-31 07:43:49,2025-08-31 03:43:49,2025-08-31,"Significant"
34,2025-08-31 07:48:49,2025-08-31 03:48:49,2025-08-31,"Significant"
31,2025-08-31 07:53:49,2025-08-31 03:53:49,2025-08-31,"Significant"
26,2025-08-31 07:58:49,2025-08-31 03:58:49,2025-08-31,"Significant"
24,2025-08-31 08:03:49,2025-08-31 04:03:49,2025-08-31,"Significant"
22,2025-08-31 08:08:49,2025-08-31 04:08:49,2025-08-31,"Significant"
27,2025-08-31 08:13:49,2025-08-31 04:13:49,2025-08-31,"Significant"
26,2025-08-31 08:18:49,2025-08-31 04:18:49,2025-08-31,"Significant"
24,2025-08-31 08:23:49,2025-08-31 04:23:49,2025-08-31,"Significant"
25,2025-08-31 08:28:49,2025-08-31 04:28:49,2025-08-31,"Significant"
25,2025-08-31 08:33:49,2025-08-31 04:33:49,2025-08-31,"Significant"
25,2025-08-31 08:38:49,2025-08-31 04:38:49,2025-08-31,"Significant"
26,2025-08-31 08:43:49,2025-08-31 04:43:49,2025-08-31,"Significant"
38,2025-08-31 08:48:49,2025-08-31 04:48:49,2025-08-31,"Significant"
35,2025-08-31 08:53:49,2025-08-31 04:53:49,2025-08-31,"Significant"
31,2025-08-31 08:58:49,2025-08-31 04:58:49,2025-08-31,"Significant"
35,2025-08-31 09:03:49,2025-08-31 05:03:49,2025-08-31,"Significant"
42,2025-08-31 09:08:49,2025-08-31 05:08:49,2025-08-31,"Significant"
38,2025-08-31 09:13:49,2025-08-31 05:13:49,2025-08-31,"Significant"
42,2025-08-31 09:18:49,2025-08-31 05:18:49,2025-08-31,"Significant"
36,2025-08-31 09:23:49,2025-08-31 05:23:49,2025-08-31,"Significant"
32,2025-08-31 09:28:49,2025-08-31 05:28:49,2025-08-31,"Significant"
34,2025-08-31 09:33:49,2025-08-31 05:33:49,2025-08-31,"Significant"
36,2025-08-31 09:38:49,2025-08-31 05:38:49,2025-08-31,"Significant"
42,2025-09-01 04:47:44,2025-09-01 00:47:44,2025-09-01,"Significant"
43,2025-09-01 04:52:44,2025-09-01 00:52:44,2025-09-01,"Significant"
35,2025-09-01 04:57:44,2025-09-01 00:57:44,2025-09-01,"Significant"
33,2025-09-01 05:02:44,2025-09-01 01:02:44,2025-09-01,"Significant"
32,2025-09-01 05:07:44,2025-09-01 01:07:44,2025-09-01,"Significant"
30,2025-09-01 05:12:44,2025-09-01 01:12:44,2025-09-01,"Significant"
29,2025-09-01 05:17:44,2025-09-01 01:17:44,2025-09-01,"Significant"
31,2025-09-01 05:22:44,2025-09-01 01:22:44,2025-09-01,"Significant"
34,2025-09-01 05:27:44,2025-09-01 01:27:44,2025-09-01,"Significant"
28,2025-09-01 05:32:44,2025-09-01 01:32:44,2025-09-01,"Significant"
28,2025-09-01 05:37:44,2025-09-01 01:37:44,2025-09-01,"Significant"
41,2025-09-01 05:42:44,2025-09-01 01:42:44,2025-09-01,"Significant"
46,2025-09-01 05:47:44,2025-09-01 01:47:44,2025-09-01,"Significant"
31,2025-09-01 05:52:44,2025-09-01 01:52:44,2025-09-01,"Significant"
35,2025-09-01 05:57:44,2025-09-01 01:57:44,2025-09-01,"Significant"
41,2025-09-01 06:02:44,2025-09-01 02:02:44,2025-09-01,"Significant"
40,2025-09-01 06:07:44,2025-09-01 02:07:44,2025-09-01,"Significant"
27,2025-09-01 06:12:44,2025-09-01 02:12:44,2025-09-01,"Significant"
25,2025-09-01 06:17:44,2025-09-01 02:17:44,2025-09-01,"Significant"
23,2025-09-01 06:22:44,2025-09-01 02:22:44,2025-09-01,"Significant"
28,2025-09-01 06:27:44,2025-09-01 02:27:44,2025-09-01,"Significant"
28,2025-09-01 06:32:44,2025-09-01 02:32:44,2025-09-01,"Significant"
34,2025-09-01 06:37:44,2025-09-01 02:37:44,2025-09-01,"Significant"
37,2025-09-01 06:42:44,2025-09-01 02:42:44,2025-09-01,"Significant"
32,2025-09-01 06:47:44,2025-09-01 02:47:44,2025-09-01,"Significant"
25,2025-09-01 06:52:44,2025-09-01 02:52:44,2025-09-01,"Significant"
24,2025-09-01 06:57:44,2025-09-01 02:57:44,2025-09-01,"Significant"
24,2025-09-01 07:02:44,2025-09-01 03:02:44,2025-09-01,"Significant"
23,2025-09-01 07:07:44,2025-09-01 03:07:44,2025-09-01,"Significant"
24,2025-09-01 07:12:44,2025-09-01 03:12:44,2025-09-01,"Significant"
28,2025-09-01 07:17:44,2025-09-01 03:17:44,2025-09-01,"Significant"
35,2025-09-01 07:22:44,2025-09-01 03:22:44,2025-09-01,"Significant"
37,2025-09-01 07:27:44,2025-09-01 03:27:44,2025-09-01,"Significant"
34,2025-09-01 07:32:44,2025-09-01 03:32:44,2025-09-01,"Significant"
39,2025-09-01 07:37:44,2025-09-01 03:37:44,2025-09-01,"Significant"
38,2025-09-01 07:42:44,2025-09-01 03:42:44,2025-09-01,"Significant"
35,2025-09-01 07:47:44,2025-09-01 03:47:44,2025-09-01,"Significant"
39,2025-09-01 07:52:44,2025-09-01 03:52:44,2025-09-01,"Significant"
36,2025-09-01 07:57:44,2025-09-01 03:57:44,2025-09-01,"Significant"
35,2025-09-01 08:02:44,2025-09-01 04:02:44,2025-09-01,"Significant"
23,2025-09-01 08:07:44,2025-09-01 04:07:44,2025-09-01,"Significant"
30,2025-09-01 08:12:44,2025-09-01 04:12:44,2025-09-01,"Significant"
35,2025-09-01 08:17:44,2025-09-01 04:17:44,2025-09-01,"Significant"
38,2025-09-01 08:22:44,2025-09-01 04:22:44,2025-09-01,"Significant"
34,2025-09-01 08:27:44,2025-09-01 04:27:44,2025-09-01,"Significant"
37,2025-09-01 08:32:44,2025-09-01 04:32:44,2025-09-01,"Significant"
36,2025-09-01 08:37:44,2025-09-01 04:37:44,2025-09-01,"Significant"
35,2025-09-01 08:42:44,2025-09-01 04:42:44,2025-09-01,"Significant"
33,2025-09-01 08:47:44,2025-09-01 04:47:44,2025-09-01,"Significant"
36,2025-09-01 08:52:44,2025-09-01 04:52:44,2025-09-01,"Significant"
35,2025-09-01 08:57:44,2025-09-01 04:57:44,2025-09-01,"Significant"
37,2025-09-01 09:02:44,2025-09-01 05:02:44,2025-09-01,"Significant"
36,2025-09-01 09:07:44,2025-09-01 05:07:44,2025-09-01,"Significant"
40,2025-09-01 09:12:44,2025-09-01 05:12:44,2025-09-01,"Significant"
37,2025-09-01 09:17:44,2025-09-01 05:17:44,2025-09-01,"Significant"
44,2025-09-01 09:22:44,2025-09-01 05:22:44,2025-09-01,"Significant"
39,2025-09-01 09:27:44,2025-09-01 05:27:44,2025-09-01,"Significant"
45,2025-09-01 09:32:44,2025-09-01 05:32:44,2025-09-01,"Significant"
42,2025-09-01 09:37:44,2025-09-01 05:37:44,2025-09-01,"Significant"
27,2025-09-01 09:42:44,2025-09-01 05:42:44,2025-09-01,"Significant"
24,2025-09-01 09:47:44,2025-09-01 05:47:44,2025-09-01,"Significant"
28,2025-09-01 09:52:44,2025-09-01 05:52:44,2025-09-01,"Significant"
27,2025-09-01 09:57:44,2025-09-01 05:57:44,2025-09-01,"Significant"
25,2025-09-01 10:02:44,2025-09-01 06:02:44,2025-09-01,"Significant"
29,2025-09-01 10:07:44,2025-09-01 06:07:44,2025-09-01,"Significant"
32,2025-09-01 10:12:44,2025-09-01 06:12:44,2025-09-01,"Significant"
24,2025-09-01 10:17:44,2025-09-01 06:17:44,2025-09-01,"Significant"
36,2025-09-01 10:22:44,2025-09-01 06:22:44,2025-09-01,"Significant"
31,2025-09-01 10:27:44,2025-09-01 06:27:44,2025-09-01,"Significant"
26,2025-09-01 10:32:44,2025-09-01 06:32:44,2025-09-01,"Significant"
37,2025-09-01 10:37:44,2025-09-01 06:37:44,2025-09-01,"Significant"
30,2025-09-01 10:42:44,2025-09-01 06:42:44,2025-09-01,"Significant"
38,2025-09-01 10:47:44,2025-09-01 06:47:44,2025-09-01,"Significant"
40,2025-09-01 10:52:44,2025-09-01 06:52:44,2025-09-01,"Significant"
40,2025-09-01 10:57:44,2025-09-01 06:57:44,2025-09-01,"Significant"
43,2025-09-01 11:02:44,2025-09-01 07:02:44,2025-09-01,"Significant"
40,2025-09-01 11:07:44,2025-09-01 07:07:44,2025-09-01,"Significant"
43,2025-09-01 11:12:44,2025-09-01 07:12:44,2025-09-01,"Significant"
42,2025-09-01 11:17:44,2025-09-01 07:17:44,2025-09-01,"Significant"
37,2025-09-01 11:22:44,2025-09-01 07:22:44,2025-09-01,"Significant"
38,2025-09-01 11:27:44,2025-09-01 07:27:44,2025-09-01,"Significant"
33,2025-09-01 11:32:44,2025-09-01 07:32:44,2025-09-01,"Significant"
37,2025-09-01 11:37:44,2025-09-01 07:37:44,2025-09-01,"Significant"
36,2025-09-01 11:42:44,2025-09-01 07:42:44,2025-09-01,"Significant"
44,2025-09-01 11:47:44,2025-09-01 07:47:44,2025-09-01,"Significant"
40,2025-09-01 11:52:44,2025-09-01 07:52:44,2025-09-01,"Significant"
37,2025-09-01 11:57:44,2025-09-01 07:57:44,2025-09-01,"Significant"
33,2025-09-01 12:02:44,2025-09-01 08:02:44,2025-09-01,"Significant"
26,2025-09-01 12:07:44,2025-09-01 08:07:44,2025-09-01,"Significant"
31,2025-09-01 12:12:44,2025-09-01 08:12:44,2025-09-01,"Significant"
45,2025-09-01 12:17:44,2025-09-01 08:17:44,2025-09-01,"Significant"
28,2025-09-02 01:42:45,2025-09-01 21:42:45,2025-09-02,"Significant"
42,2025-09-02 01:47:45,2025-09-01 21:47:45,2025-09-02,"Significant"
44,2025-09-02 01:52:45,2025-09-01 21:52:45,2025-09-02,"Significant"
43,2025-09-02 01:57:45,2025-09-01 21:57:45,2025-09-02,"Significant"
45,2025-09-02 02:02:45,2025-09-01 22:02:45,2025-09-02,"Significant"
34,2025-09-02 02:07:45,2025-09-01 22:07:45,2025-09-02,"Significant"
37,2025-09-02 02:12:45,2025-09-01 22:12:45,2025-09-02,"Significant"
40,2025-09-02 02:17:45,2025-09-01 22:17:45,2025-09-02,"Significant"
42,2025-09-02 02:22:45,2025-09-01 22:22:45,2025-09-02,"Significant"
50,2025-09-02 02:27:45,2025-09-01 22:27:45,2025-09-02,"Significant"
61,2025-09-02 02:32:45,2025-09-01 22:32:45,2025-09-02,"Significant"
59,2025-09-02 02:37:45,2025-09-01 22:37:45,2025-09-02,"Significant"
26,2025-09-02 02:42:45,2025-09-01 22:42:45,2025-09-02,"Significant"
36,2025-09-02 02:47:45,2025-09-01 22:47:45,2025-09-02,"Significant"
33,2025-09-02 02:52:45,2025-09-01 22:52:45,2025-09-02,"Significant"
41,2025-09-02 02:57:45,2025-09-01 22:57:45,2025-09-02,"Significant"
27,2025-09-02 03:02:45,2025-09-01 23:02:45,2025-09-02,"Significant"
30,2025-09-02 03:07:45,2025-09-01 23:07:45,2025-09-02,"Significant"
37,2025-09-02 03:12:45,2025-09-01 23:12:45,2025-09-02,"Significant"
43,2025-09-02 03:17:45,2025-09-01 23:17:45,2025-09-02,"Significant"
39,2025-09-02 03:22:45,2025-09-01 23:22:45,2025-09-02,"Significant"
34,2025-09-02 03:27:45,2025-09-01 23:27:45,2025-09-02,"Significant"
25,2025-09-02 03:32:45,2025-09-01 23:32:45,2025-09-02,"Significant"
24,2025-09-02 03:37:45,2025-09-01 23:37:45,2025-09-02,"Significant"
22,2025-09-02 03:42:45,2025-09-01 23:42:45,2025-09-02,"Significant"
21,2025-09-02 03:47:45,2025-09-01 23:47:45,2025-09-02,"Significant"
21,2025-09-02 03:52:45,2025-09-01 23:52:45,2025-09-02,"Significant"
29,2025-09-02 03:57:45,2025-09-01 23:57:45,2025-09-02,"Significant"
21,2025-09-02 04:02:45,2025-09-02 00:02:45,2025-09-02,"Significant"
22,2025-09-02 04:07:45,2025-09-02 00:07:45,2025-09-02,"Significant"
28,2025-09-02 04:12:45,2025-09-02 00:12:45,2025-09-02,"Significant"
42,2025-09-02 04:17:45,2025-09-02 00:17:45,2025-09-02,"Significant"
36,2025-09-02 04:22:45,2025-09-02 00:22:45,2025-09-02,"Significant"
44,2025-09-02 04:27:45,2025-09-02 00:27:45,2025-09-02,"Significant"
39,2025-09-02 04:32:45,2025-09-02 00:32:45,2025-09-02,"Significant"
37,2025-09-02 04:37:45,2025-09-02 00:37:45,2025-09-02,"Significant"
31,2025-09-02 04:42:45,2025-09-02 00:42:45,2025-09-02,"Significant"
31,2025-09-02 04:47:45,2025-09-02 00:47:45,2025-09-02,"Significant"
30,2025-09-02 04:52:45,2025-09-02 00:52:45,2025-09-02,"Significant"
30,2025-09-02 04:57:45,2025-09-02 00:57:45,2025-09-02,"Significant"
31,2025-09-02 05:02:45,2025-09-02 01:02:45,2025-09-02,"Significant"
34,2025-09-02 05:07:45,2025-09-02 01:07:45,2025-09-02,"Significant"
42,2025-09-02 05:12:45,2025-09-02 01:12:45,2025-09-02,"Significant"
45,2025-09-02 05:17:45,2025-09-02 01:17:45,2025-09-02,"Significant"
34,2025-09-02 05:22:45,2025-09-02 01:22:45,2025-09-02,"Significant"
25,2025-09-02 05:27:45,2025-09-02 01:27:45,2025-09-02,"Significant"
24,2025-09-02 05:32:45,2025-09-02 01:32:45,2025-09-02,"Significant"
23,2025-09-02 05:37:45,2025-09-02 01:37:45,2025-09-02,"Significant"
20,2025-09-02 05:42:45,2025-09-02 01:42:45,2025-09-02,"Significant"
21,2025-09-02 05:47:45,2025-09-02 01:47:45,2025-09-02,"Significant"
21,2025-09-02 05:52:45,2025-09-02 01:52:45,2025-09-02,"Significant"
21,2025-09-02 05:57:45,2025-09-02 01:57:45,2025-09-02,"Significant"
24,2025-09-02 06:02:45,2025-09-02 02:02:45,2025-09-02,"Significant"
30,2025-09-02 06:07:45,2025-09-02 02:07:45,2025-09-02,"Significant"
25,2025-09-02 06:12:45,2025-09-02 02:12:45,2025-09-02,"Significant"
25,2025-09-02 06:17:45,2025-09-02 02:17:45,2025-09-02,"Significant"
26,2025-09-02 06:22:45,2025-09-02 02:22:45,2025-09-02,"Significant"
24,2025-09-02 06:27:45,2025-09-02 02:27:45,2025-09-02,"Significant"
23,2025-09-02 06:32:45,2025-09-02 02:32:45,2025-09-02,"Significant"
30,2025-09-02 06:37:45,2025-09-02 02:37:45,2025-09-02,"Significant"
30,2025-09-02 06:42:45,2025-09-02 02:42:45,2025-09-02,"Significant"
30,2025-09-02 06:47:45,2025-09-02 02:47:45,2025-09-02,"Significant"
35,2025-09-02 06:52:45,2025-09-02 02:52:45,2025-09-02,"Significant"
37,2025-09-02 06:57:45,2025-09-02 02:57:45,2025-09-02,"Significant"
31,2025-09-02 07:02:45,2025-09-02 03:02:45,2025-09-02,"Significant"
26,2025-09-02 07:07:45,2025-09-02 03:07:45,2025-09-02,"Significant"
28,2025-09-02 07:12:45,2025-09-02 03:12:45,2025-09-02,"Significant"
30,2025-09-02 07:17:45,2025-09-02 03:17:45,2025-09-02,"Significant"
27,2025-09-02 07:22:45,2025-09-02 03:22:45,2025-09-02,"Significant"
27,2025-09-02 07:27:45,2025-09-02 03:27:45,2025-09-02,"Significant"
19,2025-09-03 02:12:44,2025-09-02 22:12:44,2025-09-03,"Significant"
25,2025-09-03 02:17:44,2025-09-02 22:17:44,2025-09-03,"Significant"
22,2025-09-03 02:22:44,2025-09-02 22:22:44,2025-09-03,"Significant"
20,2025-09-03 02:27:44,2025-09-02 22:27:44,2025-09-03,"Significant"
26,2025-09-03 02:32:44,2025-09-02 22:32:44,2025-09-03,"Significant"
22,2025-09-03 02:37:44,2025-09-02 22:37:44,2025-09-03,"Significant"
20,2025-09-03 02:42:44,2025-09-02 22:42:44,2025-09-03,"Significant"
21,2025-09-03 02:47:44,2025-09-02 22:47:44,2025-09-03,"Significant"
22,2025-09-03 02:52:44,2025-09-02 22:52:44,2025-09-03,"Significant"
19,2025-09-03 02:57:44,2025-09-02 22:57:44,2025-09-03,"Significant"
26,2025-09-03 03:02:44,2025-09-02 23:02:44,2025-09-03,"Significant"
27,2025-09-03 03:07:44,2025-09-02 23:07:44,2025-09-03,"Significant"
24,2025-09-03 03:12:44,2025-09-02 23:12:44,2025-09-03,"Significant"
21,2025-09-03 03:17:44,2025-09-02 23:17:44,2025-09-03,"Significant"
21,2025-09-03 03:22:44,2025-09-02 23:22:44,2025-09-03,"Significant"
39,2025-09-03 03:27:44,2025-09-02 23:27:44,2025-09-03,"Significant"
33,2025-09-03 03:32:44,2025-09-02 23:32:44,2025-09-03,"Significant"
30,2025-09-03 03:37:44,2025-09-02 23:37:44,2025-09-03,"Significant"
31,2025-09-03 03:42:44,2025-09-02 23:42:44,2025-09-03,"Significant"
26,2025-09-03 03:47:44,2025-09-02 23:47:44,2025-09-03,"Significant"
20,2025-09-03 03:52:44,2025-09-02 23:52:44,2025-09-03,"Significant"
26,2025-09-03 03:57:44,2025-09-02 23:57:44,2025-09-03,"Significant"
21,2025-09-03 04:02:44,2025-09-03 00:02:44,2025-09-03,"Significant"
20,2025-09-03 04:07:44,2025-09-03 00:07:44,2025-09-03,"Significant"
23,2025-09-03 04:12:44,2025-09-03 00:12:44,2025-09-03,"Significant"
22,2025-09-03 04:17:44,2025-09-03 00:17:44,2025-09-03,"Significant"
23,2025-09-03 04:22:44,2025-09-03 00:22:44,2025-09-03,"Significant"
26,2025-09-03 04:27:44,2025-09-03 00:27:44,2025-09-03,"Significant"
20,2025-09-03 04:32:44,2025-09-03 00:32:44,2025-09-03,"Significant"
16,2025-09-03 04:37:44,2025-09-03 00:37:44,2025-09-03,"Significant"
30,2025-09-03 04:42:44,2025-09-03 00:42:44,2025-09-03,"Significant"
26,2025-09-03 04:47:44,2025-09-03 00:47:44,2025-09-03,"Significant"
26,2025-09-03 04:52:44,2025-09-03 00:52:44,2025-09-03,"Significant"
22,2025-09-03 04:57:44,2025-09-03 00:57:44,2025-09-03,"Significant"
29,2025-09-03 05:02:44,2025-09-03 01:02:44,2025-09-03,"Significant"
26,2025-09-03 05:07:44,2025-09-03 01:07:44,2025-09-03,"Significant"
29,2025-09-03 05:12:44,2025-09-03 01:12:44,2025-09-03,"Significant"
29,2025-09-03 05:17:44,2025-09-03 01:17:44,2025-09-03,"Significant"
34,2025-09-03 05:22:44,2025-09-03 01:22:44,2025-09-03,"Significant"
30,2025-09-03 05:27:44,2025-09-03 01:27:44,2025-09-03,"Significant"
30,2025-09-03 05:32:44,2025-09-03 01:32:44,2025-09-03,"Significant"
33,2025-09-03 05:37:44,2025-09-03 01:37:44,2025-09-03,"Significant"
30,2025-09-03 05:42:44,2025-09-03 01:42:44,2025-09-03,"Significant"
28,2025-09-03 05:47:44,2025-09-03 01:47:44,2025-09-03,"Significant"
30,2025-09-03 05:52:44,2025-09-03 01:52:44,2025-09-03,"Significant"
28,2025-09-03 05:57:44,2025-09-03 01:57:44,2025-09-03,"Significant"
30,2025-09-03 06:02:44,2025-09-03 02:02:44,2025-09-03,"Significant"
25,2025-09-03 06:07:44,2025-09-03 02:07:44,2025-09-03,"Significant"
20,2025-09-03 06:12:44,2025-09-03 02:12:44,2025-09-03,"Significant"
26,2025-09-03 06:17:44,2025-09-03 02:17:44,2025-09-03,"Significant"
26,2025-09-03 06:22:44,2025-09-03 02:22:44,2025-09-03,"Significant"
23,2025-09-03 06:27:44,2025-09-03 02:27:44,2025-09-03,"Significant"
31,2025-09-03 06:32:44,2025-09-03 02:32:44,2025-09-03,"Significant"
28,2025-09-03 06:37:44,2025-09-03 02:37:44,2025-09-03,"Significant"
23,2025-09-03 06:42:44,2025-09-03 02:42:44,2025-09-03,"Significant"
29,2025-09-03 06:47:44,2025-09-03 02:47:44,2025-09-03,"Significant"
31,2025-09-03 06:52:44,2025-09-03 02:52:44,2025-09-03,"Significant"
30,2025-09-03 06:57:44,2025-09-03 02:57:44,2025-09-03,"Significant"
23,2025-09-03 07:02:44,2025-09-03 03:02:44,2025-09-03,"Significant"
29,2025-09-03 07:07:44,2025-09-03 03:07:44,2025-09-03,"Significant"
21,2025-09-03 07:12:44,2025-09-03 03:12:44,2025-09-03,"Significant"
21,2025-09-03 07:17:44,2025-09-03 03:17:44,2025-09-03,"Significant"
21,2025-09-03 07:22:44,2025-09-03 03:22:44,2025-09-03,"Significant"
21,2025-09-03 07:27:44,2025-09-03 03:27:44,2025-09-03,"Significant"
22,2025-09-03 07:32:44,2025-09-03 03:32:44,2025-09-03,"Significant"
22,2025-09-03 07:37:44,2025-09-03 03:37:44,2025-09-03,"Significant"
22,2025-09-03 07:42:44,2025-09-03 03:42:44,2025-09-03,"Significant"
27,2025-09-03 07:47:44,2025-09-03 03:47:44,2025-09-03,"Significant"
40,2025-09-03 07:52:44,2025-09-03 03:52:44,2025-09-03,"Significant"
39,2025-09-03 07:57:44,2025-09-03 03:57:44,2025-09-03,"Significant"
37,2025-09-03 08:02:44,2025-09-03 04:02:44,2025-09-03,"Significant"
35,2025-09-03 08:07:44,2025-09-03 04:07:44,2025-09-03,"Significant"
34,2025-09-03 08:12:44,2025-09-03 04:12:44,2025-09-03,"Significant"
37,2025-09-03 08:17:44,2025-09-03 04:17:44,2025-09-03,"Significant"
42,2025-09-03 08:22:44,2025-09-03 04:22:44,2025-09-03,"Significant"
32,2025-09-03 08:27:44,2025-09-03 04:27:44,2025-09-03,"Significant"
36,2025-09-03 08:32:44,2025-09-03 04:32:44,2025-09-03,"Significant"
41,2025-09-03 08:37:44,2025-09-03 04:37:44,2025-09-03,"Significant"
35,2025-09-03 08:42:44,2025-09-03 04:42:44,2025-09-03,"Significant"
43,2025-09-03 08:47:44,2025-09-03 04:47:44,2025-09-03,"Significant"
34,2025-09-03 08:52:44,2025-09-03 04:52:44,2025-09-03,"Significant"
34,2025-09-03 08:57:44,2025-09-03 04:57:44,2025-09-03,"Significant"
29,2025-09-03 09:02:44,2025-09-03 05:02:44,2025-09-03,"Significant"
27,2025-09-03 09:07:44,2025-09-03 05:07:44,2025-09-03,"Significant"
28,2025-09-03 09:12:44,2025-09-03 05:12:44,2025-09-03,"Significant"
27,2025-09-03 09:17:44,2025-09-03 05:17:44,2025-09-03,"Significant"
26,2025-09-03 09:22:44,2025-09-03 05:22:44,2025-09-03,"Significant"
24,2025-09-03 09:27:44,2025-09-03 05:27:44,2025-09-03,"Significant"
24,2025-09-03 09:32:44,2025-09-03 05:32:44,2025-09-03,"Significant"
22,2025-09-03 09:37:44,2025-09-03 05:37:44,2025-09-03,"Significant"
28,2025-09-03 09:42:44,2025-09-03 05:42:44,2025-09-03,"Significant"
35,2025-09-03 09:47:44,2025-09-03 05:47:44,2025-09-03,"Significant"
36,2025-09-03 09:52:44,2025-09-03 05:52:44,2025-09-03,"Significant"
38,2025-09-03 09:57:44,2025-09-03 05:57:44,2025-09-03,"Significant"
28,2025-09-03 10:02:44,2025-09-03 06:02:44,2025-09-03,"Significant"
35,2025-09-03 10:07:44,2025-09-03 06:07:44,2025-09-03,"Significant"
35,2025-09-03 10:12:44,2025-09-03 06:12:44,2025-09-03,"Significant"
40,2025-09-03 10:17:44,2025-09-03 06:17:44,2025-09-03,"Significant"
38,2025-09-03 10:22:44,2025-09-03 06:22:44,2025-09-03,"Significant"
38,2025-09-03 10:27:44,2025-09-03 06:27:44,2025-09-03,"Significant"
38,2025-09-03 10:32:44,2025-09-03 06:32:44,2025-09-03,"Significant"
33,2025-09-03 10:37:44,2025-09-03 06:37:44,2025-09-03,"Significant"
29,2025-09-03 10:42:44,2025-09-03 06:42:44,2025-09-03,"Significant"
29,2025-09-03 10:47:44,2025-09-03 06:47:44,2025-09-03,"Significant"
41,2025-09-03 10:52:44,2025-09-03 06:52:44,2025-09-03,"Significant"
35,2025-09-03 10:57:44,2025-09-03 06:57:44,2025-09-03,"Significant"
38,2025-09-03 11:02:44,2025-09-03 07:02:44,2025-09-03,"Significant"
38,2025-09-03 11:07:44,2025-09-03 07:07:44,2025-09-03,"Significant"
40,2025-09-03 11:12:44,2025-09-03 07:12:44,2025-09-03,"Significant"
38,2025-09-03 11:17:44,2025-09-03 07:17:44,2025-09-03,"Significant"
33,2025-09-03 11:22:44,2025-09-03 07:22:44,2025-09-03,"Significant"
41,2025-09-03 11:27:44,2025-09-03 07:27:44,2025-09-03,"Significant"
26,2025-09-04 00:57:44,2025-09-03 20:57:44,2025-09-04,"Significant"
23,2025-09-04 01:02:44,2025-09-03 21:02:44,2025-09-04,"Significant"
24,2025-09-04 01:07:44,2025-09-03 21:07:44,2025-09-04,"Significant"
22,2025-09-04 01:12:44,2025-09-03 21:12:44,2025-09-04,"Significant"
25,2025-09-04 01:17:44,2025-09-03 21:17:44,2025-09-04,"Significant"
20,2025-09-04 01:22:44,2025-09-03 21:22:44,2025-09-04,"Significant"
19,2025-09-04 01:27:44,2025-09-03 21:27:44,2025-09-04,"Significant"
22,2025-09-04 01:32:44,2025-09-03 21:32:44,2025-09-04,"Significant"
20,2025-09-04 01:37:44,2025-09-03 21:37:44,2025-09-04,"Significant"
17,2025-09-04 01:42:44,2025-09-03 21:42:44,2025-09-04,"Significant"
19,2025-09-04 01:47:44,2025-09-03 21:47:44,2025-09-04,"Significant"
19,2025-09-04 01:52:44,2025-09-03 21:52:44,2025-09-04,"Significant"
17,2025-09-04 01:57:44,2025-09-03 21:57:44,2025-09-04,"Significant"
18,2025-09-04 02:02:44,2025-09-03 22:02:44,2025-09-04,"Significant"
20,2025-09-04 02:07:44,2025-09-03 22:07:44,2025-09-04,"Significant"
18,2025-09-04 02:12:44,2025-09-03 22:12:44,2025-09-04,"Significant"
13,2025-09-04 02:17:44,2025-09-03 22:17:44,2025-09-04,"Significant"
20,2025-09-04 02:22:44,2025-09-03 22:22:44,2025-09-04,"Significant"
18,2025-09-04 02:27:44,2025-09-03 22:27:44,2025-09-04,"Significant"
18,2025-09-04 02:32:44,2025-09-03 22:32:44,2025-09-04,"Significant"
21,2025-09-04 02:37:44,2025-09-03 22:37:44,2025-09-04,"Significant"
23,2025-09-04 02:42:44,2025-09-03 22:42:44,2025-09-04,"Significant"
24,2025-09-04 02:47:44,2025-09-03 22:47:44,2025-09-04,"Significant"
24,2025-09-04 02:52:44,2025-09-03 22:52:44,2025-09-04,"Significant"
24,2025-09-04 02:57:44,2025-09-03 22:57:44,2025-09-04,"Significant"
28,2025-09-04 03:02:44,2025-09-03 23:02:44,2025-09-04,"Significant"
18,2025-09-04 03:07:44,2025-09-03 23:07:44,2025-09-04,"Significant"
14,2025-09-04 03:12:44,2025-09-03 23:12:44,2025-09-04,"Significant"
18,2025-09-04 03:17:44,2025-09-03 23:17:44,2025-09-04,"Significant"
21,2025-09-04 03:22:44,2025-09-03 23:22:44,2025-09-04,"Significant"
13,2025-09-04 03:27:44,2025-09-03 23:27:44,2025-09-04,"Significant"
21,2025-09-04 03:32:44,2025-09-03 23:32:44,2025-09-04,"Significant"
22,2025-09-04 03:37:44,2025-09-03 23:37:44,2025-09-04,"Significant"
19,2025-09-04 03:42:44,2025-09-03 23:42:44,2025-09-04,"Significant"
22,2025-09-04 03:47:44,2025-09-03 23:47:44,2025-09-04,"Significant"
18,2025-09-04 03:52:44,2025-09-03 23:52:44,2025-09-04,"Significant"
22,2025-09-04 03:57:44,2025-09-03 23:57:44,2025-09-04,"Significant"
19,2025-09-04 04:02:44,2025-09-04 00:02:44,2025-09-04,"Significant"
23,2025-09-04 04:07:44,2025-09-04 00:07:44,2025-09-04,"Significant"
24,2025-09-04 04:12:44,2025-09-04 00:12:44,2025-09-04,"Significant"
24,2025-09-04 04:17:44,2025-09-04 00:17:44,2025-09-04,"Significant"
25,2025-09-04 04:22:44,2025-09-04 00:22:44,2025-09-04,"Significant"
24,2025-09-04 04:27:44,2025-09-04 00:27:44,2025-09-04,"Significant"
18,2025-09-04 04:32:44,2025-09-04 00:32:44,2025-09-04,"Significant"
21,2025-09-04 04:37:44,2025-09-04 00:37:44,2025-09-04,"Significant"
20,2025-09-04 04:42:44,2025-09-04 00:42:44,2025-09-04,"Significant"
18,2025-09-04 04:47:44,2025-09-04 00:47:44,2025-09-04,"Significant"
21,2025-09-04 04:52:44,2025-09-04 00:52:44,2025-09-04,"Significant"
20,2025-09-04 04:57:44,2025-09-04 00:57:44,2025-09-04,"Significant"
23,2025-09-04 05:02:44,2025-09-04 01:02:44,2025-09-04,"Significant"
23,2025-09-04 05:07:44,2025-09-04 01:07:44,2025-09-04,"Significant"
25,2025-09-04 05:12:44,2025-09-04 01:12:44,2025-09-04,"Significant"
25,2025-09-04 05:17:44,2025-09-04 01:17:44,2025-09-04,"Significant"
28,2025-09-04 05:22:44,2025-09-04 01:22:44,2025-09-04,"Significant"
32,2025-09-04 05:27:44,2025-09-04 01:27:44,2025-09-04,"Significant"
32,2025-09-04 05:32:44,2025-09-04 01:32:44,2025-09-04,"Significant"
23,2025-09-04 05:37:44,2025-09-04 01:37:44,2025-09-04,"Significant"
22,2025-09-04 05:42:44,2025-09-04 01:42:44,2025-09-04,"Significant"
21,2025-09-04 05:47:44,2025-09-04 01:47:44,2025-09-04,"Significant"
26,2025-09-04 05:52:44,2025-09-04 01:52:44,2025-09-04,"Significant"
30,2025-09-04 05:57:44,2025-09-04 01:57:44,2025-09-04,"Significant"
35,2025-09-04 06:02:44,2025-09-04 02:02:44,2025-09-04,"Significant"
32,2025-09-04 06:07:44,2025-09-04 02:07:44,2025-09-04,"Significant"
31,2025-09-04 06:12:44,2025-09-04 02:12:44,2025-09-04,"Significant"
24,2025-09-04 06:17:44,2025-09-04 02:17:44,2025-09-04,"Significant"
21,2025-09-04 06:22:44,2025-09-04 02:22:44,2025-09-04,"Significant"
20,2025-09-04 06:27:44,2025-09-04 02:27:44,2025-09-04,"Significant"
20,2025-09-04 06:32:44,2025-09-04 02:32:44,2025-09-04,"Significant"
19,2025-09-04 06:37:44,2025-09-04 02:37:44,2025-09-04,"Significant"
20,2025-09-04 06:42:44,2025-09-04 02:42:44,2025-09-04,"Significant"
24,2025-09-04 06:47:44,2025-09-04 02:47:44,2025-09-04,"Significant"
35,2025-09-04 06:52:44,2025-09-04 02:52:44,2025-09-04,"Significant"
37,2025-09-04 06:57:44,2025-09-04 02:57:44,2025-09-04,"Significant"
43,2025-09-04 07:02:44,2025-09-04 03:02:44,2025-09-04,"Significant"
34,2025-09-04 07:07:44,2025-09-04 03:07:44,2025-09-04,"Significant"
38,2025-09-04 07:12:44,2025-09-04 03:12:44,2025-09-04,"Significant"
42,2025-09-04 07:17:44,2025-09-04 03:17:44,2025-09-04,"Significant"
39,2025-09-04 07:22:44,2025-09-04 03:22:44,2025-09-04,"Significant"
42,2025-09-04 07:27:44,2025-09-04 03:27:44,2025-09-04,"Significant"
37,2025-09-04 07:32:44,2025-09-04 03:32:44,2025-09-04,"Significant"
41,2025-09-04 07:37:44,2025-09-04 03:37:44,2025-09-04,"Significant"
31,2025-09-04 07:42:44,2025-09-04 03:42:44,2025-09-04,"Significant"
33,2025-09-04 07:47:44,2025-09-04 03:47:44,2025-09-04,"Significant"
29,2025-09-04 07:52:44,2025-09-04 03:52:44,2025-09-04,"Significant"
36,2025-09-04 07:57:44,2025-09-04 03:57:44,2025-09-04,"Significant"
24,2025-09-04 08:02:44,2025-09-04 04:02:44,2025-09-04,"Significant"
28,2025-09-04 08:07:44,2025-09-04 04:07:44,2025-09-04,"Significant"
27,2025-09-04 08:12:44,2025-09-04 04:12:44,2025-09-04,"Significant"
33,2025-09-04 08:17:44,2025-09-04 04:17:44,2025-09-04,"Significant"
33,2025-09-04 08:22:44,2025-09-04 04:22:44,2025-09-04,"Significant"
29,2025-09-04 08:27:44,2025-09-04 04:27:44,2025-09-04,"Significant"
27,2025-09-04 08:32:44,2025-09-04 04:32:44,2025-09-04,"Significant"
31,2025-09-04 08:37:44,2025-09-04 04:37:44,2025-09-04,"Significant"
32,2025-09-04 08:42:44,2025-09-04 04:42:44,2025-09-04,"Significant"
28,2025-09-04 08:47:44,2025-09-04 04:47:44,2025-09-04,"Significant"
31,2025-09-04 08:52:44,2025-09-04 04:52:44,2025-09-04,"Significant"
34,2025-09-04 08:57:44,2025-09-04 04:57:44,2025-09-04,"Significant"
43,2025-09-04 09:02:44,2025-09-04 05:02:44,2025-09-04,"Significant"
42,2025-09-04 09:07:44,2025-09-04 05:07:44,2025-09-04,"Significant"
42,2025-09-04 09:12:44,2025-09-04 05:12:44,2025-09-04,"Significant"
40,2025-09-04 09:17:44,2025-09-04 05:17:44,2025-09-04,"Significant"
36,2025-09-04 09:22:44,2025-09-04 05:22:44,2025-09-04,"Significant"
39,2025-09-04 09:27:44,2025-09-04 05:27:44,2025-09-04,"Significant"
35,2025-09-04 09:32:44,2025-09-04 05:32:44,2025-09-04,"Significant"
39,2025-09-04 09:37:44,2025-09-04 05:37:44,2025-09-04,"Significant"
48,2025-09-04 09:42:44,2025-09-04 05:42:44,2025-09-04,"Significant"
57,2025-09-04 09:47:44,2025-09-04 05:47:44,2025-09-04,"Significant"
53,2025-09-04 09:52:44,2025-09-04 05:52:44,2025-09-04,"Significant"
44,2025-09-04 09:57:44,2025-09-04 05:57:44,2025-09-04,"Significant"
38,2025-09-04 10:02:44,2025-09-04 06:02:44,2025-09-04,"Significant"
39,2025-09-04 10:07:44,2025-09-04 06:07:44,2025-09-04,"Significant"
38,2025-09-04 10:12:44,2025-09-04 06:12:44,2025-09-04,"Significant"
43,2025-09-04 10:17:44,2025-09-04 06:17:44,2025-09-04,"Significant"
44,2025-09-04 10:22:44,2025-09-04 06:22:44,2025-09-04,"Significant"
43,2025-09-04 10:27:44,2025-09-04 06:27:44,2025-09-04,"Significant"
44,2025-09-04 10:32:44,2025-09-04 06:32:44,2025-09-04,"Significant"
49,2025-09-04 10:37:44,2025-09-04 06:37:44,2025-09-04,"Significant"
50,2025-09-04 10:42:44,2025-09-04 06:42:44,2025-09-04,"Significant"
39,2025-09-04 10:47:44,2025-09-04 06:47:44,2025-09-04,"Significant"
40,2025-09-04 10:52:44,2025-09-04 06:52:44,2025-09-04,"Significant"
39,2025-09-04 10:57:44,2025-09-04 06:57:44,2025-09-04,"Significant"
41,2025-09-04 11:02:44,2025-09-04 07:02:44,2025-09-04,"Significant"
35,2025-09-04 11:07:44,2025-09-04 07:07:44,2025-09-04,"Significant"
32,2025-09-04 11:12:44,2025-09-04 07:12:44,2025-09-04,"Significant"
32,2025-09-04 11:17:44,2025-09-04 07:17:44,2025-09-04,"Significant"
32,2025-09-04 11:22:44,2025-09-04 07:22:44,2025-09-04,"Significant"
29,2025-09-04 11:27:44,2025-09-04 07:27:44,2025-09-04,"Significant"
31,2025-09-04 11:32:44,2025-09-04 07:32:44,2025-09-04,"Significant"
32,2025-09-04 11:37:44,2025-09-04 07:37:44,2025-09-04,"Significant"
44,2025-09-04 11:42:44,2025-09-04 07:42:44,2025-09-04,"Significant"
42,2025-09-04 11:47:44,2025-09-04 07:47:44,2025-09-04,"Significant"
21,2025-09-05 03:07:44,2025-09-04 23:07:44,2025-09-05,"Significant"
26,2025-09-05 03:12:44,2025-09-04 23:12:44,2025-09-05,"Significant"
25,2025-09-05 03:17:44,2025-09-04 23:17:44,2025-09-05,"Significant"
26,2025-09-05 03:22:44,2025-09-04 23:22:44,2025-09-05,"Significant"
27,2025-09-05 03:27:44,2025-09-04 23:27:44,2025-09-05,"Significant"
26,2025-09-05 03:32:44,2025-09-04 23:32:44,2025-09-05,"Significant"
22,2025-09-05 03:37:44,2025-09-04 23:37:44,2025-09-05,"Significant"
25,2025-09-05 03:42:44,2025-09-04 23:42:44,2025-09-05,"Significant"
25,2025-09-05 03:47:44,2025-09-04 23:47:44,2025-09-05,"Significant"
26,2025-09-05 03:52:44,2025-09-04 23:52:44,2025-09-05,"Significant"
28,2025-09-05 03:57:44,2025-09-04 23:57:44,2025-09-05,"Significant"
29,2025-09-05 04:02:44,2025-09-05 00:02:44,2025-09-05,"Significant"
37,2025-09-05 04:07:44,2025-09-05 00:07:44,2025-09-05,"Significant"
27,2025-09-05 04:12:44,2025-09-05 00:12:44,2025-09-05,"Significant"
26,2025-09-05 04:17:44,2025-09-05 00:17:44,2025-09-05,"Significant"
24,2025-09-05 04:22:44,2025-09-05 00:22:44,2025-09-05,"Significant"
21,2025-09-05 04:27:44,2025-09-05 00:27:44,2025-09-05,"Significant"
23,2025-09-05 04:32:44,2025-09-05 00:32:44,2025-09-05,"Significant"
24,2025-09-05 04:37:44,2025-09-05 00:37:44,2025-09-05,"Significant"
23,2025-09-05 04:42:44,2025-09-05 00:42:44,2025-09-05,"Significant"
19,2025-09-05 04:47:44,2025-09-05 00:47:44,2025-09-05,"Significant"
20,2025-09-05 04:52:44,2025-09-05 00:52:44,2025-09-05,"Significant"
26,2025-09-05 04:57:44,2025-09-05 00:57:44,2025-09-05,"Significant"
29,2025-09-05 05:02:44,2025-09-05 01:02:44,2025-09-05,"Significant"
27,2025-09-05 05:07:44,2025-09-05 01:07:44,2025-09-05,"Significant"
20,2025-09-05 05:12:44,2025-09-05 01:12:44,2025-09-05,"Significant"
26,2025-09-05 05:17:44,2025-09-05 01:17:44,2025-09-05,"Significant"
26,2025-09-05 05:22:44,2025-09-05 01:22:44,2025-09-05,"Significant"
29,2025-09-05 05:27:44,2025-09-05 01:27:44,2025-09-05,"Significant"
30,2025-09-05 05:32:44,2025-09-05 01:32:44,2025-09-05,"Significant"
29,2025-09-05 05:37:44,2025-09-05 01:37:44,2025-09-05,"Significant"
29,2025-09-05 05:42:44,2025-09-05 01:42:44,2025-09-05,"Significant"
25,2025-09-05 05:47:44,2025-09-05 01:47:44,2025-09-05,"Significant"
28,2025-09-05 05:52:44,2025-09-05 01:52:44,2025-09-05,"Significant"
20,2025-09-05 05:57:44,2025-09-05 01:57:44,2025-09-05,"Significant"
20,2025-09-05 06:02:44,2025-09-05 02:02:44,2025-09-05,"Significant"
21,2025-09-05 06:07:44,2025-09-05 02:07:44,2025-09-05,"Significant"
19,2025-09-05 06:12:44,2025-09-05 02:12:44,2025-09-05,"Significant"
19,2025-09-05 06:17:44,2025-09-05 02:17:44,2025-09-05,"Significant"
19,2025-09-05 06:22:44,2025-09-05 02:22:44,2025-09-05,"Significant"
21,2025-09-05 06:27:44,2025-09-05 02:27:44,2025-09-05,"Significant"
22,2025-09-05 06:32:44,2025-09-05 02:32:44,2025-09-05,"Significant"
25,2025-09-05 06:37:44,2025-09-05 02:37:44,2025-09-05,"Significant"
29,2025-09-05 06:42:44,2025-09-05 02:42:44,2025-09-05,"Significant"
27,2025-09-05 06:47:44,2025-09-05 02:47:44,2025-09-05,"Significant"
24,2025-09-05 06:52:44,2025-09-05 02:52:44,2025-09-05,"Significant"
32,2025-09-05 06:57:44,2025-09-05 02:57:44,2025-09-05,"Significant"
34,2025-09-05 07:02:44,2025-09-05 03:02:44,2025-09-05,"Significant"
31,2025-09-05 07:07:44,2025-09-05 03:07:44,2025-09-05,"Significant"
33,2025-09-05 07:12:44,2025-09-05 03:12:44,2025-09-05,"Significant"
27,2025-09-05 07:17:44,2025-09-05 03:17:44,2025-09-05,"Significant"
26,2025-09-05 07:22:44,2025-09-05 03:22:44,2025-09-05,"Significant"
29,2025-09-05 07:27:44,2025-09-05 03:27:44,2025-09-05,"Significant"
21,2025-09-05 07:32:44,2025-09-05 03:32:44,2025-09-05,"Significant"
21,2025-09-05 07:37:44,2025-09-05 03:37:44,2025-09-05,"Significant"
20,2025-09-05 07:42:44,2025-09-05 03:42:44,2025-09-05,"Significant"
29,2025-09-05 07:47:44,2025-09-05 03:47:44,2025-09-05,"Significant"
28,2025-09-05 07:52:44,2025-09-05 03:52:44,2025-09-05,"Significant"
31,2025-09-05 07:57:44,2025-09-05 03:57:44,2025-09-05,"Significant"
27,2025-09-05 08:02:44,2025-09-05 04:02:44,2025-09-05,"Significant"
23,2025-09-05 08:07:44,2025-09-05 04:07:44,2025-09-05,"Significant"
25,2025-09-05 08:12:44,2025-09-05 04:12:44,2025-09-05,"Significant"
24,2025-09-05 08:17:44,2025-09-05 04:17:44,2025-09-05,"Significant"
30,2025-09-05 08:22:44,2025-09-05 04:22:44,2025-09-05,"Significant"
31,2025-09-05 08:27:44,2025-09-05 04:27:44,2025-09-05,"Significant"
30,2025-09-05 08:32:44,2025-09-05 04:32:44,2025-09-05,"Significant"
33,2025-09-05 08:37:44,2025-09-05 04:37:44,2025-09-05,"Significant"
36,2025-09-05 08:42:44,2025-09-05 04:42:44,2025-09-05,"Significant"
45,2025-09-05 08:47:44,2025-09-05 04:47:44,2025-09-05,"Significant"
30,2025-09-05 08:52:44,2025-09-05 04:52:44,2025-09-05,"Significant"
26,2025-09-05 08:57:44,2025-09-05 04:57:44,2025-09-05,"Significant"
26,2025-09-05 09:02:44,2025-09-05 05:02:44,2025-09-05,"Significant"
26,2025-09-05 09:07:44,2025-09-05 05:07:44,2025-09-05,"Significant"
27,2025-09-05 09:12:44,2025-09-05 05:12:44,2025-09-05,"Significant"
33,2025-09-05 09:17:44,2025-09-05 05:17:44,2025-09-05,"Significant"
32,2025-09-05 09:22:44,2025-09-05 05:22:44,2025-09-05,"Significant"
31,2025-09-05 09:27:44,2025-09-05 05:27:44,2025-09-05,"Significant"
31,2025-09-05 09:32:44,2025-09-05 05:32:44,2025-09-05,"Significant"
36,2025-09-05 09:37:44,2025-09-05 05:37:44,2025-09-05,"Significant"
33,2025-09-05 09:42:44,2025-09-05 05:42:44,2025-09-05,"Significant"
27,2025-09-05 09:47:44,2025-09-05 05:47:44,2025-09-05,"Significant"
35,2025-09-05 09:52:44,2025-09-05 05:52:44,2025-09-05,"Significant"
26,2025-09-05 09:57:44,2025-09-05 05:57:44,2025-09-05,"Significant"
24,2025-09-06 06:47:44,2025-09-06 02:47:44,2025-09-06,"Significant"
30,2025-09-06 06:52:44,2025-09-06 02:52:44,2025-09-06,"Significant"
27,2025-09-06 06:57:44,2025-09-06 02:57:44,2025-09-06,"Significant"
27,2025-09-06 07:02:44,2025-09-06 03:02:44,2025-09-06,"Significant"
26,2025-09-06 07:07:44,2025-09-06 03:07:44,2025-09-06,"Significant"
28,2025-09-06 07:12:44,2025-09-06 03:12:44,2025-09-06,"Significant"
29,2025-09-06 07:17:44,2025-09-06 03:17:44,2025-09-06,"Significant"
29,2025-09-06 07:22:44,2025-09-06 03:22:44,2025-09-06,"Significant"
28,2025-09-06 07:27:44,2025-09-06 03:27:44,2025-09-06,"Significant"
25,2025-09-06 07:32:44,2025-09-06 03:32:44,2025-09-06,"Significant"
28,2025-09-06 07:37:44,2025-09-06 03:37:44,2025-09-06,"Significant"
22,2025-09-06 07:42:44,2025-09-06 03:42:44,2025-09-06,"Significant"
25,2025-09-06 07:47:44,2025-09-06 03:47:44,2025-09-06,"Significant"
27,2025-09-06 07:52:44,2025-09-06 03:52:44,2025-09-06,"Significant"
29,2025-09-06 07:57:44,2025-09-06 03:57:44,2025-09-06,"Significant"
39,2025-09-06 08:02:44,2025-09-06 04:02:44,2025-09-06,"Significant"
36,2025-09-06 08:07:44,2025-09-06 04:07:44,2025-09-06,"Significant"
28,2025-09-06 08:12:44,2025-09-06 04:12:44,2025-09-06,"Significant"
38,2025-09-06 08:17:44,2025-09-06 04:17:44,2025-09-06,"Significant"
33,2025-09-06 08:22:44,2025-09-06 04:22:44,2025-09-06,"Significant"
24,2025-09-06 08:27:44,2025-09-06 04:27:44,2025-09-06,"Significant"
23,2025-09-06 08:32:44,2025-09-06 04:32:44,2025-09-06,"Significant"
23,2025-09-06 08:37:44,2025-09-06 04:37:44,2025-09-06,"Significant"
24,2025-09-06 08:42:44,2025-09-06 04:42:44,2025-09-06,"Significant"
25,2025-09-06 08:47:44,2025-09-06 04:47:44,2025-09-06,"Significant"
24,2025-09-06 08:52:44,2025-09-06 04:52:44,2025-09-06,"Significant"
26,2025-09-06 08:57:44,2025-09-06 04:57:44,2025-09-06,"Significant"
24,2025-09-06 09:02:44,2025-09-06 05:02:44,2025-09-06,"Significant"
26,2025-09-06 09:07:44,2025-09-06 05:07:44,2025-09-06,"Significant"
27,2025-09-06 09:12:44,2025-09-06 05:12:44,2025-09-06,"Significant"
33,2025-09-06 09:17:44,2025-09-06 05:17:44,2025-09-06,"Significant"
29,2025-09-06 09:22:44,2025-09-06 05:22:44,2025-09-06,"Significant"
31,2025-09-06 09:27:44,2025-09-06 05:27:44,2025-09-06,"Significant"
48,2025-09-06 09:32:44,2025-09-06 05:32:44,2025-09-06,"Significant"
36,2025-09-06 09:37:44,2025-09-06 05:37:44,2025-09-06,"Significant"
34,2025-09-06 09:42:44,2025-09-06 05:42:44,2025-09-06,"Significant"
28,2025-09-06 09:47:44,2025-09-06 05:47:44,2025-09-06,"Significant"
27,2025-09-06 09:52:44,2025-09-06 05:52:44,2025-09-06,"Significant"
28,2025-09-06 09:57:44,2025-09-06 05:57:44,2025-09-06,"Significant"
29,2025-09-06 10:02:44,2025-09-06 06:02:44,2025-09-06,"Significant"
32,2025-09-06 10:07:44,2025-09-06 06:07:44,2025-09-06,"Significant"
35,2025-09-06 10:12:44,2025-09-06 06:12:44,2025-09-06,"Significant"
35,2025-09-06 10:17:44,2025-09-06 06:17:44,2025-09-06,"Significant"
25,2025-09-06 10:22:44,2025-09-06 06:22:44,2025-09-06,"Significant"
26,2025-09-06 10:27:44,2025-09-06 06:27:44,2025-09-06,"Significant"
27,2025-09-06 10:32:44,2025-09-06 06:32:44,2025-09-06,"Significant"
31,2025-09-06 10:37:44,2025-09-06 06:37:44,2025-09-06,"Significant"
31,2025-09-06 10:42:44,2025-09-06 06:42:44,2025-09-06,"Significant"
31,2025-09-06 10:47:44,2025-09-06 06:47:44,2025-09-06,"Significant"
30,2025-09-06 10:52:44,2025-09-06 06:52:44,2025-09-06,"Significant"
35,2025-09-06 10:57:44,2025-09-06 06:57:44,2025-09-06,"Significant"
26,2025-09-06 11:02:44,2025-09-06 07:02:44,2025-09-06,"Significant"
25,2025-09-06 11:07:44,2025-09-06 07:07:44,2025-09-06,"Significant"
20,2025-09-06 11:12:44,2025-09-06 07:12:44,2025-09-06,"Significant"
21,2025-09-06 11:17:44,2025-09-06 07:17:44,2025-09-06,"Significant"
20,2025-09-06 11:22:44,2025-09-06 07:22:44,2025-09-06,"Significant"
20,2025-09-06 11:27:44,2025-09-06 07:27:44,2025-09-06,"Significant"
23,2025-09-06 11:32:44,2025-09-06 07:32:44,2025-09-06,"Significant"
29,2025-09-06 11:37:44,2025-09-06 07:37:44,2025-09-06,"Significant"
28,2025-09-06 11:42:44,2025-09-06 07:42:44,2025-09-06,"Significant"
34,2025-09-06 11:47:44,2025-09-06 07:47:44,2025-09-06,"Significant"
33,2025-09-06 11:52:44,2025-09-06 07:52:44,2025-09-06,"Significant"
36,2025-09-06 11:57:44,2025-09-06 07:57:44,2025-09-06,"Significant"
33,2025-09-06 12:02:44,2025-09-06 08:02:44,2025-09-06,"Significant"
35,2025-09-06 12:07:44,2025-09-06 08:07:44,2025-09-06,"Significant"
30,2025-09-06 12:12:44,2025-09-06 08:12:44,2025-09-06,"Significant"
32,2025-09-06 12:17:44,2025-09-06 08:17:44,2025-09-06,"Significant"
36,2025-09-06 12:22:44,2025-09-06 08:22:44,2025-09-06,"Significant"
35,2025-09-06 12:27:44,2025-09-06 08:27:44,2025-09-06,"Significant"
34,2025-09-06 12:32:44,2025-09-06 08:32:44,2025-09-06,"Significant"
32,2025-09-06 12:37:44,2025-09-06 08:37:44,2025-09-06,"Significant"
38,2025-09-06 12:42:44,2025-09-06 08:42:44,2025-09-06,"Significant"
17,2025-09-07 02:27:44,2025-09-06 22:27:44,2025-09-07,"Significant"
17,2025-09-07 02:32:44,2025-09-06 22:32:44,2025-09-07,"Significant"
16,2025-09-07 02:37:44,2025-09-06 22:37:44,2025-09-07,"Significant"
18,2025-09-07 02:42:44,2025-09-06 22:42:44,2025-09-07,"Significant"
15,2025-09-07 02:47:44,2025-09-06 22:47:44,2025-09-07,"Significant"
13,2025-09-07 02:52:44,2025-09-06 22:52:44,2025-09-07,"Significant"
13,2025-09-07 02:57:44,2025-09-06 22:57:44,2025-09-07,"Significant"
13,2025-09-07 03:02:44,2025-09-06 23:02:44,2025-09-07,"Significant"
14,2025-09-07 03:07:44,2025-09-06 23:07:44,2025-09-07,"Significant"
14,2025-09-07 03:12:44,2025-09-06 23:12:44,2025-09-07,"Significant"
13,2025-09-07 03:17:44,2025-09-06 23:17:44,2025-09-07,"Significant"
22,2025-09-07 03:22:44,2025-09-06 23:22:44,2025-09-07,"Significant"
23,2025-09-07 03:27:44,2025-09-06 23:27:44,2025-09-07,"Significant"
21,2025-09-07 03:32:44,2025-09-06 23:32:44,2025-09-07,"Significant"
19,2025-09-07 03:37:44,2025-09-06 23:37:44,2025-09-07,"Significant"
19,2025-09-07 03:42:44,2025-09-06 23:42:44,2025-09-07,"Significant"
24,2025-09-07 03:47:44,2025-09-06 23:47:44,2025-09-07,"Significant"
22,2025-09-07 03:52:44,2025-09-06 23:52:44,2025-09-07,"Significant"
24,2025-09-07 03:57:44,2025-09-06 23:57:44,2025-09-07,"Significant"
23,2025-09-07 04:02:44,2025-09-07 00:02:44,2025-09-07,"Significant"
23,2025-09-07 04:07:44,2025-09-07 00:07:44,2025-09-07,"Significant"
24,2025-09-07 04:12:44,2025-09-07 00:12:44,2025-09-07,"Significant"
23,2025-09-07 04:17:44,2025-09-07 00:17:44,2025-09-07,"Significant"
20,2025-09-07 04:22:44,2025-09-07 00:22:44,2025-09-07,"Significant"
23,2025-09-07 04:27:44,2025-09-07 00:27:44,2025-09-07,"Significant"
23,2025-09-07 04:32:44,2025-09-07 00:32:44,2025-09-07,"Significant"
24,2025-09-07 04:37:44,2025-09-07 00:37:44,2025-09-07,"Significant"
22,2025-09-07 04:42:44,2025-09-07 00:42:44,2025-09-07,"Significant"
23,2025-09-07 04:47:44,2025-09-07 00:47:44,2025-09-07,"Significant"
21,2025-09-07 04:52:44,2025-09-07 00:52:44,2025-09-07,"Significant"
21,2025-09-07 04:57:44,2025-09-07 00:57:44,2025-09-07,"Significant"
25,2025-09-07 05:02:44,2025-09-07 01:02:44,2025-09-07,"Significant"
22,2025-09-07 05:07:44,2025-09-07 01:07:44,2025-09-07,"Significant"
17,2025-09-07 05:12:44,2025-09-07 01:12:44,2025-09-07,"Significant"
21,2025-09-07 05:17:44,2025-09-07 01:17:44,2025-09-07,"Significant"
21,2025-09-07 05:22:44,2025-09-07 01:22:44,2025-09-07,"Significant"
18,2025-09-07 05:27:44,2025-09-07 01:27:44,2025-09-07,"Significant"
18,2025-09-07 05:32:44,2025-09-07 01:32:44,2025-09-07,"Significant"
21,2025-09-07 05:37:44,2025-09-07 01:37:44,2025-09-07,"Significant"
23,2025-09-07 05:42:44,2025-09-07 01:42:44,2025-09-07,"Significant"
27,2025-09-07 05:47:44,2025-09-07 01:47:44,2025-09-07,"Significant"
23,2025-09-07 05:52:44,2025-09-07 01:52:44,2025-09-07,"Significant"
19,2025-09-07 05:57:44,2025-09-07 01:57:44,2025-09-07,"Significant"
19,2025-09-07 06:02:44,2025-09-07 02:02:44,2025-09-07,"Significant"
19,2025-09-07 06:07:44,2025-09-07 02:07:44,2025-09-07,"Significant"
18,2025-09-07 06:12:44,2025-09-07 02:12:44,2025-09-07,"Significant"
17,2025-09-07 06:17:44,2025-09-07 02:17:44,2025-09-07,"Significant"
22,2025-09-07 06:22:44,2025-09-07 02:22:44,2025-09-07,"Significant"
28,2025-09-07 06:27:44,2025-09-07 02:27:44,2025-09-07,"Significant"
24,2025-09-07 06:32:44,2025-09-07 02:32:44,2025-09-07,"Significant"
26,2025-09-07 06:37:44,2025-09-07 02:37:44,2025-09-07,"Significant"
28,2025-09-07 06:42:44,2025-09-07 02:42:44,2025-09-07,"Significant"
21,2025-09-07 06:47:44,2025-09-07 02:47:44,2025-09-07,"Significant"
16,2025-09-07 06:52:44,2025-09-07 02:52:44,2025-09-07,"Significant"
18,2025-09-07 06:57:44,2025-09-07 02:57:44,2025-09-07,"Significant"
28,2025-09-07 07:02:44,2025-09-07 03:02:44,2025-09-07,"Significant"
28,2025-09-07 07:07:44,2025-09-07 03:07:44,2025-09-07,"Significant"
22,2025-09-07 07:12:44,2025-09-07 03:12:44,2025-09-07,"Significant"
21,2025-09-07 07:17:44,2025-09-07 03:17:44,2025-09-07,"Significant"
22,2025-09-07 07:22:44,2025-09-07 03:22:44,2025-09-07,"Significant"
23,2025-09-07 07:27:44,2025-09-07 03:27:44,2025-09-07,"Significant"
21,2025-09-07 07:32:44,2025-09-07 03:32:44,2025-09-07,"Significant"
24,2025-09-07 07:37:44,2025-09-07 03:37:44,2025-09-07,"Significant"
24,2025-09-07 07:42:44,2025-09-07 03:42:44,2025-09-07,"Significant"
30,2025-09-07 07:47:44,2025-09-07 03:47:44,2025-09-07,"Significant"
21,2025-09-07 07:52:44,2025-09-07 03:52:44,2025-09-07,"Significant"
26,2025-09-07 07:57:44,2025-09-07 03:57:44,2025-09-07,"Significant"
32,2025-09-07 08:02:44,2025-09-07 04:02:44,2025-09-07,"Significant"
22,2025-09-07 08:07:44,2025-09-07 04:07:44,2025-09-07,"Significant"
31,2025-09-07 08:12:44,2025-09-07 04:12:44,2025-09-07,"Significant"
29,2025-09-07 08:17:44,2025-09-07 04:17:44,2025-09-07,"Significant"
31,2025-09-07 08:22:44,2025-09-07 04:22:44,2025-09-07,"Significant"
22,2025-09-07 08:27:44,2025-09-07 04:27:44,2025-09-07,"Significant"
31,2025-09-07 08:32:44,2025-09-07 04:32:44,2025-09-07,"Significant"
19,2025-09-07 08:37:44,2025-09-07 04:37:44,2025-09-07,"Significant"
16,2025-09-07 08:42:44,2025-09-07 04:42:44,2025-09-07,"Significant"
22,2025-09-07 08:47:44,2025-09-07 04:47:44,2025-09-07,"Significant"
24,2025-09-07 08:52:44,2025-09-07 04:52:44,2025-09-07,"Significant"
24,2025-09-07 08:57:44,2025-09-07 04:57:44,2025-09-07,"Significant"
27,2025-09-07 09:02:44,2025-09-07 05:02:44,2025-09-07,"Significant"
30,2025-09-07 09:07:44,2025-09-07 05:07:44,2025-09-07,"Significant"
34,2025-09-07 09:12:44,2025-09-07 05:12:44,2025-09-07,"Significant"
35,2025-09-07 09:17:44,2025-09-07 05:17:44,2025-09-07,"Significant"
29,2025-09-07 09:22:44,2025-09-07 05:22:44,2025-09-07,"Significant"
28,2025-09-07 09:27:44,2025-09-07 05:27:44,2025-09-07,"Significant"
30,2025-09-07 09:32:44,2025-09-07 05:32:44,2025-09-07,"Significant"
30,2025-09-07 09:37:44,2025-09-07 05:37:44,2025-09-07,"Significant"
30,2025-09-07 09:42:44,2025-09-07 05:42:44,2025-09-07,"Significant"
28,2025-09-07 09:47:44,2025-09-07 05:47:44,2025-09-07,"Significant"
29,2025-09-07 09:52:44,2025-09-07 05:52:44,2025-09-07,"Significant"
29,2025-09-07 09:57:44,2025-09-07 05:57:44,2025-09-07,"Significant"
31,2025-09-07 10:02:44,2025-09-07 06:02:44,2025-09-07,"Significant"
30,2025-09-07 10:07:44,2025-09-07 06:07:44,2025-09-07,"Significant"
31,2025-09-07 10:12:44,2025-09-07 06:12:44,2025-09-07,"Significant"
21,2025-09-07 10:17:44,2025-09-07 06:17:44,2025-09-07,"Significant"
22,2025-09-07 10:22:44,2025-09-07 06:22:44,2025-09-07,"Significant"
33,2025-09-07 10:27:44,2025-09-07 06:27:44,2025-09-07,"Significant"
30,2025-09-07 10:32:44,2025-09-07 06:32:44,2025-09-07,"Significant"
28,2025-09-07 10:37:44,2025-09-07 06:37:44,2025-09-07,"Significant"
30,2025-09-07 10:42:44,2025-09-07 06:42:44,2025-09-07,"Significant"
23,2025-09-07 10:47:44,2025-09-07 06:47:44,2025-09-07,"Significant"
24,2025-09-07 10:52:44,2025-09-07 06:52:44,2025-09-07,"Significant"
25,2025-09-07 10:57:44,2025-09-07 06:57:44,2025-09-07,"Significant"
25,2025-09-07 11:02:44,2025-09-07 07:02:44,2025-09-07,"Significant"
28,2025-09-07 11:07:44,2025-09-07 07:07:44,2025-09-07,"Significant"
34,2025-09-07 11:12:44,2025-09-07 07:12:44,2025-09-07,"Significant"
33,2025-09-07 11:17:44,2025-09-07 07:17:44,2025-09-07,"Significant"
40,2025-09-07 11:22:44,2025-09-07 07:22:44,2025-09-07,"Significant"
32,2025-09-07 11:27:44,2025-09-07 07:27:44,2025-09-07,"Significant"
32,2025-09-08 04:12:44,2025-09-08 00:12:44,2025-09-08,"Significant"
31,2025-09-08 04:17:44,2025-09-08 00:17:44,2025-09-08,"Significant"
31,2025-09-08 04:22:44,2025-09-08 00:22:44,2025-09-08,"Significant"
27,2025-09-08 04:27:44,2025-09-08 00:27:44,2025-09-08,"Significant"
27,2025-09-08 04:32:44,2025-09-08 00:32:44,2025-09-08,"Significant"
24,2025-09-08 04:37:44,2025-09-08 00:37:44,2025-09-08,"Significant"
30,2025-09-08 04:42:44,2025-09-08 00:42:44,2025-09-08,"Significant"
22,2025-09-08 04:47:44,2025-09-08 00:47:44,2025-09-08,"Significant"
38,2025-09-08 04:52:44,2025-09-08 00:52:44,2025-09-08,"Significant"
40,2025-09-08 04:57:44,2025-09-08 00:57:44,2025-09-08,"Significant"
41,2025-09-08 05:02:44,2025-09-08 01:02:44,2025-09-08,"Significant"
46,2025-09-08 05:07:44,2025-09-08 01:07:44,2025-09-08,"Significant"
48,2025-09-08 05:12:44,2025-09-08 01:12:44,2025-09-08,"Significant"
44,2025-09-08 05:17:44,2025-09-08 01:17:44,2025-09-08,"Significant"
39,2025-09-08 05:22:44,2025-09-08 01:22:44,2025-09-08,"Significant"
40,2025-09-08 05:27:44,2025-09-08 01:27:44,2025-09-08,"Significant"
50,2025-09-08 05:32:44,2025-09-08 01:32:44,2025-09-08,"Significant"
49,2025-09-08 05:37:44,2025-09-08 01:37:44,2025-09-08,"Significant"
51,2025-09-08 05:42:44,2025-09-08 01:42:44,2025-09-08,"Significant"
48,2025-09-08 05:47:44,2025-09-08 01:47:44,2025-09-08,"Significant"
50,2025-09-08 05:52:44,2025-09-08 01:52:44,2025-09-08,"Significant"
43,2025-09-08 05:57:44,2025-09-08 01:57:44,2025-09-08,"Significant"
47,2025-09-08 06:02:44,2025-09-08 02:02:44,2025-09-08,"Significant"
46,2025-09-08 06:07:44,2025-09-08 02:07:44,2025-09-08,"Significant"
53,2025-09-08 06:12:44,2025-09-08 02:12:44,2025-09-08,"Significant"
48,2025-09-08 06:17:44,2025-09-08 02:17:44,2025-09-08,"Significant"
52,2025-09-08 06:22:44,2025-09-08 02:22:44,2025-09-08,"Significant"
59,2025-09-08 06:27:44,2025-09-08 02:27:44,2025-09-08,"Significant"
57,2025-09-08 06:32:44,2025-09-08 02:32:44,2025-09-08,"Significant"
65,2025-09-08 06:37:44,2025-09-08 02:37:44,2025-09-08,"Significant"
64,2025-09-08 06:42:44,2025-09-08 02:42:44,2025-09-08,"Significant"
66,2025-09-08 06:47:44,2025-09-08 02:47:44,2025-09-08,"Significant"
47,2025-09-08 06:52:44,2025-09-08 02:52:44,2025-09-08,"Significant"
59,2025-09-08 06:57:44,2025-09-08 02:57:44,2025-09-08,"Significant"
52,2025-09-08 07:02:44,2025-09-08 03:02:44,2025-09-08,"Significant"
42,2025-09-08 07:07:44,2025-09-08 03:07:44,2025-09-08,"Significant"
37,2025-09-08 07:12:44,2025-09-08 03:12:44,2025-09-08,"Significant"
38,2025-09-08 07:17:44,2025-09-08 03:17:44,2025-09-08,"Significant"
39,2025-09-08 07:22:44,2025-09-08 03:22:44,2025-09-08,"Significant"
38,2025-09-08 07:27:44,2025-09-08 03:27:44,2025-09-08,"Significant"
34,2025-09-08 07:32:44,2025-09-08 03:32:44,2025-09-08,"Significant"
36,2025-09-08 07:37:44,2025-09-08 03:37:44,2025-09-08,"Significant"
34,2025-09-08 07:42:44,2025-09-08 03:42:44,2025-09-08,"Significant"
34,2025-09-08 07:47:44,2025-09-08 03:47:44,2025-09-08,"Significant"
34,2025-09-08 07:52:44,2025-09-08 03:52:44,2025-09-08,"Significant"
33,2025-09-08 07:57:44,2025-09-08 03:57:44,2025-09-08,"Significant"
36,2025-09-08 08:02:44,2025-09-08 04:02:44,2025-09-08,"Significant"
33,2025-09-08 08:07:44,2025-09-08 04:07:44,2025-09-08,"Significant"
32,2025-09-08 08:12:44,2025-09-08 04:12:44,2025-09-08,"Significant"
41,2025-09-08 08:17:44,2025-09-08 04:17:44,2025-09-08,"Significant"
49,2025-09-08 08:22:44,2025-09-08 04:22:44,2025-09-08,"Significant"
47,2025-09-08 08:27:44,2025-09-08 04:27:44,2025-09-08,"Significant"
44,2025-09-08 08:32:44,2025-09-08 04:32:44,2025-09-08,"Significant"
38,2025-09-08 08:37:44,2025-09-08 04:37:44,2025-09-08,"Significant"
34,2025-09-08 08:42:44,2025-09-08 04:42:44,2025-09-08,"Significant"
39,2025-09-08 08:47:44,2025-09-08 04:47:44,2025-09-08,"Significant"
31,2025-09-08 08:52:44,2025-09-08 04:52:44,2025-09-08,"Significant"
25,2025-09-08 08:57:44,2025-09-08 04:57:44,2025-09-08,"Significant"
20,2025-09-09 01:12:44,2025-09-08 21:12:44,2025-09-09,"Significant"
15,2025-09-09 01:17:44,2025-09-08 21:17:44,2025-09-09,"Significant"
16,2025-09-09 01:22:44,2025-09-08 21:22:44,2025-09-09,"Significant"
22,2025-09-09 01:27:44,2025-09-08 21:27:44,2025-09-09,"Significant"
17,2025-09-09 01:32:44,2025-09-08 21:32:44,2025-09-09,"Significant"
16,2025-09-09 01:37:44,2025-09-08 21:37:44,2025-09-09,"Significant"
24,2025-09-09 01:42:44,2025-09-08 21:42:44,2025-09-09,"Significant"
19,2025-09-09 01:47:44,2025-09-08 21:47:44,2025-09-09,"Significant"
14,2025-09-09 01:52:44,2025-09-08 21:52:44,2025-09-09,"Significant"
14,2025-09-09 01:57:44,2025-09-08 21:57:44,2025-09-09,"Significant"
19,2025-09-09 02:02:44,2025-09-08 22:02:44,2025-09-09,"Significant"
30,2025-09-09 02:07:44,2025-09-08 22:07:44,2025-09-09,"Significant"
22,2025-09-09 02:12:44,2025-09-08 22:12:44,2025-09-09,"Significant"
26,2025-09-09 02:17:44,2025-09-08 22:17:44,2025-09-09,"Significant"
16,2025-09-09 02:22:44,2025-09-08 22:22:44,2025-09-09,"Significant"
15,2025-09-09 02:27:44,2025-09-08 22:27:44,2025-09-09,"Significant"
16,2025-09-09 02:32:44,2025-09-08 22:32:44,2025-09-09,"Significant"
17,2025-09-09 02:37:44,2025-09-08 22:37:44,2025-09-09,"Significant"
19,2025-09-09 02:42:44,2025-09-08 22:42:44,2025-09-09,"Significant"
19,2025-09-09 02:47:44,2025-09-08 22:47:44,2025-09-09,"Significant"
17,2025-09-09 02:52:44,2025-09-08 22:52:44,2025-09-09,"Significant"
19,2025-09-09 02:57:44,2025-09-08 22:57:44,2025-09-09,"Significant"
19,2025-09-09 03:02:44,2025-09-08 23:02:44,2025-09-09,"Significant"
29,2025-09-09 03:07:44,2025-09-08 23:07:44,2025-09-09,"Significant"
26,2025-09-09 03:12:44,2025-09-08 23:12:44,2025-09-09,"Significant"
18,2025-09-09 03:17:44,2025-09-08 23:17:44,2025-09-09,"Significant"
27,2025-09-09 03:22:44,2025-09-08 23:22:44,2025-09-09,"Significant"
29,2025-09-09 03:27:44,2025-09-08 23:27:44,2025-09-09,"Significant"
28,2025-09-09 03:32:44,2025-09-08 23:32:44,2025-09-09,"Significant"
24,2025-09-09 03:37:44,2025-09-08 23:37:44,2025-09-09,"Significant"
19,2025-09-09 03:42:44,2025-09-08 23:42:44,2025-09-09,"Significant"
18,2025-09-09 03:47:44,2025-09-08 23:47:44,2025-09-09,"Significant"
19,2025-09-09 03:52:44,2025-09-08 23:52:44,2025-09-09,"Significant"
19,2025-09-09 03:57:44,2025-09-08 23:57:44,2025-09-09,"Significant"
20,2025-09-09 04:02:44,2025-09-09 00:02:44,2025-09-09,"Significant"
19,2025-09-09 04:07:44,2025-09-09 00:07:44,2025-09-09,"Significant"
21,2025-09-09 04:12:44,2025-09-09 00:12:44,2025-09-09,"Significant"
21,2025-09-09 04:17:44,2025-09-09 00:17:44,2025-09-09,"Significant"
21,2025-09-09 04:22:44,2025-09-09 00:22:44,2025-09-09,"Significant"
18,2025-09-09 04:27:44,2025-09-09 00:27:44,2025-09-09,"Significant"
29,2025-09-09 04:32:44,2025-09-09 00:32:44,2025-09-09,"Significant"
28,2025-09-09 04:37:44,2025-09-09 00:37:44,2025-09-09,"Significant"
20,2025-09-09 04:42:44,2025-09-09 00:42:44,2025-09-09,"Significant"
33,2025-09-09 04:47:44,2025-09-09 00:47:44,2025-09-09,"Significant"
26,2025-09-09 04:52:44,2025-09-09 00:52:44,2025-09-09,"Significant"
23,2025-09-09 04:57:44,2025-09-09 00:57:44,2025-09-09,"Significant"
23,2025-09-09 05:02:44,2025-09-09 01:02:44,2025-09-09,"Significant"
25,2025-09-09 05:07:44,2025-09-09 01:07:44,2025-09-09,"Significant"
22,2025-09-09 05:12:44,2025-09-09 01:12:44,2025-09-09,"Significant"
24,2025-09-09 05:17:44,2025-09-09 01:17:44,2025-09-09,"Significant"
26,2025-09-09 05:22:44,2025-09-09 01:22:44,2025-09-09,"Significant"
25,2025-09-09 05:27:44,2025-09-09 01:27:44,2025-09-09,"Significant"
25,2025-09-09 05:32:44,2025-09-09 01:32:44,2025-09-09,"Significant"
25,2025-09-09 05:37:44,2025-09-09 01:37:44,2025-09-09,"Significant"
25,2025-09-09 05:42:44,2025-09-09 01:42:44,2025-09-09,"Significant"
26,2025-09-09 05:47:44,2025-09-09 01:47:44,2025-09-09,"Significant"
26,2025-09-09 05:52:44,2025-09-09 01:52:44,2025-09-09,"Significant"
29,2025-09-09 05:57:44,2025-09-09 01:57:44,2025-09-09,"Significant"
25,2025-09-09 06:02:44,2025-09-09 02:02:44,2025-09-09,"Significant"
29,2025-09-09 06:07:44,2025-09-09 02:07:44,2025-09-09,"Significant"
30,2025-09-09 06:12:44,2025-09-09 02:12:44,2025-09-09,"Significant"
37,2025-09-09 06:17:44,2025-09-09 02:17:44,2025-09-09,"Significant"
31,2025-09-09 06:22:44,2025-09-09 02:22:44,2025-09-09,"Significant"
20,2025-09-09 06:27:44,2025-09-09 02:27:44,2025-09-09,"Significant"
28,2025-09-09 06:32:44,2025-09-09 02:32:44,2025-09-09,"Significant"
29,2025-09-09 06:37:44,2025-09-09 02:37:44,2025-09-09,"Significant"
33,2025-09-09 06:42:44,2025-09-09 02:42:44,2025-09-09,"Significant"
43,2025-09-09 06:47:44,2025-09-09 02:47:44,2025-09-09,"Significant"
38,2025-09-09 06:52:44,2025-09-09 02:52:44,2025-09-09,"Significant"
32,2025-09-09 06:57:44,2025-09-09 02:57:44,2025-09-09,"Significant"
37,2025-09-09 07:02:44,2025-09-09 03:02:44,2025-09-09,"Significant"
36,2025-09-09 07:07:44,2025-09-09 03:07:44,2025-09-09,"Significant"
38,2025-09-09 07:12:44,2025-09-09 03:12:44,2025-09-09,"Significant"
35,2025-09-09 07:17:44,2025-09-09 03:17:44,2025-09-09,"Significant"
33,2025-09-09 07:22:44,2025-09-09 03:22:44,2025-09-09,"Significant"
33,2025-09-09 07:27:44,2025-09-09 03:27:44,2025-09-09,"Significant"
32,2025-09-09 07:32:44,2025-09-09 03:32:44,2025-09-09,"Significant"
36,2025-09-09 07:37:44,2025-09-09 03:37:44,2025-09-09,"Significant"
27,2025-09-09 07:42:44,2025-09-09 03:42:44,2025-09-09,"Significant"
43,2025-09-09 07:47:44,2025-09-09 03:47:44,2025-09-09,"Significant"
41,2025-09-09 07:52:44,2025-09-09 03:52:44,2025-09-09,"Significant"
41,2025-09-09 07:57:44,2025-09-09 03:57:44,2025-09-09,"Significant"
31,2025-09-09 08:02:44,2025-09-09 04:02:44,2025-09-09,"Significant"
30,2025-09-10 00:57:44,2025-09-09 20:57:44,2025-09-10,"Significant"
34,2025-09-10 01:02:44,2025-09-09 21:02:44,2025-09-10,"Significant"
38,2025-09-10 01:07:44,2025-09-09 21:07:44,2025-09-10,"Significant"
34,2025-09-10 01:12:44,2025-09-09 21:12:44,2025-09-10,"Significant"
25,2025-09-10 01:17:44,2025-09-09 21:17:44,2025-09-10,"Significant"
27,2025-09-10 01:22:44,2025-09-09 21:22:44,2025-09-10,"Significant"
33,2025-09-10 01:27:44,2025-09-09 21:27:44,2025-09-10,"Significant"
35,2025-09-10 01:32:44,2025-09-09 21:32:44,2025-09-10,"Significant"
35,2025-09-10 01:37:44,2025-09-09 21:37:44,2025-09-10,"Significant"
42,2025-09-10 01:42:44,2025-09-09 21:42:44,2025-09-10,"Significant"
39,2025-09-10 01:47:44,2025-09-09 21:47:44,2025-09-10,"Significant"
40,2025-09-10 01:52:44,2025-09-09 21:52:44,2025-09-10,"Significant"
37,2025-09-10 01:57:44,2025-09-09 21:57:44,2025-09-10,"Significant"
36,2025-09-10 02:02:44,2025-09-09 22:02:44,2025-09-10,"Significant"
35,2025-09-10 02:07:44,2025-09-09 22:07:44,2025-09-10,"Significant"
34,2025-09-10 02:12:44,2025-09-09 22:12:44,2025-09-10,"Significant"
41,2025-09-10 02:17:44,2025-09-09 22:17:44,2025-09-10,"Significant"
42,2025-09-10 02:22:44,2025-09-09 22:22:44,2025-09-10,"Significant"
56,2025-09-10 02:27:44,2025-09-09 22:27:44,2025-09-10,"Significant"
57,2025-09-10 02:32:44,2025-09-09 22:32:44,2025-09-10,"Significant"
44,2025-09-10 02:37:44,2025-09-09 22:37:44,2025-09-10,"Significant"
38,2025-09-10 02:42:44,2025-09-09 22:42:44,2025-09-10,"Significant"
31,2025-09-10 02:47:44,2025-09-09 22:47:44,2025-09-10,"Significant"
32,2025-09-10 02:52:44,2025-09-09 22:52:44,2025-09-10,"Significant"
30,2025-09-10 02:57:44,2025-09-09 22:57:44,2025-09-10,"Significant"
28,2025-09-10 03:02:44,2025-09-09 23:02:44,2025-09-10,"Significant"
30,2025-09-10 03:07:44,2025-09-09 23:07:44,2025-09-10,"Significant"
28,2025-09-10 03:12:44,2025-09-09 23:12:44,2025-09-10,"Significant"
28,2025-09-10 03:17:44,2025-09-09 23:17:44,2025-09-10,"Significant"
30,2025-09-10 03:22:44,2025-09-09 23:22:44,2025-09-10,"Significant"
35,2025-09-10 03:27:44,2025-09-09 23:27:44,2025-09-10,"Significant"
41,2025-09-10 03:32:44,2025-09-09 23:32:44,2025-09-10,"Significant"
30,2025-09-10 03:39:09,2025-09-09 23:39:09,2025-09-10,"Significant"
46,2025-09-10 03:44:09,2025-09-09 23:44:09,2025-09-10,"Significant"
33,2025-09-10 03:49:09,2025-09-09 23:49:09,2025-09-10,"Significant"
49,2025-09-10 03:54:09,2025-09-09 23:54:09,2025-09-10,"Significant"
40,2025-09-10 03:59:09,2025-09-09 23:59:09,2025-09-10,"Significant"
25,2025-09-10 04:04:09,2025-09-10 00:04:09,2025-09-10,"Significant"
33,2025-09-10 04:09:09,2025-09-10 00:09:09,2025-09-10,"Significant"
25,2025-09-10 04:14:09,2025-09-10 00:14:09,2025-09-10,"Significant"
28,2025-09-10 04:19:09,2025-09-10 00:19:09,2025-09-10,"Significant"
29,2025-09-10 04:24:09,2025-09-10 00:24:09,2025-09-10,"Significant"
17,2025-09-10 04:29:09,2025-09-10 00:29:09,2025-09-10,"Significant"
18,2025-09-10 04:34:09,2025-09-10 00:34:09,2025-09-10,"Significant"
17,2025-09-10 04:39:09,2025-09-10 00:39:09,2025-09-10,"Significant"
17,2025-09-10 04:44:09,2025-09-10 00:44:09,2025-09-10,"Significant"
21,2025-09-10 04:49:09,2025-09-10 00:49:09,2025-09-10,"Significant"
18,2025-09-10 04:54:09,2025-09-10 00:54:09,2025-09-10,"Significant"
18,2025-09-10 04:59:09,2025-09-10 00:59:09,2025-09-10,"Significant"
23,2025-09-10 05:04:09,2025-09-10 01:04:09,2025-09-10,"Significant"
22,2025-09-10 05:09:09,2025-09-10 01:09:09,2025-09-10,"Significant"
26,2025-09-10 05:14:09,2025-09-10 01:14:09,2025-09-10,"Significant"
24,2025-09-10 05:19:09,2025-09-10 01:19:09,2025-09-10,"Significant"
25,2025-09-10 05:24:09,2025-09-10 01:24:09,2025-09-10,"Significant"
19,2025-09-10 05:29:09,2025-09-10 01:29:09,2025-09-10,"Significant"
22,2025-09-10 05:34:09,2025-09-10 01:34:09,2025-09-10,"Significant"
22,2025-09-10 05:39:09,2025-09-10 01:39:09,2025-09-10,"Significant"
22,2025-09-10 05:44:09,2025-09-10 01:44:09,2025-09-10,"Significant"
24,2025-09-10 05:49:09,2025-09-10 01:49:09,2025-09-10,"Significant"
21,2025-09-10 05:54:09,2025-09-10 01:54:09,2025-09-10,"Significant"
23,2025-09-10 05:59:09,2025-09-10 01:59:09,2025-09-10,"Significant"
19,2025-09-10 06:04:09,2025-09-10 02:04:09,2025-09-10,"Significant"
24,2025-09-10 06:09:09,2025-09-10 02:09:09,2025-09-10,"Significant"
28,2025-09-10 06:14:09,2025-09-10 02:14:09,2025-09-10,"Significant"
32,2025-09-10 06:19:09,2025-09-10 02:19:09,2025-09-10,"Significant"
36,2025-09-10 06:24:09,2025-09-10 02:24:09,2025-09-10,"Significant"
31,2025-09-10 06:29:09,2025-09-10 02:29:09,2025-09-10,"Significant"
35,2025-09-10 06:34:09,2025-09-10 02:34:09,2025-09-10,"Significant"
33,2025-09-10 06:39:09,2025-09-10 02:39:09,2025-09-10,"Significant"
29,2025-09-10 06:44:09,2025-09-10 02:44:09,2025-09-10,"Significant"
33,2025-09-10 06:49:09,2025-09-10 02:49:09,2025-09-10,"Significant"
25,2025-09-10 06:54:09,2025-09-10 02:54:09,2025-09-10,"Significant"
33,2025-09-10 06:59:09,2025-09-10 02:59:09,2025-09-10,"Significant"
24,2025-09-10 07:04:09,2025-09-10 03:04:09,2025-09-10,"Significant"
29,2025-09-10 07:09:09,2025-09-10 03:09:09,2025-09-10,"Significant"
24,2025-09-10 07:14:09,2025-09-10 03:14:09,2025-09-10,"Significant"
34,2025-09-10 07:19:09,2025-09-10 03:19:09,2025-09-10,"Significant"
31,2025-09-10 07:24:09,2025-09-10 03:24:09,2025-09-10,"Significant"
24,2025-09-10 07:29:09,2025-09-10 03:29:09,2025-09-10,"Significant"
23,2025-09-10 07:34:09,2025-09-10 03:34:09,2025-09-10,"Significant"
20,2025-09-10 07:39:09,2025-09-10 03:39:09,2025-09-10,"Significant"
24,2025-09-10 07:44:09,2025-09-10 03:44:09,2025-09-10,"Significant"
27,2025-09-10 07:49:09,2025-09-10 03:49:09,2025-09-10,"Significant"
24,2025-09-10 07:54:09,2025-09-10 03:54:09,2025-09-10,"Significant"
24,2025-09-10 07:59:09,2025-09-10 03:59:09,2025-09-10,"Significant"
33,2025-09-10 08:04:09,2025-09-10 04:04:09,2025-09-10,"Significant"
37,2025-09-10 08:09:09,2025-09-10 04:09:09,2025-09-10,"Significant"
26,2025-09-10 08:14:09,2025-09-10 04:14:09,2025-09-10,"Significant"
24,2025-09-10 08:19:09,2025-09-10 04:19:09,2025-09-10,"Significant"
23,2025-09-10 08:24:09,2025-09-10 04:24:09,2025-09-10,"Significant"
23,2025-09-10 08:29:09,2025-09-10 04:29:09,2025-09-10,"Significant"
24,2025-09-10 08:34:09,2025-09-10 04:34:09,2025-09-10,"Significant"
23,2025-09-10 08:39:09,2025-09-10 04:39:09,2025-09-10,"Significant"
34,2025-09-10 08:44:09,2025-09-10 04:44:09,2025-09-10,"Significant"
35,2025-09-10 08:49:09,2025-09-10 04:49:09,2025-09-10,"Significant"
33,2025-09-10 08:54:09,2025-09-10 04:54:09,2025-09-10,"Significant"
34,2025-09-10 08:59:09,2025-09-10 04:59:09,2025-09-10,"Significant"
38,2025-09-10 09:04:09,2025-09-10 05:04:09,2025-09-10,"Significant"
31,2025-09-10 09:09:09,2025-09-10 05:09:09,2025-09-10,"Significant"
28,2025-09-10 09:14:09,2025-09-10 05:14:09,2025-09-10,"Significant"
24,2025-09-10 09:19:09,2025-09-10 05:19:09,2025-09-10,"Significant"
22,2025-09-10 09:24:09,2025-09-10 05:24:09,2025-09-10,"Significant"
30,2025-09-10 09:29:09,2025-09-10 05:29:09,2025-09-10,"Significant"
37,2025-09-10 09:34:09,2025-09-10 05:34:09,2025-09-10,"Significant"
38,2025-09-10 09:39:09,2025-09-10 05:39:09,2025-09-10,"Significant"
36,2025-09-10 09:44:09,2025-09-10 05:44:09,2025-09-10,"Significant"
43,2025-09-10 09:49:09,2025-09-10 05:49:09,2025-09-10,"Significant"
43,2025-09-10 09:54:09,2025-09-10 05:54:09,2025-09-10,"Significant"
47,2025-09-10 09:59:09,2025-09-10 05:59:09,2025-09-10,"Significant"
48,2025-09-10 10:04:09,2025-09-10 06:04:09,2025-09-10,"Significant"
47,2025-09-10 10:09:09,2025-09-10 06:09:09,2025-09-10,"Significant"
40,2025-09-10 10:14:09,2025-09-10 06:14:09,2025-09-10,"Significant"
43,2025-09-10 10:19:09,2025-09-10 06:19:09,2025-09-10,"Significant"
49,2025-09-10 10:24:09,2025-09-10 06:24:09,2025-09-10,"Significant"
43,2025-09-10 10:29:09,2025-09-10 06:29:09,2025-09-10,"Significant"
34,2025-09-11 01:29:09,2025-09-10 21:29:09,2025-09-11,"Significant"
38,2025-09-11 01:34:09,2025-09-10 21:34:09,2025-09-11,"Significant"
33,2025-09-11 01:39:09,2025-09-10 21:39:09,2025-09-11,"Significant"
38,2025-09-11 01:44:09,2025-09-10 21:44:09,2025-09-11,"Significant"
43,2025-09-11 01:49:09,2025-09-10 21:49:09,2025-09-11,"Significant"
38,2025-09-11 01:54:09,2025-09-10 21:54:09,2025-09-11,"Significant"
36,2025-09-11 01:59:09,2025-09-10 21:59:09,2025-09-11,"Significant"
43,2025-09-11 02:04:09,2025-09-10 22:04:09,2025-09-11,"Significant"
27,2025-09-11 02:09:09,2025-09-10 22:09:09,2025-09-11,"Significant"
29,2025-09-11 02:14:09,2025-09-10 22:14:09,2025-09-11,"Significant"
33,2025-09-11 02:19:09,2025-09-10 22:19:09,2025-09-11,"Significant"
29,2025-09-11 02:24:09,2025-09-10 22:24:09,2025-09-11,"Significant"
49,2025-09-11 02:29:09,2025-09-10 22:29:09,2025-09-11,"Significant"
37,2025-09-11 02:34:09,2025-09-10 22:34:09,2025-09-11,"Significant"
40,2025-09-11 02:39:09,2025-09-10 22:39:09,2025-09-11,"Significant"
43,2025-09-11 02:44:09,2025-09-10 22:44:09,2025-09-11,"Significant"
37,2025-09-11 02:49:09,2025-09-10 22:49:09,2025-09-11,"Significant"
35,2025-09-11 02:54:09,2025-09-10 22:54:09,2025-09-11,"Significant"
32,2025-09-11 02:59:09,2025-09-10 22:59:09,2025-09-11,"Significant"
34,2025-09-11 03:04:09,2025-09-10 23:04:09,2025-09-11,"Significant"
30,2025-09-11 03:09:09,2025-09-10 23:09:09,2025-09-11,"Significant"
33,2025-09-11 03:14:09,2025-09-10 23:14:09,2025-09-11,"Significant"
43,2025-09-11 03:19:09,2025-09-10 23:19:09,2025-09-11,"Significant"
36,2025-09-11 03:24:09,2025-09-10 23:24:09,2025-09-11,"Significant"
33,2025-09-11 03:29:09,2025-09-10 23:29:09,2025-09-11,"Significant"
34,2025-09-11 03:34:09,2025-09-10 23:34:09,2025-09-11,"Significant"
35,2025-09-11 03:39:09,2025-09-10 23:39:09,2025-09-11,"Significant"
31,2025-09-11 03:44:09,2025-09-10 23:44:09,2025-09-11,"Significant"
32,2025-09-11 03:49:09,2025-09-10 23:49:09,2025-09-11,"Significant"
29,2025-09-11 03:54:09,2025-09-10 23:54:09,2025-09-11,"Significant"
35,2025-09-11 03:59:09,2025-09-10 23:59:09,2025-09-11,"Significant"
36,2025-09-11 04:04:09,2025-09-11 00:04:09,2025-09-11,"Significant"
31,2025-09-11 04:09:09,2025-09-11 00:09:09,2025-09-11,"Significant"
30,2025-09-11 04:14:09,2025-09-11 00:14:09,2025-09-11,"Significant"
30,2025-09-11 04:19:09,2025-09-11 00:19:09,2025-09-11,"Significant"
32,2025-09-11 04:24:09,2025-09-11 00:24:09,2025-09-11,"Significant"
36,2025-09-11 04:29:09,2025-09-11 00:29:09,2025-09-11,"Significant"
35,2025-09-11 04:34:09,2025-09-11 00:34:09,2025-09-11,"Significant"
30,2025-09-11 04:39:09,2025-09-11 00:39:09,2025-09-11,"Significant"
26,2025-09-11 04:44:09,2025-09-11 00:44:09,2025-09-11,"Significant"
23,2025-09-11 04:49:09,2025-09-11 00:49:09,2025-09-11,"Significant"
25,2025-09-11 04:54:09,2025-09-11 00:54:09,2025-09-11,"Significant"
25,2025-09-11 04:59:09,2025-09-11 00:59:09,2025-09-11,"Significant"
24,2025-09-11 05:04:09,2025-09-11 01:04:09,2025-09-11,"Significant"
28,2025-09-11 05:09:09,2025-09-11 01:09:09,2025-09-11,"Significant"
28,2025-09-11 05:14:09,2025-09-11 01:14:09,2025-09-11,"Significant"
27,2025-09-11 05:19:09,2025-09-11 01:19:09,2025-09-11,"Significant"
26,2025-09-11 05:24:09,2025-09-11 01:24:09,2025-09-11,"Significant"
28,2025-09-11 05:29:09,2025-09-11 01:29:09,2025-09-11,"Significant"
34,2025-09-11 05:34:09,2025-09-11 01:34:09,2025-09-11,"Significant"
33,2025-09-11 05:39:09,2025-09-11 01:39:09,2025-09-11,"Significant"
27,2025-09-11 05:44:09,2025-09-11 01:44:09,2025-09-11,"Significant"
24,2025-09-11 05:49:09,2025-09-11 01:49:09,2025-09-11,"Significant"
33,2025-09-11 05:54:09,2025-09-11 01:54:09,2025-09-11,"Significant"
33,2025-09-11 05:59:09,2025-09-11 01:59:09,2025-09-11,"Significant"
33,2025-09-11 06:04:09,2025-09-11 02:04:09,2025-09-11,"Significant"
37,2025-09-11 06:09:09,2025-09-11 02:09:09,2025-09-11,"Significant"
30,2025-09-11 06:14:09,2025-09-11 02:14:09,2025-09-11,"Significant"
35,2025-09-11 06:19:09,2025-09-11 02:19:09,2025-09-11,"Significant"
29,2025-09-11 06:24:09,2025-09-11 02:24:09,2025-09-11,"Significant"
28,2025-09-11 06:29:09,2025-09-11 02:29:09,2025-09-11,"Significant"
22,2025-09-11 06:34:09,2025-09-11 02:34:09,2025-09-11,"Significant"
22,2025-09-11 06:39:09,2025-09-11 02:39:09,2025-09-11,"Significant"
28,2025-09-11 06:44:09,2025-09-11 02:44:09,2025-09-11,"Significant"
22,2025-09-11 06:49:09,2025-09-11 02:49:09,2025-09-11,"Significant"
25,2025-09-11 06:54:09,2025-09-11 02:54:09,2025-09-11,"Significant"
20,2025-09-11 06:59:09,2025-09-11 02:59:09,2025-09-11,"Significant"
26,2025-09-11 07:04:09,2025-09-11 03:04:09,2025-09-11,"Significant"
28,2025-09-11 07:09:09,2025-09-11 03:09:09,2025-09-11,"Significant"
24,2025-09-11 07:14:09,2025-09-11 03:14:09,2025-09-11,"Significant"
34,2025-09-11 07:19:09,2025-09-11 03:19:09,2025-09-11,"Significant"
22,2025-09-11 07:24:09,2025-09-11 03:24:09,2025-09-11,"Significant"
26,2025-09-11 07:29:09,2025-09-11 03:29:09,2025-09-11,"Significant"
17,2025-09-11 07:34:09,2025-09-11 03:34:09,2025-09-11,"Significant"
30,2025-09-11 07:39:09,2025-09-11 03:39:09,2025-09-11,"Significant"
23,2025-09-12 02:24:09,2025-09-11 22:24:09,2025-09-12,"Significant"
26,2025-09-12 02:29:09,2025-09-11 22:29:09,2025-09-12,"Significant"
26,2025-09-12 02:34:09,2025-09-11 22:34:09,2025-09-12,"Significant"
21,2025-09-12 02:39:09,2025-09-11 22:39:09,2025-09-12,"Significant"
21,2025-09-12 02:44:09,2025-09-11 22:44:09,2025-09-12,"Significant"
29,2025-09-12 02:49:09,2025-09-11 22:49:09,2025-09-12,"Significant"
26,2025-09-12 02:54:09,2025-09-11 22:54:09,2025-09-12,"Significant"
26,2025-09-12 02:59:09,2025-09-11 22:59:09,2025-09-12,"Significant"
31,2025-09-12 03:04:09,2025-09-11 23:04:09,2025-09-12,"Significant"
33,2025-09-12 03:09:09,2025-09-11 23:09:09,2025-09-12,"Significant"
28,2025-09-12 03:14:09,2025-09-11 23:14:09,2025-09-12,"Significant"
28,2025-09-12 03:19:09,2025-09-11 23:19:09,2025-09-12,"Significant"
23,2025-09-12 03:24:09,2025-09-11 23:24:09,2025-09-12,"Significant"
22,2025-09-12 03:29:09,2025-09-11 23:29:09,2025-09-12,"Significant"
32,2025-09-12 03:34:09,2025-09-11 23:34:09,2025-09-12,"Significant"
24,2025-09-12 03:39:09,2025-09-11 23:39:09,2025-09-12,"Significant"
22,2025-09-12 03:44:09,2025-09-11 23:44:09,2025-09-12,"Significant"
25,2025-09-12 03:49:09,2025-09-11 23:49:09,2025-09-12,"Significant"
23,2025-09-12 03:54:09,2025-09-11 23:54:09,2025-09-12,"Significant"
28,2025-09-12 03:59:09,2025-09-11 23:59:09,2025-09-12,"Significant"
39,2025-09-12 04:04:09,2025-09-12 00:04:09,2025-09-12,"Significant"
35,2025-09-12 04:09:09,2025-09-12 00:09:09,2025-09-12,"Significant"
31,2025-09-12 04:14:09,2025-09-12 00:14:09,2025-09-12,"Significant"
26,2025-09-12 04:19:09,2025-09-12 00:19:09,2025-09-12,"Significant"
26,2025-09-12 04:24:09,2025-09-12 00:24:09,2025-09-12,"Significant"
31,2025-09-12 04:29:09,2025-09-12 00:29:09,2025-09-12,"Significant"
32,2025-09-12 04:34:09,2025-09-12 00:34:09,2025-09-12,"Significant"
29,2025-09-12 04:39:09,2025-09-12 00:39:09,2025-09-12,"Significant"
29,2025-09-12 04:44:09,2025-09-12 00:44:09,2025-09-12,"Significant"
34,2025-09-12 04:49:09,2025-09-12 00:49:09,2025-09-12,"Significant"
30,2025-09-12 04:54:09,2025-09-12 00:54:09,2025-09-12,"Significant"
33,2025-09-12 04:59:09,2025-09-12 00:59:09,2025-09-12,"Significant"
30,2025-09-12 05:04:09,2025-09-12 01:04:09,2025-09-12,"Significant"
20,2025-09-12 05:09:09,2025-09-12 01:09:09,2025-09-12,"Significant"
19,2025-09-12 05:14:09,2025-09-12 01:14:09,2025-09-12,"Significant"
21,2025-09-12 05:19:09,2025-09-12 01:19:09,2025-09-12,"Significant"
23,2025-09-12 05:24:09,2025-09-12 01:24:09,2025-09-12,"Significant"
24,2025-09-12 05:29:09,2025-09-12 01:29:09,2025-09-12,"Significant"
21,2025-09-12 05:34:09,2025-09-12 01:34:09,2025-09-12,"Significant"
20,2025-09-12 05:39:09,2025-09-12 01:39:09,2025-09-12,"Significant"
24,2025-09-12 05:44:09,2025-09-12 01:44:09,2025-09-12,"Significant"
28,2025-09-12 05:49:09,2025-09-12 01:49:09,2025-09-12,"Significant"
41,2025-09-12 05:54:09,2025-09-12 01:54:09,2025-09-12,"Significant"
33,2025-09-12 05:59:09,2025-09-12 01:59:09,2025-09-12,"Significant"
30,2025-09-12 06:04:09,2025-09-12 02:04:09,2025-09-12,"Significant"
24,2025-09-12 06:09:09,2025-09-12 02:09:09,2025-09-12,"Significant"
29,2025-09-12 06:14:09,2025-09-12 02:14:09,2025-09-12,"Significant"
29,2025-09-12 06:19:09,2025-09-12 02:19:09,2025-09-12,"Significant"
21,2025-09-12 06:24:09,2025-09-12 02:24:09,2025-09-12,"Significant"
19,2025-09-12 06:29:09,2025-09-12 02:29:09,2025-09-12,"Significant"
21,2025-09-12 06:34:09,2025-09-12 02:34:09,2025-09-12,"Significant"
21,2025-09-12 06:39:09,2025-09-12 02:39:09,2025-09-12,"Significant"
24,2025-09-12 06:44:09,2025-09-12 02:44:09,2025-09-12,"Significant"
19,2025-09-12 06:49:09,2025-09-12 02:49:09,2025-09-12,"Significant"
21,2025-09-12 06:54:09,2025-09-12 02:54:09,2025-09-12,"Significant"
29,2025-09-12 06:59:09,2025-09-12 02:59:09,2025-09-12,"Significant"
27,2025-09-12 07:04:09,2025-09-12 03:04:09,2025-09-12,"Significant"
38,2025-09-12 07:09:09,2025-09-12 03:09:09,2025-09-12,"Significant"
34,2025-09-12 07:14:09,2025-09-12 03:14:09,2025-09-12,"Significant"
30,2025-09-12 07:19:09,2025-09-12 03:19:09,2025-09-12,"Significant"
26,2025-09-12 07:24:09,2025-09-12 03:24:09,2025-09-12,"Significant"
27,2025-09-12 07:29:09,2025-09-12 03:29:09,2025-09-12,"Significant"
41,2025-09-12 07:34:09,2025-09-12 03:34:09,2025-09-12,"Significant"
32,2025-09-12 07:39:09,2025-09-12 03:39:09,2025-09-12,"Significant"
34,2025-09-12 07:44:09,2025-09-12 03:44:09,2025-09-12,"Significant"
33,2025-09-12 07:49:09,2025-09-12 03:49:09,2025-09-12,"Significant"
31,2025-09-12 07:54:09,2025-09-12 03:54:09,2025-09-12,"Significant"
29,2025-09-12 07:59:09,2025-09-12 03:59:09,2025-09-12,"Significant"
27,2025-09-12 08:04:09,2025-09-12 04:04:09,2025-09-12,"Significant"
27,2025-09-12 08:09:09,2025-09-12 04:09:09,2025-09-12,"Significant"
25,2025-09-12 08:14:09,2025-09-12 04:14:09,2025-09-12,"Significant"
30,2025-09-12 08:19:09,2025-09-12 04:19:09,2025-09-12,"Significant"
32,2025-09-12 08:24:09,2025-09-12 04:24:09,2025-09-12,"Significant"
36,2025-09-12 08:29:09,2025-09-12 04:29:09,2025-09-12,"Significant"
32,2025-09-12 08:34:09,2025-09-12 04:34:09,2025-09-12,"Significant"
28,2025-09-12 08:39:09,2025-09-12 04:39:09,2025-09-12,"Significant"
27,2025-09-12 08:44:09,2025-09-12 04:44:09,2025-09-12,"Significant"
28,2025-09-12 08:49:09,2025-09-12 04:49:09,2025-09-12,"Significant"
27,2025-09-12 08:54:09,2025-09-12 04:54:09,2025-09-12,"Significant"
29,2025-09-12 08:59:09,2025-09-12 04:59:09,2025-09-12,"Significant"
34,2025-09-12 09:04:09,2025-09-12 05:04:09,2025-09-12,"Significant"
33,2025-09-12 09:09:09,2025-09-12 05:09:09,2025-09-12,"Significant"
36,2025-09-12 09:14:09,2025-09-12 05:14:09,2025-09-12,"Significant"
38,2025-09-12 09:19:09,2025-09-12 05:19:09,2025-09-12,"Significant"
28,2025-09-12 09:24:09,2025-09-12 05:24:09,2025-09-12,"Significant"
25,2025-09-12 09:29:09,2025-09-12 05:29:09,2025-09-12,"Significant"
28,2025-09-12 09:34:09,2025-09-12 05:34:09,2025-09-12,"Significant"
32,2025-09-12 09:39:09,2025-09-12 05:39:09,2025-09-12,"Significant"
27,2025-09-12 09:44:09,2025-09-12 05:44:09,2025-09-12,"Significant"
26,2025-09-12 09:49:09,2025-09-12 05:49:09,2025-09-12,"Significant"
24,2025-09-12 09:54:09,2025-09-12 05:54:09,2025-09-12,"Significant"
26,2025-09-12 09:59:09,2025-09-12 05:59:09,2025-09-12,"Significant"
31,2025-09-12 10:04:09,2025-09-12 06:04:09,2025-09-12,"Significant"
36,2025-09-12 10:09:09,2025-09-12 06:09:09,2025-09-12,"Significant"
33,2025-09-12 10:14:09,2025-09-12 06:14:09,2025-09-12,"Significant"
32,2025-09-12 10:19:09,2025-09-12 06:19:09,2025-09-12,"Significant"
31,2025-09-12 10:24:09,2025-09-12 06:24:09,2025-09-12,"Significant"
31,2025-09-12 10:29:09,2025-09-12 06:29:09,2025-09-12,"Significant"
34,2025-09-12 10:34:09,2025-09-12 06:34:09,2025-09-12,"Significant"
13,2025-09-13 03:29:48,2025-09-12 23:29:48,2025-09-13,"Significant"
16,2025-09-13 03:34:48,2025-09-12 23:34:48,2025-09-13,"Significant"
18,2025-09-13 03:39:48,2025-09-12 23:39:48,2025-09-13,"Significant"
16,2025-09-13 03:44:48,2025-09-12 23:44:48,2025-09-13,"Significant"
16,2025-09-13 03:49:48,2025-09-12 23:49:48,2025-09-13,"Significant"
19,2025-09-13 03:54:48,2025-09-12 23:54:48,2025-09-13,"Significant"
17,2025-09-13 03:59:48,2025-09-12 23:59:48,2025-09-13,"Significant"
19,2025-09-13 04:04:48,2025-09-13 00:04:48,2025-09-13,"Significant"
15,2025-09-13 04:09:48,2025-09-13 00:09:48,2025-09-13,"Significant"
26,2025-09-13 04:14:48,2025-09-13 00:14:48,2025-09-13,"Significant"
27,2025-09-13 04:19:48,2025-09-13 00:19:48,2025-09-13,"Significant"
29,2025-09-13 04:24:48,2025-09-13 00:24:48,2025-09-13,"Significant"
30,2025-09-13 04:29:48,2025-09-13 00:29:48,2025-09-13,"Significant"
41,2025-09-13 04:34:48,2025-09-13 00:34:48,2025-09-13,"Significant"
29,2025-09-13 04:39:48,2025-09-13 00:39:48,2025-09-13,"Significant"
32,2025-09-13 04:44:48,2025-09-13 00:44:48,2025-09-13,"Significant"
24,2025-09-13 04:49:48,2025-09-13 00:49:48,2025-09-13,"Significant"
21,2025-09-13 04:54:48,2025-09-13 00:54:48,2025-09-13,"Significant"
19,2025-09-13 04:59:48,2025-09-13 00:59:48,2025-09-13,"Significant"
14,2025-09-13 05:04:48,2025-09-13 01:04:48,2025-09-13,"Significant"
12,2025-09-13 05:09:48,2025-09-13 01:09:48,2025-09-13,"Significant"
13,2025-09-13 05:14:48,2025-09-13 01:14:48,2025-09-13,"Significant"
13,2025-09-13 05:19:48,2025-09-13 01:19:48,2025-09-13,"Significant"
13,2025-09-13 05:24:48,2025-09-13 01:24:48,2025-09-13,"Significant"
13,2025-09-13 05:29:48,2025-09-13 01:29:48,2025-09-13,"Significant"
13,2025-09-13 05:34:48,2025-09-13 01:34:48,2025-09-13,"Significant"
12,2025-09-13 05:39:48,2025-09-13 01:39:48,2025-09-13,"Significant"
21,2025-09-13 05:44:48,2025-09-13 01:44:48,2025-09-13,"Significant"
15,2025-09-13 05:49:48,2025-09-13 01:49:48,2025-09-13,"Significant"
26,2025-09-13 05:54:48,2025-09-13 01:54:48,2025-09-13,"Significant"
18,2025-09-13 05:59:48,2025-09-13 01:59:48,2025-09-13,"Significant"
20,2025-09-13 06:04:48,2025-09-13 02:04:48,2025-09-13,"Significant"
18,2025-09-13 06:09:48,2025-09-13 02:09:48,2025-09-13,"Significant"
18,2025-09-13 06:14:48,2025-09-13 02:14:48,2025-09-13,"Significant"
20,2025-09-13 06:19:48,2025-09-13 02:19:48,2025-09-13,"Significant"
19,2025-09-13 06:24:48,2025-09-13 02:24:48,2025-09-13,"Significant"
15,2025-09-13 06:29:48,2025-09-13 02:29:48,2025-09-13,"Significant"
24,2025-09-13 06:34:48,2025-09-13 02:34:48,2025-09-13,"Significant"
29,2025-09-13 06:39:48,2025-09-13 02:39:48,2025-09-13,"Significant"
17,2025-09-13 06:44:48,2025-09-13 02:44:48,2025-09-13,"Significant"
15,2025-09-13 06:49:48,2025-09-13 02:49:48,2025-09-13,"Significant"
22,2025-09-13 06:54:48,2025-09-13 02:54:48,2025-09-13,"Significant"
22,2025-09-13 06:59:48,2025-09-13 02:59:48,2025-09-13,"Significant"
22,2025-09-13 07:04:48,2025-09-13 03:04:48,2025-09-13,"Significant"
14,2025-09-13 07:09:48,2025-09-13 03:09:48,2025-09-13,"Significant"
15,2025-09-13 07:14:48,2025-09-13 03:14:48,2025-09-13,"Significant"
16,2025-09-13 07:19:48,2025-09-13 03:19:48,2025-09-13,"Significant"
15,2025-09-13 07:24:48,2025-09-13 03:24:48,2025-09-13,"Significant"
17,2025-09-13 07:29:48,2025-09-13 03:29:48,2025-09-13,"Significant"
25,2025-09-13 07:34:48,2025-09-13 03:34:48,2025-09-13,"Significant"
32,2025-09-13 07:39:48,2025-09-13 03:39:48,2025-09-13,"Significant"
28,2025-09-13 07:44:48,2025-09-13 03:44:48,2025-09-13,"Significant"
26,2025-09-13 07:49:48,2025-09-13 03:49:48,2025-09-13,"Significant"
30,2025-09-13 07:54:48,2025-09-13 03:54:48,2025-09-13,"Significant"
29,2025-09-13 07:59:48,2025-09-13 03:59:48,2025-09-13,"Significant"
26,2025-09-13 08:04:48,2025-09-13 04:04:48,2025-09-13,"Significant"
28,2025-09-13 08:09:48,2025-09-13 04:09:48,2025-09-13,"Significant"
28,2025-09-13 08:14:48,2025-09-13 04:14:48,2025-09-13,"Significant"
28,2025-09-13 08:19:48,2025-09-13 04:19:48,2025-09-13,"Significant"
28,2025-09-13 08:24:48,2025-09-13 04:24:48,2025-09-13,"Significant"
28,2025-09-13 08:29:48,2025-09-13 04:29:48,2025-09-13,"Significant"
33,2025-09-13 08:34:48,2025-09-13 04:34:48,2025-09-13,"Significant"
21,2025-09-13 08:39:48,2025-09-13 04:39:48,2025-09-13,"Significant"
21,2025-09-13 08:44:48,2025-09-13 04:44:48,2025-09-13,"Significant"
21,2025-09-13 08:49:48,2025-09-13 04:49:48,2025-09-13,"Significant"
19,2025-09-13 08:54:48,2025-09-13 04:54:48,2025-09-13,"Significant"
25,2025-09-13 08:59:48,2025-09-13 04:59:48,2025-09-13,"Significant"
20,2025-09-13 09:04:48,2025-09-13 05:04:48,2025-09-13,"Significant"
21,2025-09-13 09:09:48,2025-09-13 05:09:48,2025-09-13,"Significant"
22,2025-09-13 09:14:48,2025-09-13 05:14:48,2025-09-13,"Significant"
27,2025-09-13 09:19:48,2025-09-13 05:19:48,2025-09-13,"Significant"
33,2025-09-13 09:24:48,2025-09-13 05:24:48,2025-09-13,"Significant"
34,2025-09-13 09:29:48,2025-09-13 05:29:48,2025-09-13,"Significant"
36,2025-09-13 09:34:48,2025-09-13 05:34:48,2025-09-13,"Significant"
43,2025-09-13 09:39:48,2025-09-13 05:39:48,2025-09-13,"Significant"
27,2025-09-13 09:44:48,2025-09-13 05:44:48,2025-09-13,"Significant"
27,2025-09-13 09:49:48,2025-09-13 05:49:48,2025-09-13,"Significant"
28,2025-09-13 09:54:48,2025-09-13 05:54:48,2025-09-13,"Significant"
26,2025-09-13 09:59:48,2025-09-13 05:59:48,2025-09-13,"Significant"
16,2025-09-14 02:39:48,2025-09-13 22:39:48,2025-09-14,"Significant"
20,2025-09-14 02:44:48,2025-09-13 22:44:48,2025-09-14,"Significant"
19,2025-09-14 02:49:48,2025-09-13 22:49:48,2025-09-14,"Significant"
16,2025-09-14 02:54:48,2025-09-13 22:54:48,2025-09-14,"Significant"
14,2025-09-14 02:59:48,2025-09-13 22:59:48,2025-09-14,"Significant"
11,2025-09-14 03:04:48,2025-09-13 23:04:48,2025-09-14,"Significant"
12,2025-09-14 03:09:48,2025-09-13 23:09:48,2025-09-14,"Significant"
15,2025-09-14 03:14:48,2025-09-13 23:14:48,2025-09-14,"Significant"
12,2025-09-14 03:19:48,2025-09-13 23:19:48,2025-09-14,"Significant"
15,2025-09-14 03:24:48,2025-09-13 23:24:48,2025-09-14,"Significant"
15,2025-09-14 03:29:48,2025-09-13 23:29:48,2025-09-14,"Significant"
23,2025-09-14 03:34:48,2025-09-13 23:34:48,2025-09-14,"Significant"
24,2025-09-14 03:39:48,2025-09-13 23:39:48,2025-09-14,"Significant"
22,2025-09-14 03:44:48,2025-09-13 23:44:48,2025-09-14,"Significant"
25,2025-09-14 03:49:48,2025-09-13 23:49:48,2025-09-14,"Significant"
23,2025-09-14 03:54:48,2025-09-13 23:54:48,2025-09-14,"Significant"
16,2025-09-14 03:59:48,2025-09-13 23:59:48,2025-09-14,"Significant"
15,2025-09-14 04:04:48,2025-09-14 00:04:48,2025-09-14,"Significant"
16,2025-09-14 04:09:48,2025-09-14 00:09:48,2025-09-14,"Significant"
16,2025-09-14 04:14:48,2025-09-14 00:14:48,2025-09-14,"Significant"
17,2025-09-14 04:19:48,2025-09-14 00:19:48,2025-09-14,"Significant"
18,2025-09-14 04:24:48,2025-09-14 00:24:48,2025-09-14,"Significant"
18,2025-09-14 04:29:48,2025-09-14 00:29:48,2025-09-14,"Significant"
21,2025-09-14 04:34:48,2025-09-14 00:34:48,2025-09-14,"Significant"
28,2025-09-14 04:39:48,2025-09-14 00:39:48,2025-09-14,"Significant"
31,2025-09-14 04:44:48,2025-09-14 00:44:48,2025-09-14,"Significant"
33,2025-09-14 04:49:48,2025-09-14 00:49:48,2025-09-14,"Significant"
36,2025-09-14 04:54:48,2025-09-14 00:54:48,2025-09-14,"Significant"
38,2025-09-14 04:59:48,2025-09-14 00:59:48,2025-09-14,"Significant"
31,2025-09-14 05:04:48,2025-09-14 01:04:48,2025-09-14,"Significant"
28,2025-09-14 05:09:48,2025-09-14 01:09:48,2025-09-14,"Significant"
19,2025-09-14 05:14:48,2025-09-14 01:14:48,2025-09-14,"Significant"
23,2025-09-14 05:19:48,2025-09-14 01:19:48,2025-09-14,"Significant"
24,2025-09-14 05:24:48,2025-09-14 01:24:48,2025-09-14,"Significant"
25,2025-09-14 05:29:48,2025-09-14 01:29:48,2025-09-14,"Significant"
30,2025-09-14 05:34:48,2025-09-14 01:34:48,2025-09-14,"Significant"
29,2025-09-14 05:39:48,2025-09-14 01:39:48,2025-09-14,"Significant"
39,2025-09-14 05:44:48,2025-09-14 01:44:48,2025-09-14,"Significant"
32,2025-09-14 05:49:48,2025-09-14 01:49:48,2025-09-14,"Significant"
29,2025-09-14 05:54:48,2025-09-14 01:54:48,2025-09-14,"Significant"
22,2025-09-14 05:59:48,2025-09-14 01:59:48,2025-09-14,"Significant"
24,2025-09-14 06:04:48,2025-09-14 02:04:48,2025-09-14,"Significant"
25,2025-09-14 06:09:48,2025-09-14 02:09:48,2025-09-14,"Significant"
43,2025-09-14 06:14:48,2025-09-14 02:14:48,2025-09-14,"Significant"
46,2025-09-14 06:19:48,2025-09-14 02:19:48,2025-09-14,"Significant"
38,2025-09-14 06:24:48,2025-09-14 02:24:48,2025-09-14,"Significant"
40,2025-09-14 06:29:48,2025-09-14 02:29:48,2025-09-14,"Significant"
41,2025-09-14 06:34:48,2025-09-14 02:34:48,2025-09-14,"Significant"
37,2025-09-14 06:39:48,2025-09-14 02:39:48,2025-09-14,"Significant"
41,2025-09-14 06:44:48,2025-09-14 02:44:48,2025-09-14,"Significant"
29,2025-09-14 06:49:48,2025-09-14 02:49:48,2025-09-14,"Significant"
25,2025-09-14 06:54:48,2025-09-14 02:54:48,2025-09-14,"Significant"
21,2025-09-14 06:59:48,2025-09-14 02:59:48,2025-09-14,"Significant"
21,2025-09-14 07:04:48,2025-09-14 03:04:48,2025-09-14,"Significant"
22,2025-09-14 07:09:48,2025-09-14 03:09:48,2025-09-14,"Significant"
23,2025-09-14 07:14:48,2025-09-14 03:14:48,2025-09-14,"Significant"
29,2025-09-14 07:19:48,2025-09-14 03:19:48,2025-09-14,"Significant"
34,2025-09-14 07:24:48,2025-09-14 03:24:48,2025-09-14,"Significant"
40,2025-09-14 07:29:48,2025-09-14 03:29:48,2025-09-14,"Significant"
43,2025-09-14 07:34:48,2025-09-14 03:34:48,2025-09-14,"Significant"
34,2025-09-14 07:39:48,2025-09-14 03:39:48,2025-09-14,"Significant"
36,2025-09-14 07:44:48,2025-09-14 03:44:48,2025-09-14,"Significant"
35,2025-09-14 07:49:48,2025-09-14 03:49:48,2025-09-14,"Significant"
32,2025-09-14 07:54:48,2025-09-14 03:54:48,2025-09-14,"Significant"
35,2025-09-14 07:59:48,2025-09-14 03:59:48,2025-09-14,"Significant"
29,2025-09-14 08:04:48,2025-09-14 04:04:48,2025-09-14,"Significant"
25,2025-09-14 08:09:48,2025-09-14 04:09:48,2025-09-14,"Significant"
24,2025-09-14 08:14:48,2025-09-14 04:14:48,2025-09-14,"Significant"
25,2025-09-14 08:19:48,2025-09-14 04:19:48,2025-09-14,"Significant"
26,2025-09-14 08:24:48,2025-09-14 04:24:48,2025-09-14,"Significant"
27,2025-09-14 08:29:48,2025-09-14 04:29:48,2025-09-14,"Significant"
32,2025-09-14 08:34:48,2025-09-14 04:34:48,2025-09-14,"Significant"
29,2025-09-14 08:39:48,2025-09-14 04:39:48,2025-09-14,"Significant"
32,2025-09-14 08:44:48,2025-09-14 04:44:48,2025-09-14,"Significant"
38,2025-09-14 08:49:48,2025-09-14 04:49:48,2025-09-14,"Significant"
34,2025-09-14 08:54:48,2025-09-14 04:54:48,2025-09-14,"Significant"
20,2025-09-15 03:04:48,2025-09-14 23:04:48,2025-09-15,"Significant"
18,2025-09-15 03:09:48,2025-09-14 23:09:48,2025-09-15,"Significant"
13,2025-09-15 03:14:48,2025-09-14 23:14:48,2025-09-15,"Significant"
17,2025-09-15 03:19:48,2025-09-14 23:19:48,2025-09-15,"Significant"
17,2025-09-15 03:24:48,2025-09-14 23:24:48,2025-09-15,"Significant"
16,2025-09-15 03:29:48,2025-09-14 23:29:48,2025-09-15,"Significant"
20,2025-09-15 03:34:48,2025-09-14 23:34:48,2025-09-15,"Significant"
16,2025-09-15 03:39:48,2025-09-14 23:39:48,2025-09-15,"Significant"
18,2025-09-15 03:44:48,2025-09-14 23:44:48,2025-09-15,"Significant"
25,2025-09-15 03:49:48,2025-09-14 23:49:48,2025-09-15,"Significant"
21,2025-09-15 03:54:48,2025-09-14 23:54:48,2025-09-15,"Significant"
20,2025-09-15 03:59:48,2025-09-14 23:59:48,2025-09-15,"Significant"
19,2025-09-15 04:04:48,2025-09-15 00:04:48,2025-09-15,"Significant"
18,2025-09-15 04:09:48,2025-09-15 00:09:48,2025-09-15,"Significant"
22,2025-09-15 04:14:48,2025-09-15 00:14:48,2025-09-15,"Significant"
26,2025-09-15 04:19:48,2025-09-15 00:19:48,2025-09-15,"Significant"
29,2025-09-15 04:24:48,2025-09-15 00:24:48,2025-09-15,"Significant"
20,2025-09-15 04:29:48,2025-09-15 00:29:48,2025-09-15,"Significant"
21,2025-09-15 04:34:48,2025-09-15 00:34:48,2025-09-15,"Significant"
16,2025-09-15 04:39:48,2025-09-15 00:39:48,2025-09-15,"Significant"
14,2025-09-15 04:44:48,2025-09-15 00:44:48,2025-09-15,"Significant"
16,2025-09-15 04:49:48,2025-09-15 00:49:48,2025-09-15,"Significant"
15,2025-09-15 04:54:48,2025-09-15 00:54:48,2025-09-15,"Significant"
23,2025-09-15 04:59:48,2025-09-15 00:59:48,2025-09-15,"Significant"
19,2025-09-15 05:04:48,2025-09-15 01:04:48,2025-09-15,"Significant"
21,2025-09-15 05:09:48,2025-09-15 01:09:48,2025-09-15,"Significant"
15,2025-09-15 05:14:48,2025-09-15 01:14:48,2025-09-15,"Significant"
16,2025-09-15 05:19:48,2025-09-15 01:19:48,2025-09-15,"Significant"
16,2025-09-15 05:24:48,2025-09-15 01:24:48,2025-09-15,"Significant"
19,2025-09-15 05:29:48,2025-09-15 01:29:48,2025-09-15,"Significant"
20,2025-09-15 05:34:48,2025-09-15 01:34:48,2025-09-15,"Significant"
18,2025-09-15 05:39:48,2025-09-15 01:39:48,2025-09-15,"Significant"
28,2025-09-15 05:44:48,2025-09-15 01:44:48,2025-09-15,"Significant"
22,2025-09-15 05:49:48,2025-09-15 01:49:48,2025-09-15,"Significant"
28,2025-09-15 05:54:48,2025-09-15 01:54:48,2025-09-15,"Significant"
29,2025-09-15 05:59:48,2025-09-15 01:59:48,2025-09-15,"Significant"
28,2025-09-15 06:04:48,2025-09-15 02:04:48,2025-09-15,"Significant"
26,2025-09-15 06:09:48,2025-09-15 02:09:48,2025-09-15,"Significant"
19,2025-09-15 06:14:48,2025-09-15 02:14:48,2025-09-15,"Significant"
19,2025-09-15 06:19:48,2025-09-15 02:19:48,2025-09-15,"Significant"
15,2025-09-15 06:24:48,2025-09-15 02:24:48,2025-09-15,"Significant"
15,2025-09-15 06:29:48,2025-09-15 02:29:48,2025-09-15,"Significant"
16,2025-09-15 06:34:48,2025-09-15 02:34:48,2025-09-15,"Significant"
15,2025-09-15 06:39:48,2025-09-15 02:39:48,2025-09-15,"Significant"
15,2025-09-15 06:44:48,2025-09-15 02:44:48,2025-09-15,"Significant"
19,2025-09-15 06:49:48,2025-09-15 02:49:48,2025-09-15,"Significant"
22,2025-09-15 06:54:48,2025-09-15 02:54:48,2025-09-15,"Significant"
22,2025-09-15 06:59:48,2025-09-15 02:59:48,2025-09-15,"Significant"
21,2025-09-15 07:04:48,2025-09-15 03:04:48,2025-09-15,"Significant"
22,2025-09-15 07:09:48,2025-09-15 03:09:48,2025-09-15,"Significant"
21,2025-09-15 07:14:48,2025-09-15 03:14:48,2025-09-15,"Significant"
21,2025-09-15 07:19:48,2025-09-15 03:19:48,2025-09-15,"Significant"
22,2025-09-15 07:24:48,2025-09-15 03:24:48,2025-09-15,"Significant"
24,2025-09-15 07:29:48,2025-09-15 03:29:48,2025-09-15,"Significant"
26,2025-09-15 07:34:48,2025-09-15 03:34:48,2025-09-15,"Significant"
28,2025-09-15 07:39:48,2025-09-15 03:39:48,2025-09-15,"Significant"
21,2025-09-15 07:44:48,2025-09-15 03:44:48,2025-09-15,"Significant"
23,2025-09-15 07:49:48,2025-09-15 03:49:48,2025-09-15,"Significant"
17,2025-09-15 07:54:48,2025-09-15 03:54:48,2025-09-15,"Significant"
23,2025-09-15 07:59:48,2025-09-15 03:59:48,2025-09-15,"Significant"
22,2025-09-15 08:04:48,2025-09-15 04:04:48,2025-09-15,"Significant"
31,2025-09-15 08:09:48,2025-09-15 04:09:48,2025-09-15,"Significant"
28,2025-09-15 08:14:48,2025-09-15 04:14:48,2025-09-15,"Significant"
20,2025-09-15 08:19:48,2025-09-15 04:19:48,2025-09-15,"Significant"
16,2025-09-15 08:24:48,2025-09-15 04:24:48,2025-09-15,"Significant"
23,2025-09-15 08:29:48,2025-09-15 04:29:48,2025-09-15,"Significant"
30,2025-09-15 08:34:48,2025-09-15 04:34:48,2025-09-15,"Significant"
28,2025-09-15 08:39:48,2025-09-15 04:39:48,2025-09-15,"Significant"
25,2025-09-15 08:44:48,2025-09-15 04:44:48,2025-09-15,"Significant"
31,2025-09-15 08:49:48,2025-09-15 04:49:48,2025-09-15,"Significant"
31,2025-09-15 08:54:48,2025-09-15 04:54:48,2025-09-15,"Significant"
31,2025-09-15 08:59:48,2025-09-15 04:59:48,2025-09-15,"Significant"
27,2025-09-15 09:04:48,2025-09-15 05:04:48,2025-09-15,"Significant"
28,2025-09-15 09:09:48,2025-09-15 05:09:48,2025-09-15,"Significant"
25,2025-09-15 09:14:48,2025-09-15 05:14:48,2025-09-15,"Significant"
31,2025-09-15 09:19:48,2025-09-15 05:19:48,2025-09-15,"Significant"
24,2025-09-15 09:24:48,2025-09-15 05:24:48,2025-09-15,"Significant"
23,2025-09-15 09:29:48,2025-09-15 05:29:48,2025-09-15,"Significant"
28,2025-09-15 09:34:48,2025-09-15 05:34:48,2025-09-15,"Significant"
38,2025-09-15 09:39:48,2025-09-15 05:39:48,2025-09-15,"Significant"
40,2025-09-15 09:44:48,2025-09-15 05:44:48,2025-09-15,"Significant"
46,2025-09-15 09:49:48,2025-09-15 05:49:48,2025-09-15,"Significant"
36,2025-09-15 09:54:48,2025-09-15 05:54:48,2025-09-15,"Significant"
28,2025-09-15 09:59:48,2025-09-15 05:59:48,2025-09-15,"Significant"
29,2025-09-15 10:04:48,2025-09-15 06:04:48,2025-09-15,"Significant"
37,2025-09-15 10:09:48,2025-09-15 06:09:48,2025-09-15,"Significant"
33,2025-09-15 10:14:48,2025-09-15 06:14:48,2025-09-15,"Significant"
38,2025-09-15 10:19:48,2025-09-15 06:19:48,2025-09-15,"Significant"
31,2025-09-15 10:24:48,2025-09-15 06:24:48,2025-09-15,"Significant"
26,2025-09-15 10:29:48,2025-09-15 06:29:48,2025-09-15,"Significant"
36,2025-09-15 10:34:48,2025-09-15 06:34:48,2025-09-15,"Significant"
25,2025-09-15 10:39:48,2025-09-15 06:39:48,2025-09-15,"Significant"
24,2025-09-15 10:44:48,2025-09-15 06:44:48,2025-09-15,"Significant"
33,2025-09-15 10:49:48,2025-09-15 06:49:48,2025-09-15,"Significant"
25,2025-09-15 10:54:48,2025-09-15 06:54:48,2025-09-15,"Significant"
22,2025-09-15 10:59:48,2025-09-15 06:59:48,2025-09-15,"Significant"
21,2025-09-15 11:04:48,2025-09-15 07:04:48,2025-09-15,"Significant"
23,2025-09-15 11:09:48,2025-09-15 07:09:48,2025-09-15,"Significant"
25,2025-09-15 11:14:48,2025-09-15 07:14:48,2025-09-15,"Significant"
34,2025-09-15 11:19:48,2025-09-15 07:19:48,2025-09-15,"Significant"
55,2025-09-16 03:44:48,2025-09-15 23:44:48,2025-09-16,"Significant"
51,2025-09-16 03:49:48,2025-09-15 23:49:48,2025-09-16,"Significant"
43,2025-09-16 03:54:48,2025-09-15 23:54:48,2025-09-16,"Significant"
30,2025-09-16 03:59:48,2025-09-15 23:59:48,2025-09-16,"Significant"
32,2025-09-16 04:04:48,2025-09-16 00:04:48,2025-09-16,"Significant"
29,2025-09-16 04:09:48,2025-09-16 00:09:48,2025-09-16,"Significant"
30,2025-09-16 04:14:48,2025-09-16 00:14:48,2025-09-16,"Significant"
28,2025-09-16 04:19:48,2025-09-16 00:19:48,2025-09-16,"Significant"
22,2025-09-16 04:24:48,2025-09-16 00:24:48,2025-09-16,"Significant"
26,2025-09-16 04:29:48,2025-09-16 00:29:48,2025-09-16,"Significant"
25,2025-09-16 04:34:48,2025-09-16 00:34:48,2025-09-16,"Significant"
26,2025-09-16 04:39:48,2025-09-16 00:39:48,2025-09-16,"Significant"
27,2025-09-16 04:44:48,2025-09-16 00:44:48,2025-09-16,"Significant"
25,2025-09-16 04:49:48,2025-09-16 00:49:48,2025-09-16,"Significant"
26,2025-09-16 04:54:48,2025-09-16 00:54:48,2025-09-16,"Significant"
25,2025-09-16 04:59:48,2025-09-16 00:59:48,2025-09-16,"Significant"
25,2025-09-16 05:04:48,2025-09-16 01:04:48,2025-09-16,"Significant"
27,2025-09-16 05:09:48,2025-09-16 01:09:48,2025-09-16,"Significant"
29,2025-09-16 05:14:48,2025-09-16 01:14:48,2025-09-16,"Significant"
28,2025-09-16 05:19:48,2025-09-16 01:19:48,2025-09-16,"Significant"
28,2025-09-16 05:24:48,2025-09-16 01:24:48,2025-09-16,"Significant"
20,2025-09-16 05:29:48,2025-09-16 01:29:48,2025-09-16,"Significant"
19,2025-09-16 05:34:48,2025-09-16 01:34:48,2025-09-16,"Significant"
24,2025-09-16 05:39:48,2025-09-16 01:39:48,2025-09-16,"Significant"
25,2025-09-16 05:44:48,2025-09-16 01:44:48,2025-09-16,"Significant"
21,2025-09-16 05:49:48,2025-09-16 01:49:48,2025-09-16,"Significant"
33,2025-09-16 05:54:48,2025-09-16 01:54:48,2025-09-16,"Significant"
30,2025-09-16 05:59:48,2025-09-16 01:59:48,2025-09-16,"Significant"
35,2025-09-16 06:04:48,2025-09-16 02:04:48,2025-09-16,"Significant"
31,2025-09-16 06:09:48,2025-09-16 02:09:48,2025-09-16,"Significant"
18,2025-09-16 06:14:48,2025-09-16 02:14:48,2025-09-16,"Significant"
18,2025-09-16 06:19:48,2025-09-16 02:19:48,2025-09-16,"Significant"
21,2025-09-16 06:24:48,2025-09-16 02:24:48,2025-09-16,"Significant"
20,2025-09-16 06:29:48,2025-09-16 02:29:48,2025-09-16,"Significant"
24,2025-09-16 06:34:48,2025-09-16 02:34:48,2025-09-16,"Significant"
24,2025-09-16 06:39:48,2025-09-16 02:39:48,2025-09-16,"Significant"
21,2025-09-16 06:44:48,2025-09-16 02:44:48,2025-09-16,"Significant"
23,2025-09-16 06:49:48,2025-09-16 02:49:48,2025-09-16,"Significant"
21,2025-09-16 06:54:48,2025-09-16 02:54:48,2025-09-16,"Significant"
19,2025-09-16 06:59:48,2025-09-16 02:59:48,2025-09-16,"Significant"
20,2025-09-16 07:04:48,2025-09-16 03:04:48,2025-09-16,"Significant"
32,2025-09-16 07:09:48,2025-09-16 03:09:48,2025-09-16,"Significant"
33,2025-09-16 07:14:48,2025-09-16 03:14:48,2025-09-16,"Significant"
31,2025-09-16 07:19:48,2025-09-16 03:19:48,2025-09-16,"Significant"
33,2025-09-16 07:24:48,2025-09-16 03:24:48,2025-09-16,"Significant"
37,2025-09-16 07:29:48,2025-09-16 03:29:48,2025-09-16,"Significant"
36,2025-09-16 07:34:48,2025-09-16 03:34:48,2025-09-16,"Significant"
38,2025-09-16 07:39:48,2025-09-16 03:39:48,2025-09-16,"Significant"
36,2025-09-16 07:44:48,2025-09-16 03:44:48,2025-09-16,"Significant"
37,2025-09-16 07:49:48,2025-09-16 03:49:48,2025-09-16,"Significant"
39,2025-09-16 07:54:48,2025-09-16 03:54:48,2025-09-16,"Significant"
36,2025-09-16 07:59:48,2025-09-16 03:59:48,2025-09-16,"Significant"
33,2025-09-16 08:04:48,2025-09-16 04:04:48,2025-09-16,"Significant"
29,2025-09-16 08:09:48,2025-09-16 04:09:48,2025-09-16,"Significant"
30,2025-09-16 08:14:48,2025-09-16 04:14:48,2025-09-16,"Significant"
27,2025-09-16 08:19:48,2025-09-16 04:19:48,2025-09-16,"Significant"
27,2025-09-16 08:24:48,2025-09-16 04:24:48,2025-09-16,"Significant"
28,2025-09-16 08:29:48,2025-09-16 04:29:48,2025-09-16,"Significant"
27,2025-09-16 08:34:48,2025-09-16 04:34:48,2025-09-16,"Significant"
29,2025-09-16 08:39:48,2025-09-16 04:39:48,2025-09-16,"Significant"
27,2025-09-16 08:44:48,2025-09-16 04:44:48,2025-09-16,"Significant"
35,2025-09-16 08:49:48,2025-09-16 04:49:48,2025-09-16,"Significant"
35,2025-09-16 08:54:48,2025-09-16 04:54:48,2025-09-16,"Significant"
39,2025-09-16 08:59:48,2025-09-16 04:59:48,2025-09-16,"Significant"
27,2025-09-16 09:04:48,2025-09-16 05:04:48,2025-09-16,"Significant"
28,2025-09-16 09:09:48,2025-09-16 05:09:48,2025-09-16,"Significant"
28,2025-09-16 09:14:48,2025-09-16 05:14:48,2025-09-16,"Significant"
22,2025-09-16 09:19:48,2025-09-16 05:19:48,2025-09-16,"Significant"
21,2025-09-16 09:24:48,2025-09-16 05:24:48,2025-09-16,"Significant"
27,2025-09-16 09:29:48,2025-09-16 05:29:48,2025-09-16,"Significant"
23,2025-09-16 09:34:48,2025-09-16 05:34:48,2025-09-16,"Significant"
25,2025-09-16 09:39:48,2025-09-16 05:39:48,2025-09-16,"Significant"
33,2025-09-16 09:44:48,2025-09-16 05:44:48,2025-09-16,"Significant"
37,2025-09-16 09:49:48,2025-09-16 05:49:48,2025-09-16,"Significant"
33,2025-09-16 09:54:48,2025-09-16 05:54:48,2025-09-16,"Significant"
28,2025-09-16 09:59:48,2025-09-16 05:59:48,2025-09-16,"Significant"
36,2025-09-16 10:04:48,2025-09-16 06:04:48,2025-09-16,"Significant"
47,2025-09-16 10:09:48,2025-09-16 06:09:48,2025-09-16,"Significant"
47,2025-09-16 10:14:48,2025-09-16 06:14:48,2025-09-16,"Significant"
35,2025-09-16 10:19:48,2025-09-16 06:19:48,2025-09-16,"Significant"
36,2025-09-17 02:53:37,2025-09-16 22:53:37,2025-09-17,"Significant"
36,2025-09-17 02:58:37,2025-09-16 22:58:37,2025-09-17,"Significant"
35,2025-09-17 03:03:37,2025-09-16 23:03:37,2025-09-17,"Significant"
33,2025-09-17 03:08:37,2025-09-16 23:08:37,2025-09-17,"Significant"
25,2025-09-17 03:13:37,2025-09-16 23:13:37,2025-09-17,"Significant"
36,2025-09-17 03:18:37,2025-09-16 23:18:37,2025-09-17,"Significant"
30,2025-09-17 03:23:37,2025-09-16 23:23:37,2025-09-17,"Significant"
26,2025-09-17 03:28:37,2025-09-16 23:28:37,2025-09-17,"Significant"
26,2025-09-17 03:33:37,2025-09-16 23:33:37,2025-09-17,"Significant"
28,2025-09-17 03:38:37,2025-09-16 23:38:37,2025-09-17,"Significant"
33,2025-09-17 03:43:37,2025-09-16 23:43:37,2025-09-17,"Significant"
35,2025-09-17 03:48:37,2025-09-16 23:48:37,2025-09-17,"Significant"
48,2025-09-17 03:53:37,2025-09-16 23:53:37,2025-09-17,"Significant"
32,2025-09-17 03:58:37,2025-09-16 23:58:37,2025-09-17,"Significant"
32,2025-09-17 04:03:37,2025-09-17 00:03:37,2025-09-17,"Significant"
34,2025-09-17 04:08:37,2025-09-17 00:08:37,2025-09-17,"Significant"
31,2025-09-17 04:13:37,2025-09-17 00:13:37,2025-09-17,"Significant"
29,2025-09-17 04:18:37,2025-09-17 00:18:37,2025-09-17,"Significant"
30,2025-09-17 04:23:37,2025-09-17 00:23:37,2025-09-17,"Significant"
32,2025-09-17 04:28:37,2025-09-17 00:28:37,2025-09-17,"Significant"
32,2025-09-17 04:33:37,2025-09-17 00:33:37,2025-09-17,"Significant"
41,2025-09-17 04:38:37,2025-09-17 00:38:37,2025-09-17,"Significant"
35,2025-09-17 04:43:37,2025-09-17 00:43:37,2025-09-17,"Significant"
33,2025-09-17 04:48:37,2025-09-17 00:48:37,2025-09-17,"Significant"
46,2025-09-17 04:53:37,2025-09-17 00:53:37,2025-09-17,"Significant"
49,2025-09-17 04:58:37,2025-09-17 00:58:37,2025-09-17,"Significant"
47,2025-09-17 05:03:37,2025-09-17 01:03:37,2025-09-17,"Significant"
45,2025-09-17 05:08:37,2025-09-17 01:08:37,2025-09-17,"Significant"
24,2025-09-17 05:13:37,2025-09-17 01:13:37,2025-09-17,"Significant"
30,2025-09-17 05:18:37,2025-09-17 01:18:37,2025-09-17,"Significant"
28,2025-09-17 05:23:37,2025-09-17 01:23:37,2025-09-17,"Significant"
32,2025-09-17 05:28:37,2025-09-17 01:28:37,2025-09-17,"Significant"
32,2025-09-17 05:33:37,2025-09-17 01:33:37,2025-09-17,"Significant"
36,2025-09-17 05:38:37,2025-09-17 01:38:37,2025-09-17,"Significant"
38,2025-09-17 05:43:37,2025-09-17 01:43:37,2025-09-17,"Significant"
41,2025-09-17 05:48:37,2025-09-17 01:48:37,2025-09-17,"Significant"
41,2025-09-17 05:53:37,2025-09-17 01:53:37,2025-09-17,"Significant"
36,2025-09-17 05:58:37,2025-09-17 01:58:37,2025-09-17,"Significant"
36,2025-09-17 06:03:37,2025-09-17 02:03:37,2025-09-17,"Significant"
34,2025-09-17 06:08:37,2025-09-17 02:08:37,2025-09-17,"Significant"
34,2025-09-17 06:13:37,2025-09-17 02:13:37,2025-09-17,"Significant"
47,2025-09-17 06:18:37,2025-09-17 02:18:37,2025-09-17,"Significant"
42,2025-09-17 06:23:37,2025-09-17 02:23:37,2025-09-17,"Significant"
39,2025-09-17 06:28:37,2025-09-17 02:28:37,2025-09-17,"Significant"
38,2025-09-17 06:33:37,2025-09-17 02:33:37,2025-09-17,"Significant"
40,2025-09-17 06:38:37,2025-09-17 02:38:37,2025-09-17,"Significant"
35,2025-09-17 06:43:37,2025-09-17 02:43:37,2025-09-17,"Significant"
39,2025-09-17 06:48:37,2025-09-17 02:48:37,2025-09-17,"Significant"
36,2025-09-17 06:53:37,2025-09-17 02:53:37,2025-09-17,"Significant"
35,2025-09-17 06:58:37,2025-09-17 02:58:37,2025-09-17,"Significant"
41,2025-09-17 07:03:37,2025-09-17 03:03:37,2025-09-17,"Significant"
37,2025-09-17 07:08:37,2025-09-17 03:08:37,2025-09-17,"Significant"
36,2025-09-17 07:13:37,2025-09-17 03:13:37,2025-09-17,"Significant"
37,2025-09-17 07:18:37,2025-09-17 03:18:37,2025-09-17,"Significant"
36,2025-09-17 07:23:37,2025-09-17 03:23:37,2025-09-17,"Significant"
24,2025-09-17 07:28:37,2025-09-17 03:28:37,2025-09-17,"Significant"
24,2025-09-17 07:33:37,2025-09-17 03:33:37,2025-09-17,"Significant"
36,2025-09-17 07:38:37,2025-09-17 03:38:37,2025-09-17,"Significant"
29,2025-09-17 07:43:37,2025-09-17 03:43:37,2025-09-17,"Significant"
29,2025-09-17 07:48:37,2025-09-17 03:48:37,2025-09-17,"Significant"
34,2025-09-17 07:53:37,2025-09-17 03:53:37,2025-09-17,"Significant"
33,2025-09-17 07:58:37,2025-09-17 03:58:37,2025-09-17,"Significant"
39,2025-09-17 08:03:37,2025-09-17 04:03:37,2025-09-17,"Significant"
37,2025-09-17 08:08:37,2025-09-17 04:08:37,2025-09-17,"Significant"
48,2025-09-17 08:13:37,2025-09-17 04:13:37,2025-09-17,"Significant"
33,2025-09-17 08:18:37,2025-09-17 04:18:37,2025-09-17,"Significant"
37,2025-09-17 08:23:37,2025-09-17 04:23:37,2025-09-17,"Significant"
37,2025-09-17 08:28:37,2025-09-17 04:28:37,2025-09-17,"Significant"
50,2025-09-17 08:33:37,2025-09-17 04:33:37,2025-09-17,"Significant"
42,2025-09-17 08:38:37,2025-09-17 04:38:37,2025-09-17,"Significant"
31,2025-09-17 08:43:37,2025-09-17 04:43:37,2025-09-17,"Significant"
41,2025-09-17 08:48:37,2025-09-17 04:48:37,2025-09-17,"Significant"
41,2025-09-17 08:53:37,2025-09-17 04:53:37,2025-09-17,"Significant"
27,2025-09-17 08:58:37,2025-09-17 04:58:37,2025-09-17,"Significant"
26,2025-09-17 09:03:37,2025-09-17 05:03:37,2025-09-17,"Significant"
25,2025-09-17 09:08:37,2025-09-17 05:08:37,2025-09-17,"Significant"
27,2025-09-17 09:13:37,2025-09-17 05:13:37,2025-09-17,"Significant"
25,2025-09-17 09:18:37,2025-09-17 05:18:37,2025-09-17,"Significant"
26,2025-09-17 09:23:37,2025-09-17 05:23:37,2025-09-17,"Significant"
27,2025-09-17 09:28:37,2025-09-17 05:28:37,2025-09-17,"Significant"
29,2025-09-17 09:33:37,2025-09-17 05:33:37,2025-09-17,"Significant"
36,2025-09-17 09:38:37,2025-09-17 05:38:37,2025-09-17,"Significant"
32,2025-09-17 09:43:37,2025-09-17 05:43:37,2025-09-17,"Significant"
48,2025-09-17 09:48:37,2025-09-17 05:48:37,2025-09-17,"Significant"
33,2025-09-17 09:53:37,2025-09-17 05:53:37,2025-09-17,"Significant"
29,2025-09-17 09:58:37,2025-09-17 05:58:37,2025-09-17,"Significant"
32,2025-09-17 10:03:37,2025-09-17 06:03:37,2025-09-17,"Significant"
34,2025-09-17 10:08:37,2025-09-17 06:08:37,2025-09-17,"Significant"
25,2025-09-19 03:13:37,2025-09-18 23:13:37,2025-09-19,"Significant"
29,2025-09-19 03:18:37,2025-09-18 23:18:37,2025-09-19,"Significant"
25,2025-09-19 03:23:37,2025-09-18 23:23:37,2025-09-19,"Significant"
24,2025-09-19 03:28:37,2025-09-18 23:28:37,2025-09-19,"Significant"
24,2025-09-19 03:33:37,2025-09-18 23:33:37,2025-09-19,"Significant"
21,2025-09-19 03:38:37,2025-09-18 23:38:37,2025-09-19,"Significant"
21,2025-09-19 03:43:37,2025-09-18 23:43:37,2025-09-19,"Significant"
24,2025-09-19 03:48:37,2025-09-18 23:48:37,2025-09-19,"Significant"
25,2025-09-19 03:53:37,2025-09-18 23:53:37,2025-09-19,"Significant"
25,2025-09-19 03:58:37,2025-09-18 23:58:37,2025-09-19,"Significant"
25,2025-09-19 04:03:37,2025-09-19 00:03:37,2025-09-19,"Significant"
30,2025-09-19 04:08:37,2025-09-19 00:08:37,2025-09-19,"Significant"
26,2025-09-19 04:13:37,2025-09-19 00:13:37,2025-09-19,"Significant"
24,2025-09-19 04:18:37,2025-09-19 00:18:37,2025-09-19,"Significant"
25,2025-09-19 04:23:37,2025-09-19 00:23:37,2025-09-19,"Significant"
28,2025-09-19 04:28:37,2025-09-19 00:28:37,2025-09-19,"Significant"
28,2025-09-19 04:33:37,2025-09-19 00:33:37,2025-09-19,"Significant"
26,2025-09-19 04:38:37,2025-09-19 00:38:37,2025-09-19,"Significant"
27,2025-09-19 04:43:37,2025-09-19 00:43:37,2025-09-19,"Significant"
27,2025-09-19 04:48:37,2025-09-19 00:48:37,2025-09-19,"Significant"
24,2025-09-19 04:53:37,2025-09-19 00:53:37,2025-09-19,"Significant"
27,2025-09-19 04:58:37,2025-09-19 00:58:37,2025-09-19,"Significant"
24,2025-09-19 05:03:37,2025-09-19 01:03:37,2025-09-19,"Significant"
24,2025-09-19 05:08:37,2025-09-19 01:08:37,2025-09-19,"Significant"
26,2025-09-19 05:13:37,2025-09-19 01:13:37,2025-09-19,"Significant"
24,2025-09-19 05:18:37,2025-09-19 01:18:37,2025-09-19,"Significant"
22,2025-09-19 05:23:37,2025-09-19 01:23:37,2025-09-19,"Significant"
28,2025-09-19 05:28:37,2025-09-19 01:28:37,2025-09-19,"Significant"
24,2025-09-19 05:33:37,2025-09-19 01:33:37,2025-09-19,"Significant"
30,2025-09-19 05:38:37,2025-09-19 01:38:37,2025-09-19,"Significant"
22,2025-09-19 05:43:37,2025-09-19 01:43:37,2025-09-19,"Significant"
24,2025-09-19 05:48:37,2025-09-19 01:48:37,2025-09-19,"Significant"
20,2025-09-19 05:53:37,2025-09-19 01:53:37,2025-09-19,"Significant"
25,2025-09-19 05:58:37,2025-09-19 01:58:37,2025-09-19,"Significant"
31,2025-09-19 06:03:37,2025-09-19 02:03:37,2025-09-19,"Significant"
26,2025-09-19 06:08:37,2025-09-19 02:08:37,2025-09-19,"Significant"
22,2025-09-19 06:13:37,2025-09-19 02:13:37,2025-09-19,"Significant"
20,2025-09-19 06:18:37,2025-09-19 02:18:37,2025-09-19,"Significant"
32,2025-09-19 06:23:37,2025-09-19 02:23:37,2025-09-19,"Significant"
28,2025-09-19 06:28:37,2025-09-19 02:28:37,2025-09-19,"Significant"
17,2025-09-19 06:33:37,2025-09-19 02:33:37,2025-09-19,"Significant"
20,2025-09-19 06:38:37,2025-09-19 02:38:37,2025-09-19,"Significant"
21,2025-09-19 06:43:37,2025-09-19 02:43:37,2025-09-19,"Significant"
27,2025-09-19 06:48:37,2025-09-19 02:48:37,2025-09-19,"Significant"
20,2025-09-19 06:53:37,2025-09-19 02:53:37,2025-09-19,"Significant"
19,2025-09-19 06:58:37,2025-09-19 02:58:37,2025-09-19,"Significant"
21,2025-09-19 07:03:37,2025-09-19 03:03:37,2025-09-19,"Significant"
22,2025-09-19 07:08:37,2025-09-19 03:08:37,2025-09-19,"Significant"
22,2025-09-19 07:13:37,2025-09-19 03:13:37,2025-09-19,"Significant"
19,2025-09-19 07:18:37,2025-09-19 03:18:37,2025-09-19,"Significant"
18,2025-09-19 07:23:37,2025-09-19 03:23:37,2025-09-19,"Significant"
29,2025-09-19 07:28:37,2025-09-19 03:28:37,2025-09-19,"Significant"
19,2025-09-19 07:33:37,2025-09-19 03:33:37,2025-09-19,"Significant"
20,2025-09-19 07:38:37,2025-09-19 03:38:37,2025-09-19,"Significant"
20,2025-09-19 07:43:37,2025-09-19 03:43:37,2025-09-19,"Significant"
25,2025-09-19 07:48:37,2025-09-19 03:48:37,2025-09-19,"Significant"
25,2025-09-19 07:53:37,2025-09-19 03:53:37,2025-09-19,"Significant"
28,2025-09-19 07:58:37,2025-09-19 03:58:37,2025-09-19,"Significant"
23,2025-09-19 08:03:37,2025-09-19 04:03:37,2025-09-19,"Significant"
21,2025-09-19 08:08:37,2025-09-19 04:08:37,2025-09-19,"Significant"
29,2025-09-19 08:13:37,2025-09-19 04:13:37,2025-09-19,"Significant"
32,2025-09-19 08:18:37,2025-09-19 04:18:37,2025-09-19,"Significant"
26,2025-09-19 08:23:37,2025-09-19 04:23:37,2025-09-19,"Significant"
23,2025-09-19 08:28:37,2025-09-19 04:28:37,2025-09-19,"Significant"
22,2025-09-19 08:33:37,2025-09-19 04:33:37,2025-09-19,"Significant"
20,2025-09-19 08:38:37,2025-09-19 04:38:37,2025-09-19,"Significant"
20,2025-09-19 08:43:37,2025-09-19 04:43:37,2025-09-19,"Significant"
24,2025-09-19 08:48:37,2025-09-19 04:48:37,2025-09-19,"Significant"
21,2025-09-19 08:53:37,2025-09-19 04:53:37,2025-09-19,"Significant"
20,2025-09-19 08:58:37,2025-09-19 04:58:37,2025-09-19,"Significant"
32,2025-09-19 09:03:37,2025-09-19 05:03:37,2025-09-19,"Significant"
34,2025-09-19 09:08:37,2025-09-19 05:08:37,2025-09-19,"Significant"
29,2025-09-19 09:13:37,2025-09-19 05:13:37,2025-09-19,"Significant"
29,2025-09-19 09:18:37,2025-09-19 05:18:37,2025-09-19,"Significant"
36,2025-09-20 04:53:37,2025-09-20 00:53:37,2025-09-20,"Significant"
30,2025-09-20 04:58:37,2025-09-20 00:58:37,2025-09-20,"Significant"
33,2025-09-20 05:03:37,2025-09-20 01:03:37,2025-09-20,"Significant"
35,2025-09-20 05:08:37,2025-09-20 01:08:37,2025-09-20,"Significant"
39,2025-09-20 05:13:37,2025-09-20 01:13:37,2025-09-20,"Significant"
30,2025-09-20 05:18:37,2025-09-20 01:18:37,2025-09-20,"Significant"
25,2025-09-20 05:23:37,2025-09-20 01:23:37,2025-09-20,"Significant"
23,2025-09-20 05:28:37,2025-09-20 01:28:37,2025-09-20,"Significant"
30,2025-09-20 05:33:37,2025-09-20 01:33:37,2025-09-20,"Significant"
31,2025-09-20 05:38:37,2025-09-20 01:38:37,2025-09-20,"Significant"
38,2025-09-20 05:43:37,2025-09-20 01:43:37,2025-09-20,"Significant"
25,2025-09-20 05:48:37,2025-09-20 01:48:37,2025-09-20,"Significant"
21,2025-09-20 05:53:37,2025-09-20 01:53:37,2025-09-20,"Significant"
21,2025-09-20 05:58:37,2025-09-20 01:58:37,2025-09-20,"Significant"
20,2025-09-20 06:03:37,2025-09-20 02:03:37,2025-09-20,"Significant"
30,2025-09-20 06:08:37,2025-09-20 02:08:37,2025-09-20,"Significant"
23,2025-09-20 06:13:37,2025-09-20 02:13:37,2025-09-20,"Significant"
25,2025-09-20 06:18:37,2025-09-20 02:18:37,2025-09-20,"Significant"
25,2025-09-20 06:23:37,2025-09-20 02:23:37,2025-09-20,"Significant"
24,2025-09-20 06:28:37,2025-09-20 02:28:37,2025-09-20,"Significant"
35,2025-09-20 06:33:37,2025-09-20 02:33:37,2025-09-20,"Significant"
31,2025-09-20 06:38:37,2025-09-20 02:38:37,2025-09-20,"Significant"
28,2025-09-20 06:43:37,2025-09-20 02:43:37,2025-09-20,"Significant"
29,2025-09-20 06:48:37,2025-09-20 02:48:37,2025-09-20,"Significant"
36,2025-09-20 06:53:37,2025-09-20 02:53:37,2025-09-20,"Significant"
36,2025-09-20 06:58:37,2025-09-20 02:58:37,2025-09-20,"Significant"
38,2025-09-20 07:03:37,2025-09-20 03:03:37,2025-09-20,"Significant"
34,2025-09-20 07:08:37,2025-09-20 03:08:37,2025-09-20,"Significant"
43,2025-09-20 07:13:37,2025-09-20 03:13:37,2025-09-20,"Significant"
39,2025-09-20 07:18:37,2025-09-20 03:18:37,2025-09-20,"Significant"
32,2025-09-20 07:23:37,2025-09-20 03:23:37,2025-09-20,"Significant"
32,2025-09-20 07:28:37,2025-09-20 03:28:37,2025-09-20,"Significant"
25,2025-09-20 07:33:37,2025-09-20 03:33:37,2025-09-20,"Significant"
27,2025-09-20 07:38:37,2025-09-20 03:38:37,2025-09-20,"Significant"
27,2025-09-20 07:43:37,2025-09-20 03:43:37,2025-09-20,"Significant"
27,2025-09-20 07:48:37,2025-09-20 03:48:37,2025-09-20,"Significant"
25,2025-09-20 07:53:37,2025-09-20 03:53:37,2025-09-20,"Significant"
26,2025-09-20 07:58:37,2025-09-20 03:58:37,2025-09-20,"Significant"
26,2025-09-20 08:03:37,2025-09-20 04:03:37,2025-09-20,"Significant"
24,2025-09-20 08:08:37,2025-09-20 04:08:37,2025-09-20,"Significant"
28,2025-09-20 08:13:37,2025-09-20 04:13:37,2025-09-20,"Significant"
27,2025-09-20 08:18:37,2025-09-20 04:18:37,2025-09-20,"Significant"
36,2025-09-20 08:23:37,2025-09-20 04:23:37,2025-09-20,"Significant"
38,2025-09-20 08:28:37,2025-09-20 04:28:37,2025-09-20,"Significant"
30,2025-09-20 08:33:37,2025-09-20 04:33:37,2025-09-20,"Significant"
27,2025-09-20 08:38:37,2025-09-20 04:38:37,2025-09-20,"Significant"
31,2025-09-20 08:43:37,2025-09-20 04:43:37,2025-09-20,"Significant"
26,2025-09-20 08:48:37,2025-09-20 04:48:37,2025-09-20,"Significant"
37,2025-09-20 08:53:37,2025-09-20 04:53:37,2025-09-20,"Significant"
37,2025-09-20 08:58:37,2025-09-20 04:58:37,2025-09-20,"Significant"
43,2025-09-20 09:03:37,2025-09-20 05:03:37,2025-09-20,"Significant"
37,2025-09-20 09:08:37,2025-09-20 05:08:37,2025-09-20,"Significant"
39,2025-09-20 09:13:37,2025-09-20 05:13:37,2025-09-20,"Significant"
38,2025-09-20 09:18:37,2025-09-20 05:18:37,2025-09-20,"Significant"
36,2025-09-20 09:23:37,2025-09-20 05:23:37,2025-09-20,"Significant"
38,2025-09-20 09:28:37,2025-09-20 05:28:37,2025-09-20,"Significant"
29,2025-09-20 09:33:37,2025-09-20 05:33:37,2025-09-20,"Significant"
27,2025-09-20 09:38:37,2025-09-20 05:38:37,2025-09-20,"Significant"
32,2025-09-20 09:43:37,2025-09-20 05:43:37,2025-09-20,"Significant"
31,2025-09-20 09:48:37,2025-09-20 05:48:37,2025-09-20,"Significant"
36,2025-09-20 09:53:37,2025-09-20 05:53:37,2025-09-20,"Significant"
29,2025-09-20 09:58:37,2025-09-20 05:58:37,2025-09-20,"Significant"
28,2025-09-20 10:03:37,2025-09-20 06:03:37,2025-09-20,"Significant"
24,2025-09-21 03:58:37,2025-09-20 23:58:37,2025-09-21,"Significant"
26,2025-09-21 04:03:37,2025-09-21 00:03:37,2025-09-21,"Significant"
24,2025-09-21 04:08:37,2025-09-21 00:08:37,2025-09-21,"Significant"
23,2025-09-21 04:13:37,2025-09-21 00:13:37,2025-09-21,"Significant"
22,2025-09-21 04:18:37,2025-09-21 00:18:37,2025-09-21,"Significant"
23,2025-09-21 04:23:37,2025-09-21 00:23:37,2025-09-21,"Significant"
24,2025-09-21 04:28:37,2025-09-21 00:28:37,2025-09-21,"Significant"
22,2025-09-21 04:33:37,2025-09-21 00:33:37,2025-09-21,"Significant"
24,2025-09-21 04:38:37,2025-09-21 00:38:37,2025-09-21,"Significant"
20,2025-09-21 04:43:37,2025-09-21 00:43:37,2025-09-21,"Significant"
19,2025-09-21 04:48:37,2025-09-21 00:48:37,2025-09-21,"Significant"
22,2025-09-21 04:53:37,2025-09-21 00:53:37,2025-09-21,"Significant"
23,2025-09-21 04:58:37,2025-09-21 00:58:37,2025-09-21,"Significant"
23,2025-09-21 05:03:37,2025-09-21 01:03:37,2025-09-21,"Significant"
20,2025-09-21 05:08:37,2025-09-21 01:08:37,2025-09-21,"Significant"
19,2025-09-21 05:13:37,2025-09-21 01:13:37,2025-09-21,"Significant"
20,2025-09-21 05:18:37,2025-09-21 01:18:37,2025-09-21,"Significant"
23,2025-09-21 05:23:37,2025-09-21 01:23:37,2025-09-21,"Significant"
18,2025-09-21 05:28:37,2025-09-21 01:28:37,2025-09-21,"Significant"
14,2025-09-21 05:33:37,2025-09-21 01:33:37,2025-09-21,"Significant"
14,2025-09-21 05:38:37,2025-09-21 01:38:37,2025-09-21,"Significant"
15,2025-09-21 05:43:37,2025-09-21 01:43:37,2025-09-21,"Significant"
15,2025-09-21 05:48:37,2025-09-21 01:48:37,2025-09-21,"Significant"
22,2025-09-21 05:53:37,2025-09-21 01:53:37,2025-09-21,"Significant"
26,2025-09-21 05:58:37,2025-09-21 01:58:37,2025-09-21,"Significant"
19,2025-09-21 06:03:37,2025-09-21 02:03:37,2025-09-21,"Significant"
18,2025-09-21 06:08:37,2025-09-21 02:08:37,2025-09-21,"Significant"
18,2025-09-21 06:13:37,2025-09-21 02:13:37,2025-09-21,"Significant"
21,2025-09-21 06:18:37,2025-09-21 02:18:37,2025-09-21,"Significant"
22,2025-09-21 06:23:37,2025-09-21 02:23:37,2025-09-21,"Significant"
21,2025-09-21 06:28:37,2025-09-21 02:28:37,2025-09-21,"Significant"
23,2025-09-21 06:33:37,2025-09-21 02:33:37,2025-09-21,"Significant"
27,2025-09-21 06:38:37,2025-09-21 02:38:37,2025-09-21,"Significant"
24,2025-09-21 06:43:37,2025-09-21 02:43:37,2025-09-21,"Significant"
27,2025-09-21 06:48:37,2025-09-21 02:48:37,2025-09-21,"Significant"
32,2025-09-21 06:53:37,2025-09-21 02:53:37,2025-09-21,"Significant"
29,2025-09-21 06:58:37,2025-09-21 02:58:37,2025-09-21,"Significant"
30,2025-09-21 07:03:37,2025-09-21 03:03:37,2025-09-21,"Significant"
24,2025-09-21 07:08:37,2025-09-21 03:08:37,2025-09-21,"Significant"
31,2025-09-21 07:13:37,2025-09-21 03:13:37,2025-09-21,"Significant"
28,2025-09-21 07:18:37,2025-09-21 03:18:37,2025-09-21,"Significant"
27,2025-09-21 07:23:37,2025-09-21 03:23:37,2025-09-21,"Significant"
28,2025-09-21 07:28:37,2025-09-21 03:28:37,2025-09-21,"Significant"
27,2025-09-21 07:33:37,2025-09-21 03:33:37,2025-09-21,"Significant"
27,2025-09-21 07:38:37,2025-09-21 03:38:37,2025-09-21,"Significant"
28,2025-09-21 07:43:37,2025-09-21 03:43:37,2025-09-21,"Significant"
26,2025-09-21 07:48:37,2025-09-21 03:48:37,2025-09-21,"Significant"
28,2025-09-21 07:53:37,2025-09-21 03:53:37,2025-09-21,"Significant"
31,2025-09-21 07:58:37,2025-09-21 03:58:37,2025-09-21,"Significant"
31,2025-09-21 08:03:37,2025-09-21 04:03:37,2025-09-21,"Significant"
38,2025-09-21 08:08:37,2025-09-21 04:08:37,2025-09-21,"Significant"
36,2025-09-21 08:13:37,2025-09-21 04:13:37,2025-09-21,"Significant"
44,2025-09-21 08:18:37,2025-09-21 04:18:37,2025-09-21,"Significant"
35,2025-09-21 08:23:37,2025-09-21 04:23:37,2025-09-21,"Significant"
34,2025-09-21 08:28:37,2025-09-21 04:28:37,2025-09-21,"Significant"
25,2025-09-21 08:33:37,2025-09-21 04:33:37,2025-09-21,"Significant"
28,2025-09-21 08:38:37,2025-09-21 04:38:37,2025-09-21,"Significant"
35,2025-09-21 08:43:37,2025-09-21 04:43:37,2025-09-21,"Significant"
29,2025-09-21 08:48:37,2025-09-21 04:48:37,2025-09-21,"Significant"
34,2025-09-21 08:53:37,2025-09-21 04:53:37,2025-09-21,"Significant"
26,2025-09-21 08:58:37,2025-09-21 04:58:37,2025-09-21,"Significant"
28,2025-09-21 09:03:37,2025-09-21 05:03:37,2025-09-21,"Significant"
25,2025-09-21 09:08:37,2025-09-21 05:08:37,2025-09-21,"Significant"
28,2025-09-21 09:13:37,2025-09-21 05:13:37,2025-09-21,"Significant"
25,2025-09-21 09:18:37,2025-09-21 05:18:37,2025-09-21,"Significant"
19,2025-09-21 09:23:37,2025-09-21 05:23:37,2025-09-21,"Significant"
24,2025-09-21 09:28:37,2025-09-21 05:28:37,2025-09-21,"Significant"
23,2025-09-21 09:33:37,2025-09-21 05:33:37,2025-09-21,"Significant"
29,2025-09-21 09:38:37,2025-09-21 05:38:37,2025-09-21,"Significant"
27,2025-09-21 09:43:37,2025-09-21 05:43:37,2025-09-21,"Significant"
33,2025-09-21 09:48:37,2025-09-21 05:48:37,2025-09-21,"Significant"
31,2025-09-21 09:53:37,2025-09-21 05:53:37,2025-09-21,"Significant"
31,2025-09-21 09:58:37,2025-09-21 05:58:37,2025-09-21,"Significant"
39,2025-09-21 10:03:37,2025-09-21 06:03:37,2025-09-21,"Significant"
31,2025-09-21 10:08:37,2025-09-21 06:08:37,2025-09-21,"Significant"
32,2025-09-21 10:13:37,2025-09-21 06:13:37,2025-09-21,"Significant"
42,2025-09-21 10:18:37,2025-09-21 06:18:37,2025-09-21,"Significant"
40,2025-09-21 10:23:37,2025-09-21 06:23:37,2025-09-21,"Significant"
37,2025-09-21 10:28:37,2025-09-21 06:28:37,2025-09-21,"Significant"
36,2025-09-21 10:33:37,2025-09-21 06:33:37,2025-09-21,"Significant"
33,2025-09-21 10:38:37,2025-09-21 06:38:37,2025-09-21,"Significant"
29,2025-09-21 10:43:37,2025-09-21 06:43:37,2025-09-21,"Significant"
33,2025-09-21 10:48:37,2025-09-21 06:48:37,2025-09-21,"Significant"
33,2025-09-21 10:53:37,2025-09-21 06:53:37,2025-09-21,"Significant"
31,2025-09-21 10:58:37,2025-09-21 06:58:37,2025-09-21,"Significant"
40,2025-09-21 11:03:37,2025-09-21 07:03:37,2025-09-21,"Significant"
32,2025-09-21 11:08:37,2025-09-21 07:08:37,2025-09-21,"Significant"
28,2025-09-21 11:13:37,2025-09-21 07:13:37,2025-09-21,"Significant"
33,2025-09-21 11:18:37,2025-09-21 07:18:37,2025-09-21,"Significant"
32,2025-09-21 11:23:37,2025-09-21 07:23:37,2025-09-21,"Significant"
22,2025-09-21 11:28:37,2025-09-21 07:28:37,2025-09-21,"Significant"
15,2025-09-21 11:33:37,2025-09-21 07:33:37,2025-09-21,"Significant"
30,2025-09-21 11:38:37,2025-09-21 07:38:37,2025-09-21,"Significant"
27,2025-09-21 11:43:37,2025-09-21 07:43:37,2025-09-21,"Significant"
24,2025-09-21 11:48:37,2025-09-21 07:48:37,2025-09-21,"Significant"
22,2025-09-21 11:53:37,2025-09-21 07:53:37,2025-09-21,"Significant"
27,2025-09-21 11:58:37,2025-09-21 07:58:37,2025-09-21,"Significant"
24,2025-09-21 12:03:37,2025-09-21 08:03:37,2025-09-21,"Significant"
27,2025-09-21 12:08:37,2025-09-21 08:08:37,2025-09-21,"Significant"
24,2025-09-21 12:13:37,2025-09-21 08:13:37,2025-09-21,"Significant"
28,2025-09-21 12:18:37,2025-09-21 08:18:37,2025-09-21,"Significant"
26,2025-09-21 12:23:37,2025-09-21 08:23:37,2025-09-21,"Significant"
26,2025-09-21 12:28:37,2025-09-21 08:28:37,2025-09-21,"Significant"
38,2025-09-21 12:33:37,2025-09-21 08:33:37,2025-09-21,"Significant"
34,2025-09-21 12:38:37,2025-09-21 08:38:37,2025-09-21,"Significant"
29,2025-09-22 02:03:36,2025-09-21 22:03:36,2025-09-22,"Significant"
22,2025-09-22 02:08:36,2025-09-21 22:08:36,2025-09-22,"Significant"
21,2025-09-22 02:13:36,2025-09-21 22:13:36,2025-09-22,"Significant"
25,2025-09-22 02:18:36,2025-09-21 22:18:36,2025-09-22,"Significant"
20,2025-09-22 02:23:36,2025-09-21 22:23:36,2025-09-22,"Significant"
22,2025-09-22 02:28:36,2025-09-21 22:28:36,2025-09-22,"Significant"
23,2025-09-22 02:33:36,2025-09-21 22:33:36,2025-09-22,"Significant"
21,2025-09-22 02:38:36,2025-09-21 22:38:36,2025-09-22,"Significant"
19,2025-09-22 02:43:36,2025-09-21 22:43:36,2025-09-22,"Significant"
18,2025-09-22 02:48:36,2025-09-21 22:48:36,2025-09-22,"Significant"
14,2025-09-22 02:53:36,2025-09-21 22:53:36,2025-09-22,"Significant"
20,2025-09-22 02:58:36,2025-09-21 22:58:36,2025-09-22,"Significant"
18,2025-09-22 03:03:36,2025-09-21 23:03:36,2025-09-22,"Significant"
12,2025-09-22 03:08:36,2025-09-21 23:08:36,2025-09-22,"Significant"
13,2025-09-22 03:13:36,2025-09-21 23:13:36,2025-09-22,"Significant"
27,2025-09-22 03:18:36,2025-09-21 23:18:36,2025-09-22,"Significant"
26,2025-09-22 03:23:36,2025-09-21 23:23:36,2025-09-22,"Significant"
25,2025-09-22 03:28:36,2025-09-21 23:28:36,2025-09-22,"Significant"
25,2025-09-22 03:33:36,2025-09-21 23:33:36,2025-09-22,"Significant"
19,2025-09-22 03:38:36,2025-09-21 23:38:36,2025-09-22,"Significant"
20,2025-09-22 03:43:36,2025-09-21 23:43:36,2025-09-22,"Significant"
20,2025-09-22 03:48:36,2025-09-21 23:48:36,2025-09-22,"Significant"
19,2025-09-22 03:53:36,2025-09-21 23:53:36,2025-09-22,"Significant"
20,2025-09-22 03:58:36,2025-09-21 23:58:36,2025-09-22,"Significant"
20,2025-09-22 04:03:36,2025-09-22 00:03:36,2025-09-22,"Significant"
19,2025-09-22 04:08:36,2025-09-22 00:08:36,2025-09-22,"Significant"
21,2025-09-22 04:13:36,2025-09-22 00:13:36,2025-09-22,"Significant"
19,2025-09-22 04:18:36,2025-09-22 00:18:36,2025-09-22,"Significant"
28,2025-09-22 04:23:36,2025-09-22 00:23:36,2025-09-22,"Significant"
34,2025-09-22 04:28:36,2025-09-22 00:28:36,2025-09-22,"Significant"
31,2025-09-22 04:33:36,2025-09-22 00:33:36,2025-09-22,"Significant"
28,2025-09-22 04:38:36,2025-09-22 00:38:36,2025-09-22,"Significant"
33,2025-09-22 04:43:36,2025-09-22 00:43:36,2025-09-22,"Significant"
27,2025-09-22 04:48:36,2025-09-22 00:48:36,2025-09-22,"Significant"
20,2025-09-22 04:53:36,2025-09-22 00:53:36,2025-09-22,"Significant"
23,2025-09-22 04:58:36,2025-09-22 00:58:36,2025-09-22,"Significant"
19,2025-09-22 05:03:36,2025-09-22 01:03:36,2025-09-22,"Significant"
20,2025-09-22 05:08:36,2025-09-22 01:08:36,2025-09-22,"Significant"
18,2025-09-22 05:13:36,2025-09-22 01:13:36,2025-09-22,"Significant"
21,2025-09-22 05:18:36,2025-09-22 01:18:36,2025-09-22,"Significant"
21,2025-09-22 05:23:36,2025-09-22 01:23:36,2025-09-22,"Significant"
34,2025-09-22 05:28:36,2025-09-22 01:28:36,2025-09-22,"Significant"
30,2025-09-22 05:33:36,2025-09-22 01:33:36,2025-09-22,"Significant"
23,2025-09-22 05:38:36,2025-09-22 01:38:36,2025-09-22,"Significant"
24,2025-09-22 05:43:36,2025-09-22 01:43:36,2025-09-22,"Significant"
25,2025-09-22 05:48:36,2025-09-22 01:48:36,2025-09-22,"Significant"
22,2025-09-22 05:53:36,2025-09-22 01:53:36,2025-09-22,"Significant"
22,2025-09-22 05:58:36,2025-09-22 01:58:36,2025-09-22,"Significant"
30,2025-09-22 06:03:36,2025-09-22 02:03:36,2025-09-22,"Significant"
28,2025-09-22 06:08:36,2025-09-22 02:08:36,2025-09-22,"Significant"
31,2025-09-22 06:13:36,2025-09-22 02:13:36,2025-09-22,"Significant"
29,2025-09-22 06:18:36,2025-09-22 02:18:36,2025-09-22,"Significant"
30,2025-09-22 06:23:36,2025-09-22 02:23:36,2025-09-22,"Significant"
28,2025-09-22 06:28:36,2025-09-22 02:28:36,2025-09-22,"Significant"
25,2025-09-23 02:18:36,2025-09-22 22:18:36,2025-09-23,"Significant"
24,2025-09-23 02:23:36,2025-09-22 22:23:36,2025-09-23,"Significant"
15,2025-09-23 02:28:36,2025-09-22 22:28:36,2025-09-23,"Significant"
13,2025-09-23 02:33:36,2025-09-22 22:33:36,2025-09-23,"Significant"
15,2025-09-23 02:38:36,2025-09-22 22:38:36,2025-09-23,"Significant"
15,2025-09-23 02:43:36,2025-09-22 22:43:36,2025-09-23,"Significant"
15,2025-09-23 02:48:36,2025-09-22 22:48:36,2025-09-23,"Significant"
17,2025-09-23 02:53:36,2025-09-22 22:53:36,2025-09-23,"Significant"
16,2025-09-23 02:58:36,2025-09-22 22:58:36,2025-09-23,"Significant"
16,2025-09-23 03:03:36,2025-09-22 23:03:36,2025-09-23,"Significant"
17,2025-09-23 03:08:36,2025-09-22 23:08:36,2025-09-23,"Significant"
21,2025-09-23 03:13:36,2025-09-22 23:13:36,2025-09-23,"Significant"
20,2025-09-23 03:18:36,2025-09-22 23:18:36,2025-09-23,"Significant"
23,2025-09-23 03:23:36,2025-09-22 23:23:36,2025-09-23,"Significant"
18,2025-09-23 03:28:36,2025-09-22 23:28:36,2025-09-23,"Significant"
22,2025-09-23 03:33:36,2025-09-22 23:33:36,2025-09-23,"Significant"
19,2025-09-23 03:38:36,2025-09-22 23:38:36,2025-09-23,"Significant"
24,2025-09-23 03:43:36,2025-09-22 23:43:36,2025-09-23,"Significant"
20,2025-09-23 03:48:36,2025-09-22 23:48:36,2025-09-23,"Significant"
19,2025-09-23 03:53:36,2025-09-22 23:53:36,2025-09-23,"Significant"
26,2025-09-23 03:58:36,2025-09-22 23:58:36,2025-09-23,"Significant"
25,2025-09-23 04:03:36,2025-09-23 00:03:36,2025-09-23,"Significant"
22,2025-09-23 04:08:36,2025-09-23 00:08:36,2025-09-23,"Significant"
25,2025-09-23 04:13:36,2025-09-23 00:13:36,2025-09-23,"Significant"
26,2025-09-23 04:18:36,2025-09-23 00:18:36,2025-09-23,"Significant"
31,2025-09-23 04:23:36,2025-09-23 00:23:36,2025-09-23,"Significant"
27,2025-09-23 04:28:36,2025-09-23 00:28:36,2025-09-23,"Significant"
31,2025-09-23 04:33:36,2025-09-23 00:33:36,2025-09-23,"Significant"
33,2025-09-23 04:38:36,2025-09-23 00:38:36,2025-09-23,"Significant"
31,2025-09-23 04:43:36,2025-09-23 00:43:36,2025-09-23,"Significant"
36,2025-09-23 04:48:36,2025-09-23 00:48:36,2025-09-23,"Significant"
35,2025-09-23 04:53:36,2025-09-23 00:53:36,2025-09-23,"Significant"
40,2025-09-23 04:58:36,2025-09-23 00:58:36,2025-09-23,"Significant"
39,2025-09-23 05:03:36,2025-09-23 01:03:36,2025-09-23,"Significant"
36,2025-09-23 05:08:36,2025-09-23 01:08:36,2025-09-23,"Significant"
38,2025-09-23 05:13:36,2025-09-23 01:13:36,2025-09-23,"Significant"
37,2025-09-23 05:18:36,2025-09-23 01:18:36,2025-09-23,"Significant"
28,2025-09-23 05:23:36,2025-09-23 01:23:36,2025-09-23,"Significant"
42,2025-09-23 05:28:36,2025-09-23 01:28:36,2025-09-23,"Significant"
45,2025-09-23 05:33:36,2025-09-23 01:33:36,2025-09-23,"Significant"
43,2025-09-23 05:38:36,2025-09-23 01:38:36,2025-09-23,"Significant"
33,2025-09-23 05:43:36,2025-09-23 01:43:36,2025-09-23,"Significant"
25,2025-09-23 05:48:36,2025-09-23 01:48:36,2025-09-23,"Significant"
29,2025-09-23 05:53:36,2025-09-23 01:53:36,2025-09-23,"Significant"
27,2025-09-23 05:58:36,2025-09-23 01:58:36,2025-09-23,"Significant"
24,2025-09-23 06:03:36,2025-09-23 02:03:36,2025-09-23,"Significant"
25,2025-09-23 06:08:36,2025-09-23 02:08:36,2025-09-23,"Significant"
24,2025-09-23 06:13:36,2025-09-23 02:13:36,2025-09-23,"Significant"
31,2025-09-23 06:18:36,2025-09-23 02:18:36,2025-09-23,"Significant"
32,2025-09-23 06:23:36,2025-09-23 02:23:36,2025-09-23,"Significant"
27,2025-09-23 06:28:36,2025-09-23 02:28:36,2025-09-23,"Significant"
28,2025-09-23 06:33:36,2025-09-23 02:33:36,2025-09-23,"Significant"
32,2025-09-23 06:38:36,2025-09-23 02:38:36,2025-09-23,"Significant"
33,2025-09-23 06:43:36,2025-09-23 02:43:36,2025-09-23,"Significant"
30,2025-09-23 06:48:36,2025-09-23 02:48:36,2025-09-23,"Significant"
37,2025-09-23 06:53:36,2025-09-23 02:53:36,2025-09-23,"Significant"
39,2025-09-23 06:58:36,2025-09-23 02:58:36,2025-09-23,"Significant"
38,2025-09-23 07:03:36,2025-09-23 03:03:36,2025-09-23,"Significant"
32,2025-09-23 07:08:36,2025-09-23 03:08:36,2025-09-23,"Significant"
32,2025-09-23 07:13:36,2025-09-23 03:13:36,2025-09-23,"Significant"
35,2025-09-23 07:18:36,2025-09-23 03:18:36,2025-09-23,"Significant"
34,2025-09-23 07:23:36,2025-09-23 03:23:36,2025-09-23,"Significant"
27,2025-09-23 07:28:36,2025-09-23 03:28:36,2025-09-23,"Significant"
26,2025-09-23 07:33:36,2025-09-23 03:33:36,2025-09-23,"Significant"
28,2025-09-23 07:38:36,2025-09-23 03:38:36,2025-09-23,"Significant"
35,2025-09-23 07:43:36,2025-09-23 03:43:36,2025-09-23,"Significant"
36,2025-09-23 07:48:36,2025-09-23 03:48:36,2025-09-23,"Significant"
33,2025-09-23 07:53:36,2025-09-23 03:53:36,2025-09-23,"Significant"
40,2025-09-23 07:58:36,2025-09-23 03:58:36,2025-09-23,"Significant"
31,2025-09-23 08:03:36,2025-09-23 04:03:36,2025-09-23,"Significant"
31,2025-09-23 08:08:36,2025-09-23 04:08:36,2025-09-23,"Significant"
31,2025-09-23 08:13:36,2025-09-23 04:13:36,2025-09-23,"Significant"
23,2025-09-23 08:18:36,2025-09-23 04:18:36,2025-09-23,"Significant"
19,2025-09-23 08:23:36,2025-09-23 04:23:36,2025-09-23,"Significant"
19,2025-09-23 08:28:36,2025-09-23 04:28:36,2025-09-23,"Significant"
20,2025-09-23 08:33:36,2025-09-23 04:33:36,2025-09-23,"Significant"
18,2025-09-23 08:38:36,2025-09-23 04:38:36,2025-09-23,"Significant"
25,2025-09-23 08:43:36,2025-09-23 04:43:36,2025-09-23,"Significant"
29,2025-09-23 08:48:36,2025-09-23 04:48:36,2025-09-23,"Significant"
27,2025-09-23 08:53:36,2025-09-23 04:53:36,2025-09-23,"Significant"
33,2025-09-23 08:58:36,2025-09-23 04:58:36,2025-09-23,"Significant"
33,2025-09-23 09:03:36,2025-09-23 05:03:36,2025-09-23,"Significant"
33,2025-09-23 09:08:36,2025-09-23 05:08:36,2025-09-23,"Significant"
11,2025-09-24 03:33:36,2025-09-23 23:33:36,2025-09-24,"Significant"
9,2025-09-24 03:38:36,2025-09-23 23:38:36,2025-09-24,"Significant"
9,2025-09-24 03:43:36,2025-09-23 23:43:36,2025-09-24,"Significant"
8,2025-09-24 03:48:36,2025-09-23 23:48:36,2025-09-24,"Significant"
9,2025-09-24 03:53:36,2025-09-23 23:53:36,2025-09-24,"Significant"
8,2025-09-24 03:58:36,2025-09-23 23:58:36,2025-09-24,"Significant"
8,2025-09-24 04:03:36,2025-09-24 00:03:36,2025-09-24,"Significant"
8,2025-09-24 04:08:36,2025-09-24 00:08:36,2025-09-24,"Significant"
16,2025-09-24 04:13:36,2025-09-24 00:13:36,2025-09-24,"Significant"
22,2025-09-24 04:18:36,2025-09-24 00:18:36,2025-09-24,"Significant"
17,2025-09-24 04:23:36,2025-09-24 00:23:36,2025-09-24,"Significant"
14,2025-09-24 04:28:36,2025-09-24 00:28:36,2025-09-24,"Significant"
15,2025-09-24 04:33:36,2025-09-24 00:33:36,2025-09-24,"Significant"
17,2025-09-24 04:38:36,2025-09-24 00:38:36,2025-09-24,"Significant"
27,2025-09-24 04:43:36,2025-09-24 00:43:36,2025-09-24,"Significant"
21,2025-09-24 04:48:36,2025-09-24 00:48:36,2025-09-24,"Significant"
13,2025-09-24 04:53:36,2025-09-24 00:53:36,2025-09-24,"Significant"
13,2025-09-24 04:58:36,2025-09-24 00:58:36,2025-09-24,"Significant"
16,2025-09-24 05:03:36,2025-09-24 01:03:36,2025-09-24,"Significant"
17,2025-09-24 05:08:36,2025-09-24 01:08:36,2025-09-24,"Significant"
17,2025-09-24 05:13:36,2025-09-24 01:13:36,2025-09-24,"Significant"
20,2025-09-24 05:18:36,2025-09-24 01:18:36,2025-09-24,"Significant"
18,2025-09-24 05:23:36,2025-09-24 01:23:36,2025-09-24,"Significant"
18,2025-09-24 05:28:36,2025-09-24 01:28:36,2025-09-24,"Significant"
15,2025-09-24 05:33:36,2025-09-24 01:33:36,2025-09-24,"Significant"
17,2025-09-24 05:38:36,2025-09-24 01:38:36,2025-09-24,"Significant"
18,2025-09-24 05:43:36,2025-09-24 01:43:36,2025-09-24,"Significant"
15,2025-09-24 05:48:36,2025-09-24 01:48:36,2025-09-24,"Significant"
13,2025-09-24 05:53:36,2025-09-24 01:53:36,2025-09-24,"Significant"
15,2025-09-24 05:58:36,2025-09-24 01:58:36,2025-09-24,"Significant"
14,2025-09-24 06:03:36,2025-09-24 02:03:36,2025-09-24,"Significant"
14,2025-09-24 06:08:36,2025-09-24 02:08:36,2025-09-24,"Significant"
12,2025-09-24 06:13:36,2025-09-24 02:13:36,2025-09-24,"Significant"
14,2025-09-24 06:18:36,2025-09-24 02:18:36,2025-09-24,"Significant"
12,2025-09-24 06:23:36,2025-09-24 02:23:36,2025-09-24,"Significant"
13,2025-09-24 06:28:36,2025-09-24 02:28:36,2025-09-24,"Significant"
14,2025-09-24 06:33:36,2025-09-24 02:33:36,2025-09-24,"Significant"
14,2025-09-24 06:38:36,2025-09-24 02:38:36,2025-09-24,"Significant"
15,2025-09-24 06:43:36,2025-09-24 02:43:36,2025-09-24,"Significant"
15,2025-09-24 06:48:36,2025-09-24 02:48:36,2025-09-24,"Significant"
16,2025-09-24 06:53:36,2025-09-24 02:53:36,2025-09-24,"Significant"
15,2025-09-24 06:58:36,2025-09-24 02:58:36,2025-09-24,"Significant"
12,2025-09-24 07:03:36,2025-09-24 03:03:36,2025-09-24,"Significant"
14,2025-09-24 07:08:36,2025-09-24 03:08:36,2025-09-24,"Significant"
12,2025-09-24 07:13:36,2025-09-24 03:13:36,2025-09-24,"Significant"
13,2025-09-24 07:18:36,2025-09-24 03:18:36,2025-09-24,"Significant"
14,2025-09-24 07:23:36,2025-09-24 03:23:36,2025-09-24,"Significant"
14,2025-09-24 07:28:36,2025-09-24 03:28:36,2025-09-24,"Significant"
14,2025-09-24 07:33:36,2025-09-24 03:33:36,2025-09-24,"Significant"
15,2025-09-24 07:38:36,2025-09-24 03:38:36,2025-09-24,"Significant"
10,2025-09-24 07:43:36,2025-09-24 03:43:36,2025-09-24,"Significant"
10,2025-09-24 07:48:36,2025-09-24 03:48:36,2025-09-24,"Significant"
11,2025-09-24 07:53:36,2025-09-24 03:53:36,2025-09-24,"Significant"
13,2025-09-24 07:58:36,2025-09-24 03:58:36,2025-09-24,"Significant"
13,2025-09-24 08:03:36,2025-09-24 04:03:36,2025-09-24,"Significant"
12,2025-09-24 08:08:36,2025-09-24 04:08:36,2025-09-24,"Significant"
14,2025-09-24 08:13:36,2025-09-24 04:13:36,2025-09-24,"Significant"
17,2025-09-24 08:18:36,2025-09-24 04:18:36,2025-09-24,"Significant"
17,2025-09-24 08:23:36,2025-09-24 04:23:36,2025-09-24,"Significant"
16,2025-09-24 08:28:36,2025-09-24 04:28:36,2025-09-24,"Significant"
19,2025-09-24 08:33:36,2025-09-24 04:33:36,2025-09-24,"Significant"
15,2025-09-24 08:38:36,2025-09-24 04:38:36,2025-09-24,"Significant"
14,2025-09-24 08:43:36,2025-09-24 04:43:36,2025-09-24,"Significant"
16,2025-09-24 08:48:36,2025-09-24 04:48:36,2025-09-24,"Significant"
14,2025-09-24 08:53:36,2025-09-24 04:53:36,2025-09-24,"Significant"
15,2025-09-24 08:58:36,2025-09-24 04:58:36,2025-09-24,"Significant"
16,2025-09-24 09:03:36,2025-09-24 05:03:36,2025-09-24,"Significant"
19,2025-09-24 09:08:36,2025-09-24 05:08:36,2025-09-24,"Significant"
16,2025-09-24 09:13:36,2025-09-24 05:13:36,2025-09-24,"Significant"
17,2025-09-24 09:18:36,2025-09-24 05:18:36,2025-09-24,"Significant"
18,2025-09-24 09:23:36,2025-09-24 05:23:36,2025-09-24,"Significant"
16,2025-09-24 09:28:36,2025-09-24 05:28:36,2025-09-24,"Significant"
19,2025-09-24 09:33:36,2025-09-24 05:33:36,2025-09-24,"Significant"
18,2025-09-24 09:38:36,2025-09-24 05:38:36,2025-09-24,"Significant"
19,2025-09-24 09:43:36,2025-09-24 05:43:36,2025-09-24,"Significant"
19,2025-09-24 09:48:36,2025-09-24 05:48:36,2025-09-24,"Significant"
21,2025-09-24 09:53:36,2025-09-24 05:53:36,2025-09-24,"Significant"
13,2025-09-24 09:58:36,2025-09-24 05:58:36,2025-09-24,"Significant"
13,2025-09-24 10:03:36,2025-09-24 06:03:36,2025-09-24,"Significant"
13,2025-09-24 10:08:36,2025-09-24 06:08:36,2025-09-24,"Significant"
12,2025-09-24 10:13:36,2025-09-24 06:13:36,2025-09-24,"Significant"
12,2025-09-24 10:18:36,2025-09-24 06:18:36,2025-09-24,"Significant"
22,2025-09-24 10:23:36,2025-09-24 06:23:36,2025-09-24,"Significant"
22,2025-09-24 10:28:36,2025-09-24 06:28:36,2025-09-24,"Significant"
21,2025-09-24 10:33:36,2025-09-24 06:33:36,2025-09-24,"Significant"
16,2025-09-24 10:38:36,2025-09-24 06:38:36,2025-09-24,"Significant"
18,2025-09-24 10:43:36,2025-09-24 06:43:36,2025-09-24,"Significant"
12,2025-09-25 03:48:36,2025-09-24 23:48:36,2025-09-25,"Significant"
11,2025-09-25 03:53:36,2025-09-24 23:53:36,2025-09-25,"Significant"
11,2025-09-25 03:58:36,2025-09-24 23:58:36,2025-09-25,"Significant"
11,2025-09-25 04:03:36,2025-09-25 00:03:36,2025-09-25,"Significant"
12,2025-09-25 04:08:36,2025-09-25 00:08:36,2025-09-25,"Significant"
12,2025-09-25 04:13:36,2025-09-25 00:13:36,2025-09-25,"Significant"
11,2025-09-25 04:18:36,2025-09-25 00:18:36,2025-09-25,"Significant"
12,2025-09-25 04:23:36,2025-09-25 00:23:36,2025-09-25,"Significant"
15,2025-09-25 04:28:36,2025-09-25 00:28:36,2025-09-25,"Significant"
16,2025-09-25 04:33:36,2025-09-25 00:33:36,2025-09-25,"Significant"
9,2025-09-25 04:38:36,2025-09-25 00:38:36,2025-09-25,"Significant"
10,2025-09-25 04:43:36,2025-09-25 00:43:36,2025-09-25,"Significant"
10,2025-09-25 04:48:36,2025-09-25 00:48:36,2025-09-25,"Significant"
13,2025-09-25 04:53:36,2025-09-25 00:53:36,2025-09-25,"Significant"
19,2025-09-25 04:58:36,2025-09-25 00:58:36,2025-09-25,"Significant"
16,2025-09-25 05:03:36,2025-09-25 01:03:36,2025-09-25,"Significant"
17,2025-09-25 05:08:36,2025-09-25 01:08:36,2025-09-25,"Significant"
20,2025-09-25 05:13:36,2025-09-25 01:13:36,2025-09-25,"Significant"
20,2025-09-25 05:18:36,2025-09-25 01:18:36,2025-09-25,"Significant"
22,2025-09-25 05:23:36,2025-09-25 01:23:36,2025-09-25,"Significant"
23,2025-09-25 05:28:36,2025-09-25 01:28:36,2025-09-25,"Significant"
31,2025-09-25 05:33:36,2025-09-25 01:33:36,2025-09-25,"Significant"
28,2025-09-25 05:38:36,2025-09-25 01:38:36,2025-09-25,"Significant"
31,2025-09-25 05:43:36,2025-09-25 01:43:36,2025-09-25,"Significant"
28,2025-09-25 05:48:36,2025-09-25 01:48:36,2025-09-25,"Significant"
28,2025-09-25 05:53:36,2025-09-25 01:53:36,2025-09-25,"Significant"
27,2025-09-25 05:58:36,2025-09-25 01:58:36,2025-09-25,"Significant"
31,2025-09-25 06:03:36,2025-09-25 02:03:36,2025-09-25,"Significant"
27,2025-09-25 06:08:36,2025-09-25 02:08:36,2025-09-25,"Significant"
30,2025-09-25 06:13:36,2025-09-25 02:13:36,2025-09-25,"Significant"
27,2025-09-25 06:18:36,2025-09-25 02:18:36,2025-09-25,"Significant"
26,2025-09-25 06:23:36,2025-09-25 02:23:36,2025-09-25,"Significant"
28,2025-09-25 06:28:36,2025-09-25 02:28:36,2025-09-25,"Significant"
38,2025-09-25 06:33:36,2025-09-25 02:33:36,2025-09-25,"Significant"
29,2025-09-25 06:38:36,2025-09-25 02:38:36,2025-09-25,"Significant"
27,2025-09-25 06:43:36,2025-09-25 02:43:36,2025-09-25,"Significant"
26,2025-09-25 06:48:36,2025-09-25 02:48:36,2025-09-25,"Significant"
23,2025-09-25 06:53:36,2025-09-25 02:53:36,2025-09-25,"Significant"
30,2025-09-25 06:58:36,2025-09-25 02:58:36,2025-09-25,"Significant"
24,2025-09-25 07:03:36,2025-09-25 03:03:36,2025-09-25,"Significant"
30,2025-09-25 07:08:36,2025-09-25 03:08:36,2025-09-25,"Significant"
31,2025-09-25 07:13:36,2025-09-25 03:13:36,2025-09-25,"Significant"
29,2025-09-25 07:18:36,2025-09-25 03:18:36,2025-09-25,"Significant"
31,2025-09-25 07:23:36,2025-09-25 03:23:36,2025-09-25,"Significant"
31,2025-09-25 07:28:36,2025-09-25 03:28:36,2025-09-25,"Significant"
32,2025-09-25 07:33:36,2025-09-25 03:33:36,2025-09-25,"Significant"
29,2025-09-25 07:38:36,2025-09-25 03:38:36,2025-09-25,"Significant"
30,2025-09-25 07:43:36,2025-09-25 03:43:36,2025-09-25,"Significant"
29,2025-09-25 07:48:36,2025-09-25 03:48:36,2025-09-25,"Significant"
32,2025-09-25 07:53:36,2025-09-25 03:53:36,2025-09-25,"Significant"
33,2025-09-25 07:58:36,2025-09-25 03:58:36,2025-09-25,"Significant"
37,2025-09-25 08:03:36,2025-09-25 04:03:36,2025-09-25,"Significant"
33,2025-09-25 08:08:36,2025-09-25 04:08:36,2025-09-25,"Significant"
35,2025-09-25 08:13:36,2025-09-25 04:13:36,2025-09-25,"Significant"
29,2025-09-25 08:18:36,2025-09-25 04:18:36,2025-09-25,"Significant"
29,2025-09-25 08:23:36,2025-09-25 04:23:36,2025-09-25,"Significant"
28,2025-09-25 08:28:36,2025-09-25 04:28:36,2025-09-25,"Significant"
30,2025-09-25 08:33:36,2025-09-25 04:33:36,2025-09-25,"Significant"
31,2025-09-25 08:38:36,2025-09-25 04:38:36,2025-09-25,"Significant"
39,2025-09-25 08:43:36,2025-09-25 04:43:36,2025-09-25,"Significant"
31,2025-09-25 08:48:36,2025-09-25 04:48:36,2025-09-25,"Significant"
24,2025-09-25 08:53:36,2025-09-25 04:53:36,2025-09-25,"Significant"
29,2025-09-25 08:58:36,2025-09-25 04:58:36,2025-09-25,"Significant"
30,2025-09-25 09:03:36,2025-09-25 05:03:36,2025-09-25,"Significant"
32,2025-09-25 09:08:36,2025-09-25 05:08:36,2025-09-25,"Significant"
27,2025-09-25 09:13:36,2025-09-25 05:13:36,2025-09-25,"Significant"
46,2025-09-25 09:18:36,2025-09-25 05:18:36,2025-09-25,"Significant"
43,2025-09-25 09:23:36,2025-09-25 05:23:36,2025-09-25,"Significant"
38,2025-09-25 09:28:36,2025-09-25 05:28:36,2025-09-25,"Significant"
40,2025-09-25 09:33:36,2025-09-25 05:33:36,2025-09-25,"Significant"
40,2025-09-25 09:38:36,2025-09-25 05:38:36,2025-09-25,"Significant"
38,2025-09-25 09:43:36,2025-09-25 05:43:36,2025-09-25,"Significant"
38,2025-09-25 09:48:36,2025-09-25 05:48:36,2025-09-25,"Significant"
37,2025-09-25 09:53:36,2025-09-25 05:53:36,2025-09-25,"Significant"
34,2025-09-25 09:58:36,2025-09-25 05:58:36,2025-09-25,"Significant"
33,2025-09-25 10:03:36,2025-09-25 06:03:36,2025-09-25,"Significant"
31,2025-09-25 10:08:36,2025-09-25 06:08:36,2025-09-25,"Significant"
28,2025-09-25 10:13:36,2025-09-25 06:13:36,2025-09-25,"Significant"
32,2025-09-25 10:18:36,2025-09-25 06:18:36,2025-09-25,"Significant"
39,2025-09-25 10:23:36,2025-09-25 06:23:36,2025-09-25,"Significant"
29,2025-09-25 10:28:36,2025-09-25 06:28:36,2025-09-25,"Significant"
35,2025-09-25 10:33:36,2025-09-25 06:33:36,2025-09-25,"Significant"
28,2025-09-25 10:38:36,2025-09-25 06:38:36,2025-09-25,"Significant"
18,2025-09-26 03:13:36,2025-09-25 23:13:36,2025-09-26,"Significant"
16,2025-09-26 03:18:36,2025-09-25 23:18:36,2025-09-26,"Significant"
15,2025-09-26 03:23:36,2025-09-25 23:23:36,2025-09-26,"Significant"
16,2025-09-26 03:28:36,2025-09-25 23:28:36,2025-09-26,"Significant"
15,2025-09-26 03:33:36,2025-09-25 23:33:36,2025-09-26,"Significant"
14,2025-09-26 03:38:36,2025-09-25 23:38:36,2025-09-26,"Significant"
15,2025-09-26 03:43:36,2025-09-25 23:43:36,2025-09-26,"Significant"
14,2025-09-26 03:48:36,2025-09-25 23:48:36,2025-09-26,"Significant"
13,2025-09-26 03:53:36,2025-09-25 23:53:36,2025-09-26,"Significant"
13,2025-09-26 03:58:36,2025-09-25 23:58:36,2025-09-26,"Significant"
14,2025-09-26 04:03:36,2025-09-26 00:03:36,2025-09-26,"Significant"
19,2025-09-26 04:08:36,2025-09-26 00:08:36,2025-09-26,"Significant"
16,2025-09-26 04:13:36,2025-09-26 00:13:36,2025-09-26,"Significant"
15,2025-09-26 04:18:36,2025-09-26 00:18:36,2025-09-26,"Significant"
18,2025-09-26 04:23:36,2025-09-26 00:23:36,2025-09-26,"Significant"
16,2025-09-26 04:28:36,2025-09-26 00:28:36,2025-09-26,"Significant"
18,2025-09-26 04:33:36,2025-09-26 00:33:36,2025-09-26,"Significant"
20,2025-09-26 04:38:36,2025-09-26 00:38:36,2025-09-26,"Significant"
16,2025-09-26 04:43:36,2025-09-26 00:43:36,2025-09-26,"Significant"
20,2025-09-26 04:48:36,2025-09-26 00:48:36,2025-09-26,"Significant"
13,2025-09-26 04:53:36,2025-09-26 00:53:36,2025-09-26,"Significant"
13,2025-09-26 04:58:36,2025-09-26 00:58:36,2025-09-26,"Significant"
15,2025-09-26 05:03:36,2025-09-26 01:03:36,2025-09-26,"Significant"
14,2025-09-26 05:08:36,2025-09-26 01:08:36,2025-09-26,"Significant"
13,2025-09-26 05:13:36,2025-09-26 01:13:36,2025-09-26,"Significant"
14,2025-09-26 05:18:36,2025-09-26 01:18:36,2025-09-26,"Significant"
14,2025-09-26 05:23:36,2025-09-26 01:23:36,2025-09-26,"Significant"
14,2025-09-26 05:28:36,2025-09-26 01:28:36,2025-09-26,"Significant"
21,2025-09-26 05:33:36,2025-09-26 01:33:36,2025-09-26,"Significant"
21,2025-09-26 05:38:36,2025-09-26 01:38:36,2025-09-26,"Significant"
20,2025-09-26 05:43:36,2025-09-26 01:43:36,2025-09-26,"Significant"
17,2025-09-26 05:48:36,2025-09-26 01:48:36,2025-09-26,"Significant"
18,2025-09-26 05:53:36,2025-09-26 01:53:36,2025-09-26,"Significant"
22,2025-09-26 05:58:36,2025-09-26 01:58:36,2025-09-26,"Significant"
22,2025-09-26 06:03:36,2025-09-26 02:03:36,2025-09-26,"Significant"
24,2025-09-26 06:08:36,2025-09-26 02:08:36,2025-09-26,"Significant"
22,2025-09-26 06:13:36,2025-09-26 02:13:36,2025-09-26,"Significant"
22,2025-09-26 06:18:36,2025-09-26 02:18:36,2025-09-26,"Significant"
25,2025-09-26 06:23:36,2025-09-26 02:23:36,2025-09-26,"Significant"
25,2025-09-26 06:28:36,2025-09-26 02:28:36,2025-09-26,"Significant"
26,2025-09-26 06:33:36,2025-09-26 02:33:36,2025-09-26,"Significant"
22,2025-09-26 06:38:36,2025-09-26 02:38:36,2025-09-26,"Significant"
21,2025-09-26 06:43:36,2025-09-26 02:43:36,2025-09-26,"Significant"
31,2025-09-26 06:48:36,2025-09-26 02:48:36,2025-09-26,"Significant"
28,2025-09-26 06:53:36,2025-09-26 02:53:36,2025-09-26,"Significant"
25,2025-09-26 06:58:36,2025-09-26 02:58:36,2025-09-26,"Significant"
19,2025-09-26 07:03:36,2025-09-26 03:03:36,2025-09-26,"Significant"
20,2025-09-26 07:08:36,2025-09-26 03:08:36,2025-09-26,"Significant"
27,2025-09-26 07:13:36,2025-09-26 03:13:36,2025-09-26,"Significant"
33,2025-09-26 07:18:36,2025-09-26 03:18:36,2025-09-26,"Significant"
26,2025-09-26 07:23:36,2025-09-26 03:23:36,2025-09-26,"Significant"
25,2025-09-26 07:28:36,2025-09-26 03:28:36,2025-09-26,"Significant"
27,2025-09-26 07:33:36,2025-09-26 03:33:36,2025-09-26,"Significant"
31,2025-09-26 07:38:36,2025-09-26 03:38:36,2025-09-26,"Significant"
26,2025-09-26 07:43:36,2025-09-26 03:43:36,2025-09-26,"Significant"
30,2025-09-26 07:48:36,2025-09-26 03:48:36,2025-09-26,"Significant"
22,2025-09-26 07:53:36,2025-09-26 03:53:36,2025-09-26,"Significant"
24,2025-09-26 07:58:36,2025-09-26 03:58:36,2025-09-26,"Significant"
23,2025-09-26 08:03:36,2025-09-26 04:03:36,2025-09-26,"Significant"
23,2025-09-26 08:08:36,2025-09-26 04:08:36,2025-09-26,"Significant"
28,2025-09-26 08:13:36,2025-09-26 04:13:36,2025-09-26,"Significant"
31,2025-09-26 08:18:36,2025-09-26 04:18:36,2025-09-26,"Significant"
31,2025-09-26 08:23:36,2025-09-26 04:23:36,2025-09-26,"Significant"
31,2025-09-26 08:28:36,2025-09-26 04:28:36,2025-09-26,"Significant"
31,2025-09-26 08:33:36,2025-09-26 04:33:36,2025-09-26,"Significant"
27,2025-09-26 08:38:36,2025-09-26 04:38:36,2025-09-26,"Significant"
25,2025-09-26 08:43:36,2025-09-26 04:43:36,2025-09-26,"Significant"
23,2025-09-26 08:48:36,2025-09-26 04:48:36,2025-09-26,"Significant"
28,2025-09-26 08:53:36,2025-09-26 04:53:36,2025-09-26,"Significant"
35,2025-09-27 05:48:36,2025-09-27 01:48:36,2025-09-27,"Significant"
41,2025-09-27 05:53:36,2025-09-27 01:53:36,2025-09-27,"Significant"
48,2025-09-27 05:58:36,2025-09-27 01:58:36,2025-09-27,"Significant"
34,2025-09-27 06:03:36,2025-09-27 02:03:36,2025-09-27,"Significant"
37,2025-09-27 06:08:36,2025-09-27 02:08:36,2025-09-27,"Significant"
32,2025-09-27 06:13:36,2025-09-27 02:13:36,2025-09-27,"Significant"
30,2025-09-27 06:18:36,2025-09-27 02:18:36,2025-09-27,"Significant"
31,2025-09-27 06:23:36,2025-09-27 02:23:36,2025-09-27,"Significant"
34,2025-09-27 06:28:36,2025-09-27 02:28:36,2025-09-27,"Significant"
40,2025-09-27 06:33:36,2025-09-27 02:33:36,2025-09-27,"Significant"
36,2025-09-27 06:38:36,2025-09-27 02:38:36,2025-09-27,"Significant"
35,2025-09-27 06:43:36,2025-09-27 02:43:36,2025-09-27,"Significant"
34,2025-09-27 06:48:36,2025-09-27 02:48:36,2025-09-27,"Significant"
32,2025-09-27 06:53:36,2025-09-27 02:53:36,2025-09-27,"Significant"
26,2025-09-27 06:58:36,2025-09-27 02:58:36,2025-09-27,"Significant"
28,2025-09-27 07:03:36,2025-09-27 03:03:36,2025-09-27,"Significant"
33,2025-09-27 07:08:36,2025-09-27 03:08:36,2025-09-27,"Significant"
38,2025-09-27 07:13:36,2025-09-27 03:13:36,2025-09-27,"Significant"
34,2025-09-27 07:18:36,2025-09-27 03:18:36,2025-09-27,"Significant"
43,2025-09-27 07:23:36,2025-09-27 03:23:36,2025-09-27,"Significant"
43,2025-09-27 07:28:36,2025-09-27 03:28:36,2025-09-27,"Significant"
39,2025-09-27 07:33:36,2025-09-27 03:33:36,2025-09-27,"Significant"
36,2025-09-27 07:38:36,2025-09-27 03:38:36,2025-09-27,"Significant"
30,2025-09-27 07:43:36,2025-09-27 03:43:36,2025-09-27,"Significant"
29,2025-09-27 07:48:36,2025-09-27 03:48:36,2025-09-27,"Significant"
32,2025-09-27 07:53:36,2025-09-27 03:53:36,2025-09-27,"Significant"
32,2025-09-27 07:58:36,2025-09-27 03:58:36,2025-09-27,"Significant"
34,2025-09-27 08:03:36,2025-09-27 04:03:36,2025-09-27,"Significant"
34,2025-09-27 08:08:36,2025-09-27 04:08:36,2025-09-27,"Significant"
27,2025-09-27 08:13:36,2025-09-27 04:13:36,2025-09-27,"Significant"
16,2025-09-27 08:18:36,2025-09-27 04:18:36,2025-09-27,"Significant"
40,2025-09-27 08:23:36,2025-09-27 04:23:36,2025-09-27,"Significant"
37,2025-09-27 08:28:36,2025-09-27 04:28:36,2025-09-27,"Significant"
47,2025-09-27 08:33:36,2025-09-27 04:33:36,2025-09-27,"Significant"
46,2025-09-27 08:38:36,2025-09-27 04:38:36,2025-09-27,"Significant"
36,2025-09-27 08:43:36,2025-09-27 04:43:36,2025-09-27,"Significant"
42,2025-09-27 08:48:36,2025-09-27 04:48:36,2025-09-27,"Significant"
43,2025-09-27 08:53:36,2025-09-27 04:53:36,2025-09-27,"Significant"
32,2025-09-27 08:58:36,2025-09-27 04:58:36,2025-09-27,"Significant"
28,2025-09-27 09:03:36,2025-09-27 05:03:36,2025-09-27,"Significant"
24,2025-09-27 09:08:36,2025-09-27 05:08:36,2025-09-27,"Significant"
21,2025-09-27 09:13:36,2025-09-27 05:13:36,2025-09-27,"Significant"
23,2025-09-27 09:18:36,2025-09-27 05:18:36,2025-09-27,"Significant"
26,2025-09-27 09:23:36,2025-09-27 05:23:36,2025-09-27,"Significant"
24,2025-09-27 09:28:36,2025-09-27 05:28:36,2025-09-27,"Significant"
24,2025-09-27 09:33:36,2025-09-27 05:33:36,2025-09-27,"Significant"
23,2025-09-27 09:38:36,2025-09-27 05:38:36,2025-09-27,"Significant"
24,2025-09-27 09:43:36,2025-09-27 05:43:36,2025-09-27,"Significant"
24,2025-09-27 09:48:36,2025-09-27 05:48:36,2025-09-27,"Significant"
26,2025-09-27 09:53:36,2025-09-27 05:53:36,2025-09-27,"Significant"
30,2025-09-27 09:58:36,2025-09-27 05:58:36,2025-09-27,"Significant"
42,2025-09-27 10:03:36,2025-09-27 06:03:36,2025-09-27,"Significant"
40,2025-09-27 10:08:36,2025-09-27 06:08:36,2025-09-27,"Significant"
44,2025-09-27 10:13:36,2025-09-27 06:13:36,2025-09-27,"Significant"
41,2025-09-27 10:18:36,2025-09-27 06:18:36,2025-09-27,"Significant"
40,2025-09-27 10:23:36,2025-09-27 06:23:36,2025-09-27,"Significant"
40,2025-09-27 10:28:36,2025-09-27 06:28:36,2025-09-27,"Significant"
33,2025-09-27 10:33:36,2025-09-27 06:33:36,2025-09-27,"Significant"
34,2025-09-27 10:38:36,2025-09-27 06:38:36,2025-09-27,"Significant"
24,2025-09-27 10:43:36,2025-09-27 06:43:36,2025-09-27,"Significant"
27,2025-09-27 10:48:36,2025-09-27 06:48:36,2025-09-27,"Significant"
31,2025-09-27 10:53:36,2025-09-27 06:53:36,2025-09-27,"Significant"
31,2025-09-27 10:58:36,2025-09-27 06:58:36,2025-09-27,"Significant"
27,2025-09-27 11:03:36,2025-09-27 07:03:36,2025-09-27,"Significant"
27,2025-09-27 11:08:36,2025-09-27 07:08:36,2025-09-27,"Significant"
32,2025-09-27 11:13:36,2025-09-27 07:13:36,2025-09-27,"Significant"
31,2025-09-27 11:18:36,2025-09-27 07:18:36,2025-09-27,"Significant"
25,2025-09-27 11:23:36,2025-09-27 07:23:36,2025-09-27,"Significant"
26,2025-09-27 11:28:36,2025-09-27 07:28:36,2025-09-27,"Significant"
28,2025-09-27 11:33:36,2025-09-27 07:33:36,2025-09-27,"Significant"
28,2025-09-27 11:38:36,2025-09-27 07:38:36,2025-09-27,"Significant"
35,2025-09-27 11:43:36,2025-09-27 07:43:36,2025-09-27,"Significant"
33,2025-09-27 11:48:36,2025-09-27 07:48:36,2025-09-27,"Significant"
38,2025-09-27 11:53:36,2025-09-27 07:53:36,2025-09-27,"Significant"
24,2025-09-27 11:58:36,2025-09-27 07:58:36,2025-09-27,"Significant"
29,2025-09-27 12:03:36,2025-09-27 08:03:36,2025-09-27,"Significant"
38,2025-09-27 12:08:36,2025-09-27 08:08:36,2025-09-27,"Significant"
36,2025-09-27 12:13:36,2025-09-27 08:13:36,2025-09-27,"Significant"
31,2025-09-27 12:18:36,2025-09-27 08:18:36,2025-09-27,"Significant"
12,2025-09-28 05:03:36,2025-09-28 01:03:36,2025-09-28,"Significant"
14,2025-09-28 05:08:36,2025-09-28 01:08:36,2025-09-28,"Significant"
14,2025-09-28 05:13:36,2025-09-28 01:13:36,2025-09-28,"Significant"
15,2025-09-28 05:18:36,2025-09-28 01:18:36,2025-09-28,"Significant"
15,2025-09-28 05:23:36,2025-09-28 01:23:36,2025-09-28,"Significant"
15,2025-09-28 05:28:36,2025-09-28 01:28:36,2025-09-28,"Significant"
13,2025-09-28 05:33:36,2025-09-28 01:33:36,2025-09-28,"Significant"
16,2025-09-28 05:38:36,2025-09-28 01:38:36,2025-09-28,"Significant"
32,2025-09-28 05:43:36,2025-09-28 01:43:36,2025-09-28,"Significant"
26,2025-09-28 05:48:36,2025-09-28 01:48:36,2025-09-28,"Significant"
22,2025-09-28 05:53:36,2025-09-28 01:53:36,2025-09-28,"Significant"
19,2025-09-28 05:58:36,2025-09-28 01:58:36,2025-09-28,"Significant"
21,2025-09-28 06:03:36,2025-09-28 02:03:36,2025-09-28,"Significant"
22,2025-09-28 06:08:36,2025-09-28 02:08:36,2025-09-28,"Significant"
24,2025-09-28 06:13:36,2025-09-28 02:13:36,2025-09-28,"Significant"
23,2025-09-28 06:18:36,2025-09-28 02:18:36,2025-09-28,"Significant"
20,2025-09-28 06:23:36,2025-09-28 02:23:36,2025-09-28,"Significant"
28,2025-09-28 06:28:36,2025-09-28 02:28:36,2025-09-28,"Significant"
26,2025-09-28 06:33:36,2025-09-28 02:33:36,2025-09-28,"Significant"
24,2025-09-28 06:38:36,2025-09-28 02:38:36,2025-09-28,"Significant"
22,2025-09-28 06:43:36,2025-09-28 02:43:36,2025-09-28,"Significant"
21,2025-09-28 06:48:36,2025-09-28 02:48:36,2025-09-28,"Significant"
21,2025-09-28 06:53:36,2025-09-28 02:53:36,2025-09-28,"Significant"
24,2025-09-28 06:58:36,2025-09-28 02:58:36,2025-09-28,"Significant"
25,2025-09-28 07:03:36,2025-09-28 03:03:36,2025-09-28,"Significant"
20,2025-09-28 07:08:36,2025-09-28 03:08:36,2025-09-28,"Significant"
22,2025-09-28 07:13:36,2025-09-28 03:13:36,2025-09-28,"Significant"
23,2025-09-28 07:18:36,2025-09-28 03:18:36,2025-09-28,"Significant"
21,2025-09-28 07:23:36,2025-09-28 03:23:36,2025-09-28,"Significant"
23,2025-09-28 07:28:36,2025-09-28 03:28:36,2025-09-28,"Significant"
33,2025-09-28 07:33:36,2025-09-28 03:33:36,2025-09-28,"Significant"
25,2025-09-28 07:38:36,2025-09-28 03:38:36,2025-09-28,"Significant"
23,2025-09-28 07:43:36,2025-09-28 03:43:36,2025-09-28,"Significant"
27,2025-09-28 07:48:36,2025-09-28 03:48:36,2025-09-28,"Significant"
27,2025-09-28 07:53:36,2025-09-28 03:53:36,2025-09-28,"Significant"
24,2025-09-28 07:58:36,2025-09-28 03:58:36,2025-09-28,"Significant"
25,2025-09-28 08:03:36,2025-09-28 04:03:36,2025-09-28,"Significant"
25,2025-09-28 08:08:36,2025-09-28 04:08:36,2025-09-28,"Significant"
25,2025-09-28 08:13:36,2025-09-28 04:13:36,2025-09-28,"Significant"
27,2025-09-28 08:18:36,2025-09-28 04:18:36,2025-09-28,"Significant"
26,2025-09-28 08:23:36,2025-09-28 04:23:36,2025-09-28,"Significant"
32,2025-09-28 08:28:36,2025-09-28 04:28:36,2025-09-28,"Significant"
28,2025-09-28 08:33:36,2025-09-28 04:33:36,2025-09-28,"Significant"
24,2025-09-28 08:38:36,2025-09-28 04:38:36,2025-09-28,"Significant"
29,2025-09-28 08:43:36,2025-09-28 04:43:36,2025-09-28,"Significant"
27,2025-09-28 08:48:36,2025-09-28 04:48:36,2025-09-28,"Significant"
32,2025-09-28 08:53:36,2025-09-28 04:53:36,2025-09-28,"Significant"
23,2025-09-28 08:58:36,2025-09-28 04:58:36,2025-09-28,"Significant"
24,2025-09-28 09:03:36,2025-09-28 05:03:36,2025-09-28,"Significant"
24,2025-09-28 09:08:36,2025-09-28 05:08:36,2025-09-28,"Significant"
25,2025-09-28 09:13:36,2025-09-28 05:13:36,2025-09-28,"Significant"
25,2025-09-28 09:18:36,2025-09-28 05:18:36,2025-09-28,"Significant"
30,2025-09-28 09:23:36,2025-09-28 05:23:36,2025-09-28,"Significant"
26,2025-09-28 09:28:36,2025-09-28 05:28:36,2025-09-28,"Significant"
31,2025-09-28 09:33:36,2025-09-28 05:33:36,2025-09-28,"Significant"
32,2025-09-28 09:38:36,2025-09-28 05:38:36,2025-09-28,"Significant"
31,2025-09-28 09:43:36,2025-09-28 05:43:36,2025-09-28,"Significant"
32,2025-09-28 09:48:36,2025-09-28 05:48:36,2025-09-28,"Significant"
26,2025-09-28 09:53:36,2025-09-28 05:53:36,2025-09-28,"Significant"
37,2025-09-28 09:58:36,2025-09-28 05:58:36,2025-09-28,"Significant"
33,2025-09-28 10:03:36,2025-09-28 06:03:36,2025-09-28,"Significant"
35,2025-09-28 10:08:36,2025-09-28 06:08:36,2025-09-28,"Significant"
35,2025-09-28 10:13:36,2025-09-28 06:13:36,2025-09-28,"Significant"
33,2025-09-28 10:18:36,2025-09-28 06:18:36,2025-09-28,"Significant"
30,2025-09-28 10:23:36,2025-09-28 06:23:36,2025-09-28,"Significant"
27,2025-09-28 10:28:36,2025-09-28 06:28:36,2025-09-28,"Significant"
28,2025-09-28 10:33:36,2025-09-28 06:33:36,2025-09-28,"Significant"
39,2025-09-28 10:38:36,2025-09-28 06:38:36,2025-09-28,"Significant"
35,2025-09-28 10:43:36,2025-09-28 06:43:36,2025-09-28,"Significant"
34,2025-09-28 10:48:36,2025-09-28 06:48:36,2025-09-28,"Significant"
41,2025-09-28 10:53:36,2025-09-28 06:53:36,2025-09-28,"Significant"
39,2025-09-28 10:58:36,2025-09-28 06:58:36,2025-09-28,"Significant"
41,2025-09-28 11:03:36,2025-09-28 07:03:36,2025-09-28,"Significant"
45,2025-09-28 11:08:36,2025-09-28 07:08:36,2025-09-28,"Significant"
41,2025-09-28 11:13:36,2025-09-28 07:13:36,2025-09-28,"Significant"
36,2025-09-28 11:18:36,2025-09-28 07:18:36,2025-09-28,"Significant"
39,2025-09-28 11:23:36,2025-09-28 07:23:36,2025-09-28,"Significant"
35,2025-09-28 11:28:36,2025-09-28 07:28:36,2025-09-28,"Significant"
38,2025-09-28 11:33:36,2025-09-28 07:33:36,2025-09-28,"Significant"
34,2025-09-28 11:38:36,2025-09-28 07:38:36,2025-09-28,"Significant"
30,2025-09-28 11:43:36,2025-09-28 07:43:36,2025-09-28,"Significant"
39,2025-09-28 11:48:36,2025-09-28 07:48:36,2025-09-28,"Significant"
32,2025-09-28 11:53:36,2025-09-28 07:53:36,2025-09-28,"Significant"
50,2025-09-29 05:03:36,2025-09-29 01:03:36,2025-09-29,"Significant"
59,2025-09-29 05:08:36,2025-09-29 01:08:36,2025-09-29,"Significant"
57,2025-09-29 05:13:36,2025-09-29 01:13:36,2025-09-29,"Significant"
50,2025-09-29 05:18:36,2025-09-29 01:18:36,2025-09-29,"Significant"
53,2025-09-29 05:23:36,2025-09-29 01:23:36,2025-09-29,"Significant"
52,2025-09-29 05:28:36,2025-09-29 01:28:36,2025-09-29,"Significant"
52,2025-09-29 05:33:36,2025-09-29 01:33:36,2025-09-29,"Significant"
54,2025-09-29 05:38:36,2025-09-29 01:38:36,2025-09-29,"Significant"
44,2025-09-29 05:43:36,2025-09-29 01:43:36,2025-09-29,"Significant"
45,2025-09-29 05:48:36,2025-09-29 01:48:36,2025-09-29,"Significant"
38,2025-09-29 05:53:36,2025-09-29 01:53:36,2025-09-29,"Significant"
43,2025-09-29 05:58:36,2025-09-29 01:58:36,2025-09-29,"Significant"
54,2025-09-29 06:03:36,2025-09-29 02:03:36,2025-09-29,"Significant"
54,2025-09-29 06:08:36,2025-09-29 02:08:36,2025-09-29,"Significant"
51,2025-09-29 06:13:36,2025-09-29 02:13:36,2025-09-29,"Significant"
33,2025-09-29 06:18:36,2025-09-29 02:18:36,2025-09-29,"Significant"
37,2025-09-29 06:23:36,2025-09-29 02:23:36,2025-09-29,"Significant"
27,2025-09-29 06:28:36,2025-09-29 02:28:36,2025-09-29,"Significant"
23,2025-09-29 06:33:36,2025-09-29 02:33:36,2025-09-29,"Significant"
27,2025-09-29 06:38:36,2025-09-29 02:38:36,2025-09-29,"Significant"
26,2025-09-29 06:43:36,2025-09-29 02:43:36,2025-09-29,"Significant"
25,2025-09-29 06:48:36,2025-09-29 02:48:36,2025-09-29,"Significant"
25,2025-09-29 06:53:36,2025-09-29 02:53:36,2025-09-29,"Significant"
25,2025-09-29 06:58:36,2025-09-29 02:58:36,2025-09-29,"Significant"
26,2025-09-29 07:03:36,2025-09-29 03:03:36,2025-09-29,"Significant"
29,2025-09-29 07:08:36,2025-09-29 03:08:36,2025-09-29,"Significant"
30,2025-09-29 07:13:36,2025-09-29 03:13:36,2025-09-29,"Significant"
29,2025-09-29 07:18:36,2025-09-29 03:18:36,2025-09-29,"Significant"
33,2025-09-29 07:23:36,2025-09-29 03:23:36,2025-09-29,"Significant"
37,2025-09-29 07:28:36,2025-09-29 03:28:36,2025-09-29,"Significant"
30,2025-09-29 07:33:36,2025-09-29 03:33:36,2025-09-29,"Significant"
37,2025-09-29 07:38:36,2025-09-29 03:38:36,2025-09-29,"Significant"
32,2025-09-29 07:43:36,2025-09-29 03:43:36,2025-09-29,"Significant"
40,2025-09-29 07:48:36,2025-09-29 03:48:36,2025-09-29,"Significant"
43,2025-09-29 07:53:36,2025-09-29 03:53:36,2025-09-29,"Significant"
39,2025-09-29 07:58:36,2025-09-29 03:58:36,2025-09-29,"Significant"
32,2025-09-29 08:03:36,2025-09-29 04:03:36,2025-09-29,"Significant"
41,2025-09-29 08:08:36,2025-09-29 04:08:36,2025-09-29,"Significant"
33,2025-09-29 08:13:36,2025-09-29 04:13:36,2025-09-29,"Significant"
31,2025-09-29 08:18:36,2025-09-29 04:18:36,2025-09-29,"Significant"
37,2025-09-29 08:23:36,2025-09-29 04:23:36,2025-09-29,"Significant"
38,2025-09-29 08:28:36,2025-09-29 04:28:36,2025-09-29,"Significant"
38,2025-09-29 08:33:36,2025-09-29 04:33:36,2025-09-29,"Significant"
42,2025-09-29 08:38:36,2025-09-29 04:38:36,2025-09-29,"Significant"
33,2025-09-29 08:43:36,2025-09-29 04:43:36,2025-09-29,"Significant"
32,2025-09-29 08:48:36,2025-09-29 04:48:36,2025-09-29,"Significant"
30,2025-09-29 08:53:36,2025-09-29 04:53:36,2025-09-29,"Significant"
32,2025-09-29 08:58:36,2025-09-29 04:58:36,2025-09-29,"Significant"
36,2025-09-29 09:03:36,2025-09-29 05:03:36,2025-09-29,"Significant"
38,2025-09-29 09:08:36,2025-09-29 05:08:36,2025-09-29,"Significant"
31,2025-09-29 09:13:36,2025-09-29 05:13:36,2025-09-29,"Significant"
41,2025-09-29 09:18:36,2025-09-29 05:18:36,2025-09-29,"Significant"
46,2025-09-29 09:23:36,2025-09-29 05:23:36,2025-09-29,"Significant"
47,2025-09-29 09:28:36,2025-09-29 05:28:36,2025-09-29,"Significant"
42,2025-09-29 09:33:36,2025-09-29 05:33:36,2025-09-29,"Significant"
37,2025-09-29 09:38:36,2025-09-29 05:38:36,2025-09-29,"Significant"
32,2025-09-29 09:43:36,2025-09-29 05:43:36,2025-09-29,"Significant"
35,2025-09-29 09:48:36,2025-09-29 05:48:36,2025-09-29,"Significant"
31,2025-09-29 09:53:36,2025-09-29 05:53:36,2025-09-29,"Significant"
31,2025-09-29 09:58:36,2025-09-29 05:58:36,2025-09-29,"Significant"
29,2025-09-29 10:03:36,2025-09-29 06:03:36,2025-09-29,"Significant"
28,2025-09-29 10:08:36,2025-09-29 06:08:36,2025-09-29,"Significant"
36,2025-09-29 10:13:36,2025-09-29 06:13:36,2025-09-29,"Significant"
34,2025-09-29 10:18:36,2025-09-29 06:18:36,2025-09-29,"Significant"
35,2025-09-29 10:23:36,2025-09-29 06:23:36,2025-09-29,"Significant"
35,2025-09-29 10:28:36,2025-09-29 06:28:36,2025-09-29,"Significant"
33,2025-09-29 10:33:36,2025-09-29 06:33:36,2025-09-29,"Significant"
35,2025-09-29 10:38:36,2025-09-29 06:38:36,2025-09-29,"Significant"
28,2025-09-29 10:43:36,2025-09-29 06:43:36,2025-09-29,"Significant"
25,2025-09-29 10:48:36,2025-09-29 06:48:36,2025-09-29,"Significant"
34,2025-09-30 02:43:36,2025-09-29 22:43:36,2025-09-30,"Significant"
32,2025-09-30 02:48:36,2025-09-29 22:48:36,2025-09-30,"Significant"
29,2025-09-30 02:53:36,2025-09-29 22:53:36,2025-09-30,"Significant"
29,2025-09-30 02:58:36,2025-09-29 22:58:36,2025-09-30,"Significant"
26,2025-09-30 03:03:36,2025-09-29 23:03:36,2025-09-30,"Significant"
25,2025-09-30 03:08:36,2025-09-29 23:08:36,2025-09-30,"Significant"
29,2025-09-30 03:13:36,2025-09-29 23:13:36,2025-09-30,"Significant"
29,2025-09-30 03:18:36,2025-09-29 23:18:36,2025-09-30,"Significant"
20,2025-09-30 03:23:36,2025-09-29 23:23:36,2025-09-30,"Significant"
17,2025-09-30 03:28:36,2025-09-29 23:28:36,2025-09-30,"Significant"
17,2025-09-30 03:33:36,2025-09-29 23:33:36,2025-09-30,"Significant"
15,2025-09-30 03:38:36,2025-09-29 23:38:36,2025-09-30,"Significant"
24,2025-09-30 03:43:36,2025-09-29 23:43:36,2025-09-30,"Significant"
20,2025-09-30 03:48:36,2025-09-29 23:48:36,2025-09-30,"Significant"
22,2025-09-30 03:53:36,2025-09-29 23:53:36,2025-09-30,"Significant"
26,2025-09-30 03:58:36,2025-09-29 23:58:36,2025-09-30,"Significant"
22,2025-09-30 04:03:36,2025-09-30 00:03:36,2025-09-30,"Significant"
22,2025-09-30 04:08:36,2025-09-30 00:08:36,2025-09-30,"Significant"
21,2025-09-30 04:13:36,2025-09-30 00:13:36,2025-09-30,"Significant"
17,2025-09-30 04:18:36,2025-09-30 00:18:36,2025-09-30,"Significant"
19,2025-09-30 04:23:36,2025-09-30 00:23:36,2025-09-30,"Significant"
19,2025-09-30 04:28:36,2025-09-30 00:28:36,2025-09-30,"Significant"
19,2025-09-30 04:33:36,2025-09-30 00:33:36,2025-09-30,"Significant"
20,2025-09-30 04:38:36,2025-09-30 00:38:36,2025-09-30,"Significant"
21,2025-09-30 04:43:36,2025-09-30 00:43:36,2025-09-30,"Significant"
22,2025-09-30 04:48:36,2025-09-30 00:48:36,2025-09-30,"Significant"
21,2025-09-30 04:53:36,2025-09-30 00:53:36,2025-09-30,"Significant"
34,2025-09-30 04:58:36,2025-09-30 00:58:36,2025-09-30,"Significant"
23,2025-09-30 05:03:36,2025-09-30 01:03:36,2025-09-30,"Significant"
25,2025-09-30 05:08:36,2025-09-30 01:08:36,2025-09-30,"Significant"
28,2025-09-30 05:13:36,2025-09-30 01:13:36,2025-09-30,"Significant"
27,2025-09-30 05:18:36,2025-09-30 01:18:36,2025-09-30,"Significant"
26,2025-09-30 05:23:36,2025-09-30 01:23:36,2025-09-30,"Significant"
26,2025-09-30 05:28:36,2025-09-30 01:28:36,2025-09-30,"Significant"
46,2025-09-30 05:33:36,2025-09-30 01:33:36,2025-09-30,"Significant"
49,2025-09-30 05:38:36,2025-09-30 01:38:36,2025-09-30,"Significant"
31,2025-09-30 05:43:36,2025-09-30 01:43:36,2025-09-30,"Significant"
29,2025-09-30 05:48:36,2025-09-30 01:48:36,2025-09-30,"Significant"
23,2025-09-30 05:53:36,2025-09-30 01:53:36,2025-09-30,"Significant"
22,2025-09-30 05:58:36,2025-09-30 01:58:36,2025-09-30,"Significant"
22,2025-09-30 06:03:36,2025-09-30 02:03:36,2025-09-30,"Significant"
32,2025-09-30 06:08:36,2025-09-30 02:08:36,2025-09-30,"Significant"
33,2025-09-30 06:13:36,2025-09-30 02:13:36,2025-09-30,"Significant"
31,2025-09-30 06:18:36,2025-09-30 02:18:36,2025-09-30,"Significant"
29,2025-09-30 06:23:36,2025-09-30 02:23:36,2025-09-30,"Significant"
31,2025-09-30 06:28:36,2025-09-30 02:28:36,2025-09-30,"Significant"
31,2025-09-30 06:33:36,2025-09-30 02:33:36,2025-09-30,"Significant"
33,2025-09-30 06:38:36,2025-09-30 02:38:36,2025-09-30,"Significant"
28,2025-09-30 06:43:36,2025-09-30 02:43:36,2025-09-30,"Significant"
24,2025-09-30 06:48:36,2025-09-30 02:48:36,2025-09-30,"Significant"
25,2025-09-30 06:53:36,2025-09-30 02:53:36,2025-09-30,"Significant"
27,2025-09-30 06:58:36,2025-09-30 02:58:36,2025-09-30,"Significant"
29,2025-09-30 07:03:36,2025-09-30 03:03:36,2025-09-30,"Significant"
20,2025-09-30 07:08:36,2025-09-30 03:08:36,2025-09-30,"Significant"
28,2025-09-30 07:13:36,2025-09-30 03:13:36,2025-09-30,"Significant"
26,2025-09-30 07:18:36,2025-09-30 03:18:36,2025-09-30,"Significant"
26,2025-09-30 07:23:36,2025-09-30 03:23:36,2025-09-30,"Significant"
23,2025-09-30 07:28:36,2025-09-30 03:28:36,2025-09-30,"Significant"
29,2025-09-30 07:33:36,2025-09-30 03:33:36,2025-09-30,"Significant"
24,2025-09-30 07:38:36,2025-09-30 03:38:36,2025-09-30,"Significant"
15,2025-10-01 01:43:36,2025-09-30 21:43:36,2025-10-01,"Significant"
12,2025-10-01 01:48:36,2025-09-30 21:48:36,2025-10-01,"Significant"
14,2025-10-01 01:53:36,2025-09-30 21:53:36,2025-10-01,"Significant"
14,2025-10-01 01:58:36,2025-09-30 21:58:36,2025-10-01,"Significant"
15,2025-10-01 02:03:36,2025-09-30 22:03:36,2025-10-01,"Significant"
14,2025-10-01 02:08:36,2025-09-30 22:08:36,2025-10-01,"Significant"
14,2025-10-01 02:13:36,2025-09-30 22:13:36,2025-10-01,"Significant"
14,2025-10-01 02:18:36,2025-09-30 22:18:36,2025-10-01,"Significant"
16,2025-10-01 02:23:36,2025-09-30 22:23:36,2025-10-01,"Significant"
16,2025-10-01 02:28:36,2025-09-30 22:28:36,2025-10-01,"Significant"
14,2025-10-01 02:33:36,2025-09-30 22:33:36,2025-10-01,"Significant"
14,2025-10-01 02:38:36,2025-09-30 22:38:36,2025-10-01,"Significant"
16,2025-10-01 02:43:36,2025-09-30 22:43:36,2025-10-01,"Significant"
14,2025-10-01 02:48:36,2025-09-30 22:48:36,2025-10-01,"Significant"
20,2025-10-01 02:53:36,2025-09-30 22:53:36,2025-10-01,"Significant"
15,2025-10-01 02:58:36,2025-09-30 22:58:36,2025-10-01,"Significant"
19,2025-10-01 03:03:36,2025-09-30 23:03:36,2025-10-01,"Significant"
21,2025-10-01 03:08:36,2025-09-30 23:08:36,2025-10-01,"Significant"
16,2025-10-01 03:13:36,2025-09-30 23:13:36,2025-10-01,"Significant"
13,2025-10-01 03:18:36,2025-09-30 23:18:36,2025-10-01,"Significant"
13,2025-10-01 03:23:36,2025-09-30 23:23:36,2025-10-01,"Significant"
14,2025-10-01 03:28:36,2025-09-30 23:28:36,2025-10-01,"Significant"
14,2025-10-01 03:33:36,2025-09-30 23:33:36,2025-10-01,"Significant"
14,2025-10-01 03:38:36,2025-09-30 23:38:36,2025-10-01,"Significant"
15,2025-10-01 03:43:36,2025-09-30 23:43:36,2025-10-01,"Significant"
24,2025-10-01 03:48:36,2025-09-30 23:48:36,2025-10-01,"Significant"
19,2025-10-01 03:53:36,2025-09-30 23:53:36,2025-10-01,"Significant"
19,2025-10-01 03:58:36,2025-09-30 23:58:36,2025-10-01,"Significant"
19,2025-10-01 04:03:36,2025-10-01 00:03:36,2025-10-01,"Significant"
19,2025-10-01 04:08:36,2025-10-01 00:08:36,2025-10-01,"Significant"
19,2025-10-01 04:13:36,2025-10-01 00:13:36,2025-10-01,"Significant"
19,2025-10-01 04:18:36,2025-10-01 00:18:36,2025-10-01,"Significant"
20,2025-10-01 04:23:36,2025-10-01 00:23:36,2025-10-01,"Significant"
21,2025-10-01 04:28:36,2025-10-01 00:28:36,2025-10-01,"Significant"
20,2025-10-01 04:33:36,2025-10-01 00:33:36,2025-10-01,"Significant"
16,2025-10-01 04:38:36,2025-10-01 00:38:36,2025-10-01,"Significant"
25,2025-10-01 04:43:36,2025-10-01 00:43:36,2025-10-01,"Significant"
18,2025-10-01 04:48:36,2025-10-01 00:48:36,2025-10-01,"Significant"
24,2025-10-01 04:53:36,2025-10-01 00:53:36,2025-10-01,"Significant"
30,2025-10-01 04:58:36,2025-10-01 00:58:36,2025-10-01,"Significant"
20,2025-10-01 05:03:36,2025-10-01 01:03:36,2025-10-01,"Significant"
18,2025-10-01 05:08:36,2025-10-01 01:08:36,2025-10-01,"Significant"
18,2025-10-01 05:13:36,2025-10-01 01:13:36,2025-10-01,"Significant"
15,2025-10-01 05:18:36,2025-10-01 01:18:36,2025-10-01,"Significant"
15,2025-10-01 05:23:36,2025-10-01 01:23:36,2025-10-01,"Significant"
17,2025-10-01 05:28:36,2025-10-01 01:28:36,2025-10-01,"Significant"
17,2025-10-01 05:33:36,2025-10-01 01:33:36,2025-10-01,"Significant"
18,2025-10-01 05:38:36,2025-10-01 01:38:36,2025-10-01,"Significant"
22,2025-10-01 05:43:36,2025-10-01 01:43:36,2025-10-01,"Significant"
30,2025-10-01 05:48:36,2025-10-01 01:48:36,2025-10-01,"Significant"
27,2025-10-01 05:53:36,2025-10-01 01:53:36,2025-10-01,"Significant"
25,2025-10-01 05:58:36,2025-10-01 01:58:36,2025-10-01,"Significant"
27,2025-10-01 06:03:36,2025-10-01 02:03:36,2025-10-01,"Significant"
29,2025-10-01 06:08:36,2025-10-01 02:08:36,2025-10-01,"Significant"
30,2025-10-01 06:13:36,2025-10-01 02:13:36,2025-10-01,"Significant"
29,2025-10-01 06:18:36,2025-10-01 02:18:36,2025-10-01,"Significant"
28,2025-10-01 06:23:36,2025-10-01 02:23:36,2025-10-01,"Significant"
26,2025-10-01 06:28:36,2025-10-01 02:28:36,2025-10-01,"Significant"
20,2025-10-01 06:33:36,2025-10-01 02:33:36,2025-10-01,"Significant"
19,2025-10-01 06:38:36,2025-10-01 02:38:36,2025-10-01,"Significant"
18,2025-10-01 06:43:36,2025-10-01 02:43:36,2025-10-01,"Significant"
19,2025-10-01 06:48:36,2025-10-01 02:48:36,2025-10-01,"Significant"
19,2025-10-01 06:53:36,2025-10-01 02:53:36,2025-10-01,"Significant"
18,2025-10-01 06:58:36,2025-10-01 02:58:36,2025-10-01,"Significant"
20,2025-10-01 07:03:36,2025-10-01 03:03:36,2025-10-01,"Significant"
19,2025-10-01 07:08:36,2025-10-01 03:08:36,2025-10-01,"Significant"
25,2025-10-01 07:13:36,2025-10-01 03:13:36,2025-10-01,"Significant"
23,2025-10-01 07:18:36,2025-10-01 03:18:36,2025-10-01,"Significant"
23,2025-10-01 07:23:36,2025-10-01 03:23:36,2025-10-01,"Significant"
25,2025-10-01 07:28:36,2025-10-01 03:28:36,2025-10-01,"Significant"
32,2025-10-01 07:33:36,2025-10-01 03:33:36,2025-10-01,"Significant"
29,2025-10-01 07:38:36,2025-10-01 03:38:36,2025-10-01,"Significant"
38,2025-10-01 07:43:36,2025-10-01 03:43:36,2025-10-01,"Significant"
32,2025-10-01 07:48:36,2025-10-01 03:48:36,2025-10-01,"Significant"
32,2025-10-01 07:53:36,2025-10-01 03:53:36,2025-10-01,"Significant"
26,2025-10-01 07:58:36,2025-10-01 03:58:36,2025-10-01,"Significant"
21,2025-10-01 08:03:36,2025-10-01 04:03:36,2025-10-01,"Significant"
25,2025-10-01 08:08:36,2025-10-01 04:08:36,2025-10-01,"Significant"
24,2025-10-01 08:13:36,2025-10-01 04:13:36,2025-10-01,"Significant"
20,2025-10-01 08:18:36,2025-10-01 04:18:36,2025-10-01,"Significant"
20,2025-10-01 08:23:36,2025-10-01 04:23:36,2025-10-01,"Significant"
23,2025-10-01 08:28:36,2025-10-01 04:28:36,2025-10-01,"Significant"
28,2025-10-01 08:33:36,2025-10-01 04:33:36,2025-10-01,"Significant"
18,2025-10-01 08:38:36,2025-10-01 04:38:36,2025-10-01,"Significant"
21,2025-10-01 08:43:36,2025-10-01 04:43:36,2025-10-01,"Significant"
26,2025-10-01 08:48:36,2025-10-01 04:48:36,2025-10-01,"Significant"
29,2025-10-01 08:53:36,2025-10-01 04:53:36,2025-10-01,"Significant"
28,2025-10-01 08:58:36,2025-10-01 04:58:36,2025-10-01,"Significant"
29,2025-10-01 09:03:36,2025-10-01 05:03:36,2025-10-01,"Significant"
31,2025-10-01 09:08:36,2025-10-01 05:08:36,2025-10-01,"Significant"
28,2025-10-01 09:13:36,2025-10-01 05:13:36,2025-10-01,"Significant"
28,2025-10-01 09:18:36,2025-10-01 05:18:36,2025-10-01,"Significant"
28,2025-10-01 09:23:36,2025-10-01 05:23:36,2025-10-01,"Significant"
30,2025-10-01 09:28:36,2025-10-01 05:28:36,2025-10-01,"Significant"
41,2025-10-01 09:33:36,2025-10-01 05:33:36,2025-10-01,"Significant"
36,2025-10-01 09:38:36,2025-10-01 05:38:36,2025-10-01,"Significant"
35,2025-10-01 09:43:36,2025-10-01 05:43:36,2025-10-01,"Significant"
33,2025-10-01 09:48:36,2025-10-01 05:48:36,2025-10-01,"Significant"
37,2025-10-01 09:53:36,2025-10-01 05:53:36,2025-10-01,"Significant"
29,2025-10-01 09:58:36,2025-10-01 05:58:36,2025-10-01,"Significant"
28,2025-10-01 10:03:36,2025-10-01 06:03:36,2025-10-01,"Significant"
27,2025-10-01 10:08:36,2025-10-01 06:08:36,2025-10-01,"Significant"
23,2025-10-01 10:13:36,2025-10-01 06:13:36,2025-10-01,"Significant"
29,2025-10-01 10:18:36,2025-10-01 06:18:36,2025-10-01,"Significant"
34,2025-10-01 10:23:36,2025-10-01 06:23:36,2025-10-01,"Significant"
38,2025-10-01 10:28:36,2025-10-01 06:28:36,2025-10-01,"Significant"
34,2025-10-01 10:33:36,2025-10-01 06:33:36,2025-10-01,"Significant"
27,2025-10-01 10:38:36,2025-10-01 06:38:36,2025-10-01,"Significant"
32,2025-10-01 10:43:36,2025-10-01 06:43:36,2025-10-01,"Significant"
27,2025-10-01 10:48:36,2025-10-01 06:48:36,2025-10-01,"Significant"
33,2025-10-01 10:53:36,2025-10-01 06:53:36,2025-10-01,"Significant"
35,2025-10-01 10:58:36,2025-10-01 06:58:36,2025-10-01,"Significant"
38,2025-10-01 11:03:36,2025-10-01 07:03:36,2025-10-01,"Significant"
39,2025-10-01 11:08:36,2025-10-01 07:08:36,2025-10-01,"Significant"
35,2025-10-01 11:13:36,2025-10-01 07:13:36,2025-10-01,"Significant"
31,2025-10-01 11:18:36,2025-10-01 07:18:36,2025-10-01,"Significant"
27,2025-10-02 02:28:36,2025-10-01 22:28:36,2025-10-02,"Significant"
37,2025-10-02 02:33:36,2025-10-01 22:33:36,2025-10-02,"Significant"
36,2025-10-02 02:38:36,2025-10-01 22:38:36,2025-10-02,"Significant"
35,2025-10-02 02:43:36,2025-10-01 22:43:36,2025-10-02,"Significant"
35,2025-10-02 02:48:36,2025-10-01 22:48:36,2025-10-02,"Significant"
42,2025-10-02 02:53:36,2025-10-01 22:53:36,2025-10-02,"Significant"
46,2025-10-02 02:58:36,2025-10-01 22:58:36,2025-10-02,"Significant"
30,2025-10-02 03:03:36,2025-10-01 23:03:36,2025-10-02,"Significant"
37,2025-10-02 03:08:36,2025-10-01 23:08:36,2025-10-02,"Significant"
40,2025-10-02 03:13:36,2025-10-01 23:13:36,2025-10-02,"Significant"
43,2025-10-02 03:18:36,2025-10-01 23:18:36,2025-10-02,"Significant"
35,2025-10-02 03:23:36,2025-10-01 23:23:36,2025-10-02,"Significant"
34,2025-10-02 03:28:36,2025-10-01 23:28:36,2025-10-02,"Significant"
37,2025-10-02 03:33:36,2025-10-01 23:33:36,2025-10-02,"Significant"
39,2025-10-02 03:38:36,2025-10-01 23:38:36,2025-10-02,"Significant"
46,2025-10-02 03:43:36,2025-10-01 23:43:36,2025-10-02,"Significant"
47,2025-10-02 03:48:36,2025-10-01 23:48:36,2025-10-02,"Significant"
47,2025-10-02 03:53:36,2025-10-01 23:53:36,2025-10-02,"Significant"
51,2025-10-02 03:58:36,2025-10-01 23:58:36,2025-10-02,"Significant"
56,2025-10-02 04:03:36,2025-10-02 00:03:36,2025-10-02,"Significant"
56,2025-10-02 04:08:36,2025-10-02 00:08:36,2025-10-02,"Significant"
28,2025-10-02 04:13:36,2025-10-02 00:13:36,2025-10-02,"Significant"
31,2025-10-02 04:18:36,2025-10-02 00:18:36,2025-10-02,"Significant"
32,2025-10-02 04:23:36,2025-10-02 00:23:36,2025-10-02,"Significant"
34,2025-10-02 04:28:36,2025-10-02 00:28:36,2025-10-02,"Significant"
34,2025-10-02 04:33:36,2025-10-02 00:33:36,2025-10-02,"Significant"
39,2025-10-02 04:38:36,2025-10-02 00:38:36,2025-10-02,"Significant"
35,2025-10-02 04:43:36,2025-10-02 00:43:36,2025-10-02,"Significant"
34,2025-10-02 04:48:36,2025-10-02 00:48:36,2025-10-02,"Significant"
24,2025-10-02 04:53:36,2025-10-02 00:53:36,2025-10-02,"Significant"
25,2025-10-02 04:58:36,2025-10-02 00:58:36,2025-10-02,"Significant"
34,2025-10-02 05:03:36,2025-10-02 01:03:36,2025-10-02,"Significant"
36,2025-10-02 05:08:36,2025-10-02 01:08:36,2025-10-02,"Significant"
42,2025-10-02 05:13:36,2025-10-02 01:13:36,2025-10-02,"Significant"
26,2025-10-02 05:18:36,2025-10-02 01:18:36,2025-10-02,"Significant"
25,2025-10-02 05:23:36,2025-10-02 01:23:36,2025-10-02,"Significant"
31,2025-10-02 05:28:36,2025-10-02 01:28:36,2025-10-02,"Significant"
16,2025-10-02 05:33:36,2025-10-02 01:33:36,2025-10-02,"Significant"
25,2025-10-02 05:38:36,2025-10-02 01:38:36,2025-10-02,"Significant"
28,2025-10-02 05:43:36,2025-10-02 01:43:36,2025-10-02,"Significant"
30,2025-10-02 05:48:36,2025-10-02 01:48:36,2025-10-02,"Significant"
15,2025-10-02 05:53:36,2025-10-02 01:53:36,2025-10-02,"Significant"
17,2025-10-02 05:58:36,2025-10-02 01:58:36,2025-10-02,"Significant"
17,2025-10-02 06:03:36,2025-10-02 02:03:36,2025-10-02,"Significant"
16,2025-10-02 06:08:36,2025-10-02 02:08:36,2025-10-02,"Significant"
18,2025-10-02 06:13:36,2025-10-02 02:13:36,2025-10-02,"Significant"
17,2025-10-02 06:18:36,2025-10-02 02:18:36,2025-10-02,"Significant"
32,2025-10-02 06:23:36,2025-10-02 02:23:36,2025-10-02,"Significant"
30,2025-10-02 06:28:36,2025-10-02 02:28:36,2025-10-02,"Significant"
29,2025-10-02 06:33:36,2025-10-02 02:33:36,2025-10-02,"Significant"
33,2025-10-02 06:38:36,2025-10-02 02:38:36,2025-10-02,"Significant"
34,2025-10-02 06:43:36,2025-10-02 02:43:36,2025-10-02,"Significant"
28,2025-10-02 06:48:36,2025-10-02 02:48:36,2025-10-02,"Significant"
25,2025-10-02 06:53:36,2025-10-02 02:53:36,2025-10-02,"Significant"
32,2025-10-02 06:58:36,2025-10-02 02:58:36,2025-10-02,"Significant"
23,2025-10-02 07:03:36,2025-10-02 03:03:36,2025-10-02,"Significant"
32,2025-10-02 07:08:36,2025-10-02 03:08:36,2025-10-02,"Significant"
27,2025-10-02 07:13:36,2025-10-02 03:13:36,2025-10-02,"Significant"
25,2025-10-02 07:18:36,2025-10-02 03:18:36,2025-10-02,"Significant"
27,2025-10-02 07:23:36,2025-10-02 03:23:36,2025-10-02,"Significant"
28,2025-10-02 07:28:36,2025-10-02 03:28:36,2025-10-02,"Significant"
32,2025-10-02 07:33:36,2025-10-02 03:33:36,2025-10-02,"Significant"
34,2025-10-02 07:38:36,2025-10-02 03:38:36,2025-10-02,"Significant"
38,2025-10-02 07:43:36,2025-10-02 03:43:36,2025-10-02,"Significant"
36,2025-10-02 07:48:36,2025-10-02 03:48:36,2025-10-02,"Significant"
42,2025-10-02 07:53:36,2025-10-02 03:53:36,2025-10-02,"Significant"
39,2025-10-02 07:58:36,2025-10-02 03:58:36,2025-10-02,"Significant"
35,2025-10-02 08:03:36,2025-10-02 04:03:36,2025-10-02,"Significant"
41,2025-10-02 08:08:36,2025-10-02 04:08:36,2025-10-02,"Significant"
48,2025-10-02 08:13:36,2025-10-02 04:13:36,2025-10-02,"Significant"
38,2025-10-02 08:18:36,2025-10-02 04:18:36,2025-10-02,"Significant"
30,2025-10-02 08:23:36,2025-10-02 04:23:36,2025-10-02,"Significant"
38,2025-10-02 08:28:36,2025-10-02 04:28:36,2025-10-02,"Significant"
25,2025-10-02 08:33:36,2025-10-02 04:33:36,2025-10-02,"Significant"
22,2025-10-02 08:38:36,2025-10-02 04:38:36,2025-10-02,"Significant"
22,2025-10-02 08:43:36,2025-10-02 04:43:36,2025-10-02,"Significant"
25,2025-10-02 08:48:36,2025-10-02 04:48:36,2025-10-02,"Significant"
23,2025-10-02 08:53:36,2025-10-02 04:53:36,2025-10-02,"Significant"
22,2025-10-02 08:58:36,2025-10-02 04:58:36,2025-10-02,"Significant"
21,2025-10-02 09:03:36,2025-10-02 05:03:36,2025-10-02,"Significant"
21,2025-10-02 09:08:36,2025-10-02 05:08:36,2025-10-02,"Significant"
21,2025-10-02 09:13:36,2025-10-02 05:13:36,2025-10-02,"Significant"
39,2025-10-02 09:18:36,2025-10-02 05:18:36,2025-10-02,"Significant"
29,2025-10-02 09:23:36,2025-10-02 05:23:36,2025-10-02,"Significant"
33,2025-10-02 09:28:36,2025-10-02 05:28:36,2025-10-02,"Significant"
22,2025-10-02 09:33:36,2025-10-02 05:33:36,2025-10-02,"Significant"
39,2025-10-03 03:13:36,2025-10-02 23:13:36,2025-10-03,"Significant"
23,2025-10-03 03:18:36,2025-10-02 23:18:36,2025-10-03,"Significant"
31,2025-10-03 03:23:36,2025-10-02 23:23:36,2025-10-03,"Significant"
15,2025-10-03 03:28:36,2025-10-02 23:28:36,2025-10-03,"Significant"
13,2025-10-03 03:33:36,2025-10-02 23:33:36,2025-10-03,"Significant"
15,2025-10-03 03:38:36,2025-10-02 23:38:36,2025-10-03,"Significant"
14,2025-10-03 03:43:36,2025-10-02 23:43:36,2025-10-03,"Significant"
14,2025-10-03 03:48:36,2025-10-02 23:48:36,2025-10-03,"Significant"
16,2025-10-03 03:53:36,2025-10-02 23:53:36,2025-10-03,"Significant"
15,2025-10-03 03:58:36,2025-10-02 23:58:36,2025-10-03,"Significant"
15,2025-10-03 04:03:36,2025-10-03 00:03:36,2025-10-03,"Significant"
14,2025-10-03 04:08:36,2025-10-03 00:08:36,2025-10-03,"Significant"
15,2025-10-03 04:13:36,2025-10-03 00:13:36,2025-10-03,"Significant"
19,2025-10-03 04:18:36,2025-10-03 00:18:36,2025-10-03,"Significant"
18,2025-10-03 04:23:36,2025-10-03 00:23:36,2025-10-03,"Significant"
19,2025-10-03 04:28:36,2025-10-03 00:28:36,2025-10-03,"Significant"
18,2025-10-03 04:33:36,2025-10-03 00:33:36,2025-10-03,"Significant"
18,2025-10-03 04:38:36,2025-10-03 00:38:36,2025-10-03,"Significant"
18,2025-10-03 04:43:36,2025-10-03 00:43:36,2025-10-03,"Significant"
18,2025-10-03 04:48:36,2025-10-03 00:48:36,2025-10-03,"Significant"
20,2025-10-03 04:53:36,2025-10-03 00:53:36,2025-10-03,"Significant"
18,2025-10-03 04:58:36,2025-10-03 00:58:36,2025-10-03,"Significant"
10,2025-10-03 05:03:36,2025-10-03 01:03:36,2025-10-03,"Significant"
9,2025-10-03 05:08:36,2025-10-03 01:08:36,2025-10-03,"Significant"
9,2025-10-03 05:13:36,2025-10-03 01:13:36,2025-10-03,"Significant"
9,2025-10-03 05:18:36,2025-10-03 01:18:36,2025-10-03,"Significant"
9,2025-10-03 05:23:36,2025-10-03 01:23:36,2025-10-03,"Significant"
11,2025-10-03 05:28:36,2025-10-03 01:28:36,2025-10-03,"Significant"
11,2025-10-03 05:33:36,2025-10-03 01:33:36,2025-10-03,"Significant"
11,2025-10-03 05:38:36,2025-10-03 01:38:36,2025-10-03,"Significant"
10,2025-10-03 05:43:36,2025-10-03 01:43:36,2025-10-03,"Significant"
11,2025-10-03 05:48:36,2025-10-03 01:48:36,2025-10-03,"Significant"
11,2025-10-03 05:53:36,2025-10-03 01:53:36,2025-10-03,"Significant"
20,2025-10-03 05:58:36,2025-10-03 01:58:36,2025-10-03,"Significant"
15,2025-10-03 06:03:36,2025-10-03 02:03:36,2025-10-03,"Significant"
16,2025-10-03 06:08:36,2025-10-03 02:08:36,2025-10-03,"Significant"
22,2025-10-03 06:13:36,2025-10-03 02:13:36,2025-10-03,"Significant"
20,2025-10-03 06:18:36,2025-10-03 02:18:36,2025-10-03,"Significant"
37,2025-10-03 06:23:36,2025-10-03 02:23:36,2025-10-03,"Significant"
41,2025-10-03 06:28:36,2025-10-03 02:28:36,2025-10-03,"Significant"
23,2025-10-03 06:33:36,2025-10-03 02:33:36,2025-10-03,"Significant"
13,2025-10-03 06:38:36,2025-10-03 02:38:36,2025-10-03,"Significant"
13,2025-10-03 06:43:36,2025-10-03 02:43:36,2025-10-03,"Significant"
15,2025-10-03 06:48:36,2025-10-03 02:48:36,2025-10-03,"Significant"
12,2025-10-03 06:53:36,2025-10-03 02:53:36,2025-10-03,"Significant"
16,2025-10-03 06:58:36,2025-10-03 02:58:36,2025-10-03,"Significant"
15,2025-10-03 07:03:36,2025-10-03 03:03:36,2025-10-03,"Significant"
13,2025-10-03 07:08:36,2025-10-03 03:08:36,2025-10-03,"Significant"
16,2025-10-03 07:13:36,2025-10-03 03:13:36,2025-10-03,"Significant"
18,2025-10-03 07:18:36,2025-10-03 03:18:36,2025-10-03,"Significant"
13,2025-10-03 07:23:36,2025-10-03 03:23:36,2025-10-03,"Significant"
12,2025-10-03 07:28:36,2025-10-03 03:28:36,2025-10-03,"Significant"
18,2025-10-03 07:33:36,2025-10-03 03:33:36,2025-10-03,"Significant"
14,2025-10-03 07:38:36,2025-10-03 03:38:36,2025-10-03,"Significant"
14,2025-10-03 07:43:36,2025-10-03 03:43:36,2025-10-03,"Significant"
14,2025-10-03 07:48:36,2025-10-03 03:48:36,2025-10-03,"Significant"
16,2025-10-03 07:53:36,2025-10-03 03:53:36,2025-10-03,"Significant"
15,2025-10-03 07:58:36,2025-10-03 03:58:36,2025-10-03,"Significant"
15,2025-10-03 08:03:36,2025-10-03 04:03:36,2025-10-03,"Significant"
15,2025-10-03 08:08:36,2025-10-03 04:08:36,2025-10-03,"Significant"
17,2025-10-03 08:13:36,2025-10-03 04:13:36,2025-10-03,"Significant"
16,2025-10-03 08:18:36,2025-10-03 04:18:36,2025-10-03,"Significant"
27,2025-10-03 08:23:36,2025-10-03 04:23:36,2025-10-03,"Significant"
26,2025-10-03 08:28:36,2025-10-03 04:28:36,2025-10-03,"Significant"
25,2025-10-03 08:33:36,2025-10-03 04:33:36,2025-10-03,"Significant"
26,2025-10-03 08:38:36,2025-10-03 04:38:36,2025-10-03,"Significant"
26,2025-10-03 08:43:36,2025-10-03 04:43:36,2025-10-03,"Significant"
30,2025-10-03 08:48:36,2025-10-03 04:48:36,2025-10-03,"Significant"
27,2025-10-03 08:53:36,2025-10-03 04:53:36,2025-10-03,"Significant"
29,2025-10-03 08:58:36,2025-10-03 04:58:36,2025-10-03,"Significant"
23,2025-10-03 09:03:36,2025-10-03 05:03:36,2025-10-03,"Significant"
28,2025-10-03 09:08:36,2025-10-03 05:08:36,2025-10-03,"Significant"
24,2025-10-03 09:13:36,2025-10-03 05:13:36,2025-10-03,"Significant"
18,2025-10-03 09:18:36,2025-10-03 05:18:36,2025-10-03,"Significant"
17,2025-10-03 09:23:36,2025-10-03 05:23:36,2025-10-03,"Significant"
16,2025-10-03 09:28:36,2025-10-03 05:28:36,2025-10-03,"Significant"
17,2025-10-03 09:33:36,2025-10-03 05:33:36,2025-10-03,"Significant"
16,2025-10-03 09:38:36,2025-10-03 05:38:36,2025-10-03,"Significant"
21,2025-10-03 09:43:36,2025-10-03 05:43:36,2025-10-03,"Significant"
21,2025-10-03 09:48:36,2025-10-03 05:48:36,2025-10-03,"Significant"
25,2025-10-03 09:53:36,2025-10-03 05:53:36,2025-10-03,"Significant"
29,2025-10-03 09:58:36,2025-10-03 05:58:36,2025-10-03,"Significant"
37,2025-10-03 10:03:36,2025-10-03 06:03:36,2025-10-03,"Significant"
27,2025-10-03 10:08:36,2025-10-03 06:08:36,2025-10-03,"Significant"
31,2025-10-03 10:13:36,2025-10-03 06:13:36,2025-10-03,"Significant"
32,2025-10-03 10:18:36,2025-10-03 06:18:36,2025-10-03,"Significant"
32,2025-10-03 10:23:36,2025-10-03 06:23:36,2025-10-03,"Significant"
28,2025-10-03 10:28:36,2025-10-03 06:28:36,2025-10-03,"Significant"
33,2025-10-03 10:33:36,2025-10-03 06:33:36,2025-10-03,"Significant"
18,2025-10-04 03:38:36,2025-10-03 23:38:36,2025-10-04,"Significant"
19,2025-10-04 03:43:36,2025-10-03 23:43:36,2025-10-04,"Significant"
20,2025-10-04 03:48:36,2025-10-03 23:48:36,2025-10-04,"Significant"
22,2025-10-04 03:53:36,2025-10-03 23:53:36,2025-10-04,"Significant"
21,2025-10-04 03:58:36,2025-10-03 23:58:36,2025-10-04,"Significant"
27,2025-10-04 04:03:36,2025-10-04 00:03:36,2025-10-04,"Significant"
29,2025-10-04 04:08:36,2025-10-04 00:08:36,2025-10-04,"Significant"
38,2025-10-04 04:13:36,2025-10-04 00:13:36,2025-10-04,"Significant"
39,2025-10-04 04:18:36,2025-10-04 00:18:36,2025-10-04,"Significant"
39,2025-10-04 04:23:36,2025-10-04 00:23:36,2025-10-04,"Significant"
34,2025-10-04 04:28:36,2025-10-04 00:28:36,2025-10-04,"Significant"
22,2025-10-04 04:33:36,2025-10-04 00:33:36,2025-10-04,"Significant"
31,2025-10-04 04:38:36,2025-10-04 00:38:36,2025-10-04,"Significant"
20,2025-10-04 04:43:36,2025-10-04 00:43:36,2025-10-04,"Significant"
10,2025-10-04 04:48:36,2025-10-04 00:48:36,2025-10-04,"Significant"
14,2025-10-04 04:53:36,2025-10-04 00:53:36,2025-10-04,"Significant"
12,2025-10-04 04:58:36,2025-10-04 00:58:36,2025-10-04,"Significant"
12,2025-10-04 05:03:36,2025-10-04 01:03:36,2025-10-04,"Significant"
14,2025-10-04 05:08:36,2025-10-04 01:08:36,2025-10-04,"Significant"
15,2025-10-04 05:13:36,2025-10-04 01:13:36,2025-10-04,"Significant"
32,2025-10-04 05:18:36,2025-10-04 01:18:36,2025-10-04,"Significant"
23,2025-10-04 05:23:36,2025-10-04 01:23:36,2025-10-04,"Significant"
15,2025-10-04 05:28:36,2025-10-04 01:28:36,2025-10-04,"Significant"
10,2025-10-04 05:33:36,2025-10-04 01:33:36,2025-10-04,"Significant"
10,2025-10-04 05:38:36,2025-10-04 01:38:36,2025-10-04,"Significant"
13,2025-10-04 05:43:36,2025-10-04 01:43:36,2025-10-04,"Significant"
13,2025-10-04 05:48:36,2025-10-04 01:48:36,2025-10-04,"Significant"
13,2025-10-04 05:53:36,2025-10-04 01:53:36,2025-10-04,"Significant"
30,2025-10-04 05:58:36,2025-10-04 01:58:36,2025-10-04,"Significant"
32,2025-10-04 06:03:36,2025-10-04 02:03:36,2025-10-04,"Significant"
34,2025-10-04 06:08:36,2025-10-04 02:08:36,2025-10-04,"Significant"
29,2025-10-04 06:13:36,2025-10-04 02:13:36,2025-10-04,"Significant"
49,2025-10-04 06:18:36,2025-10-04 02:18:36,2025-10-04,"Significant"
26,2025-10-04 06:23:36,2025-10-04 02:23:36,2025-10-04,"Significant"
20,2025-10-04 06:28:36,2025-10-04 02:28:36,2025-10-04,"Significant"
24,2025-10-04 06:33:36,2025-10-04 02:33:36,2025-10-04,"Significant"
19,2025-10-04 06:38:36,2025-10-04 02:38:36,2025-10-04,"Significant"
19,2025-10-04 06:43:36,2025-10-04 02:43:36,2025-10-04,"Significant"
18,2025-10-04 06:48:36,2025-10-04 02:48:36,2025-10-04,"Significant"
20,2025-10-04 06:53:36,2025-10-04 02:53:36,2025-10-04,"Significant"
20,2025-10-04 06:58:36,2025-10-04 02:58:36,2025-10-04,"Significant"
23,2025-10-04 07:03:36,2025-10-04 03:03:36,2025-10-04,"Significant"
24,2025-10-04 07:08:36,2025-10-04 03:08:36,2025-10-04,"Significant"
27,2025-10-04 07:13:36,2025-10-04 03:13:36,2025-10-04,"Significant"
30,2025-10-04 07:18:36,2025-10-04 03:18:36,2025-10-04,"Significant"
27,2025-10-04 07:23:36,2025-10-04 03:23:36,2025-10-04,"Significant"
27,2025-10-04 07:28:36,2025-10-04 03:28:36,2025-10-04,"Significant"
26,2025-10-04 07:33:36,2025-10-04 03:33:36,2025-10-04,"Significant"
20,2025-10-04 07:38:36,2025-10-04 03:38:36,2025-10-04,"Significant"
16,2025-10-04 07:43:36,2025-10-04 03:43:36,2025-10-04,"Significant"
18,2025-10-04 07:48:36,2025-10-04 03:48:36,2025-10-04,"Significant"
19,2025-10-04 07:53:36,2025-10-04 03:53:36,2025-10-04,"Significant"
17,2025-10-04 07:58:36,2025-10-04 03:58:36,2025-10-04,"Significant"
18,2025-10-04 08:03:36,2025-10-04 04:03:36,2025-10-04,"Significant"
18,2025-10-04 08:08:36,2025-10-04 04:08:36,2025-10-04,"Significant"
22,2025-10-04 08:13:36,2025-10-04 04:13:36,2025-10-04,"Significant"
17,2025-10-04 08:18:36,2025-10-04 04:18:36,2025-10-04,"Significant"
16,2025-10-04 08:23:36,2025-10-04 04:23:36,2025-10-04,"Significant"
17,2025-10-04 08:28:36,2025-10-04 04:28:36,2025-10-04,"Significant"
17,2025-10-04 08:33:36,2025-10-04 04:33:36,2025-10-04,"Significant"
28,2025-10-04 08:38:36,2025-10-04 04:38:36,2025-10-04,"Significant"
35,2025-10-04 08:43:36,2025-10-04 04:43:36,2025-10-04,"Significant"
31,2025-10-04 08:48:36,2025-10-04 04:48:36,2025-10-04,"Significant"
27,2025-10-04 08:53:36,2025-10-04 04:53:36,2025-10-04,"Significant"
28,2025-10-04 08:58:36,2025-10-04 04:58:36,2025-10-04,"Significant"
31,2025-10-04 09:03:36,2025-10-04 05:03:36,2025-10-04,"Significant"
33,2025-10-04 09:08:36,2025-10-04 05:08:36,2025-10-04,"Significant"
30,2025-10-04 09:13:36,2025-10-04 05:13:36,2025-10-04,"Significant"
37,2025-10-04 09:18:36,2025-10-04 05:18:36,2025-10-04,"Significant"
23,2025-10-04 09:23:36,2025-10-04 05:23:36,2025-10-04,"Significant"
19,2025-10-04 09:28:36,2025-10-04 05:28:36,2025-10-04,"Significant"
20,2025-10-04 09:33:36,2025-10-04 05:33:36,2025-10-04,"Significant"
18,2025-10-04 09:38:36,2025-10-04 05:38:36,2025-10-04,"Significant"
25,2025-10-04 09:43:36,2025-10-04 05:43:36,2025-10-04,"Significant"
15,2025-10-04 09:48:36,2025-10-04 05:48:36,2025-10-04,"Significant"
27,2025-10-04 09:53:36,2025-10-04 05:53:36,2025-10-04,"Significant"
26,2025-10-04 09:58:36,2025-10-04 05:58:36,2025-10-04,"Significant"
29,2025-10-04 10:03:36,2025-10-04 06:03:36,2025-10-04,"Significant"
35,2025-10-04 10:08:36,2025-10-04 06:08:36,2025-10-04,"Significant"
51,2025-10-04 10:13:36,2025-10-04 06:13:36,2025-10-04,"Significant"
41,2025-10-04 10:18:36,2025-10-04 06:18:36,2025-10-04,"Significant"
26,2025-10-04 10:23:36,2025-10-04 06:23:36,2025-10-04,"Significant"
22,2025-10-04 10:28:36,2025-10-04 06:28:36,2025-10-04,"Significant"
21,2025-10-04 10:33:36,2025-10-04 06:33:36,2025-10-04,"Significant"
21,2025-10-04 10:38:36,2025-10-04 06:38:36,2025-10-04,"Significant"
20,2025-10-04 10:43:36,2025-10-04 06:43:36,2025-10-04,"Significant"
23,2025-10-04 10:48:36,2025-10-04 06:48:36,2025-10-04,"Significant"
25,2025-10-04 10:53:36,2025-10-04 06:53:36,2025-10-04,"Significant"
27,2025-10-04 10:58:36,2025-10-04 06:58:36,2025-10-04,"Significant"
26,2025-10-04 11:03:36,2025-10-04 07:03:36,2025-10-04,"Significant"
23,2025-10-04 11:08:36,2025-10-04 07:08:36,2025-10-04,"Significant"
26,2025-10-04 11:13:36,2025-10-04 07:13:36,2025-10-04,"Significant"
27,2025-10-04 11:18:36,2025-10-04 07:18:36,2025-10-04,"Significant"
24,2025-10-04 11:23:36,2025-10-04 07:23:36,2025-10-04,"Significant"
25,2025-10-04 11:28:36,2025-10-04 07:28:36,2025-10-04,"Significant"
41,2025-10-05 03:53:36,2025-10-04 23:53:36,2025-10-05,"Significant"
44,2025-10-05 03:58:36,2025-10-04 23:58:36,2025-10-05,"Significant"
33,2025-10-05 04:03:36,2025-10-05 00:03:36,2025-10-05,"Significant"
33,2025-10-05 04:08:36,2025-10-05 00:08:36,2025-10-05,"Significant"
30,2025-10-05 04:13:36,2025-10-05 00:13:36,2025-10-05,"Significant"
29,2025-10-05 04:18:36,2025-10-05 00:18:36,2025-10-05,"Significant"
27,2025-10-05 04:23:36,2025-10-05 00:23:36,2025-10-05,"Significant"
24,2025-10-05 04:28:36,2025-10-05 00:28:36,2025-10-05,"Significant"
35,2025-10-05 04:33:36,2025-10-05 00:33:36,2025-10-05,"Significant"
41,2025-10-05 04:38:36,2025-10-05 00:38:36,2025-10-05,"Significant"
42,2025-10-05 04:43:36,2025-10-05 00:43:36,2025-10-05,"Significant"
37,2025-10-05 04:48:36,2025-10-05 00:48:36,2025-10-05,"Significant"
33,2025-10-05 04:53:36,2025-10-05 00:53:36,2025-10-05,"Significant"
39,2025-10-05 04:58:36,2025-10-05 00:58:36,2025-10-05,"Significant"
30,2025-10-05 05:03:36,2025-10-05 01:03:36,2025-10-05,"Significant"
30,2025-10-05 05:08:36,2025-10-05 01:08:36,2025-10-05,"Significant"
32,2025-10-05 05:13:36,2025-10-05 01:13:36,2025-10-05,"Significant"
31,2025-10-05 05:18:36,2025-10-05 01:18:36,2025-10-05,"Significant"
33,2025-10-05 05:23:36,2025-10-05 01:23:36,2025-10-05,"Significant"
32,2025-10-05 05:28:36,2025-10-05 01:28:36,2025-10-05,"Significant"
34,2025-10-05 05:33:36,2025-10-05 01:33:36,2025-10-05,"Significant"
33,2025-10-05 05:38:36,2025-10-05 01:38:36,2025-10-05,"Significant"
39,2025-10-05 05:43:36,2025-10-05 01:43:36,2025-10-05,"Significant"
32,2025-10-05 05:48:36,2025-10-05 01:48:36,2025-10-05,"Significant"
33,2025-10-05 05:53:36,2025-10-05 01:53:36,2025-10-05,"Significant"
42,2025-10-05 05:58:36,2025-10-05 01:58:36,2025-10-05,"Significant"
40,2025-10-05 06:03:36,2025-10-05 02:03:36,2025-10-05,"Significant"
34,2025-10-05 06:08:36,2025-10-05 02:08:36,2025-10-05,"Significant"
47,2025-10-05 06:13:36,2025-10-05 02:13:36,2025-10-05,"Significant"
49,2025-10-05 06:18:36,2025-10-05 02:18:36,2025-10-05,"Significant"
45,2025-10-05 06:23:36,2025-10-05 02:23:36,2025-10-05,"Significant"
49,2025-10-05 06:28:36,2025-10-05 02:28:36,2025-10-05,"Significant"
43,2025-10-05 06:33:36,2025-10-05 02:33:36,2025-10-05,"Significant"
49,2025-10-05 06:38:36,2025-10-05 02:38:36,2025-10-05,"Significant"
45,2025-10-05 06:43:36,2025-10-05 02:43:36,2025-10-05,"Significant"
48,2025-10-05 06:48:36,2025-10-05 02:48:36,2025-10-05,"Significant"
40,2025-10-05 06:53:36,2025-10-05 02:53:36,2025-10-05,"Significant"
41,2025-10-05 06:58:36,2025-10-05 02:58:36,2025-10-05,"Significant"
29,2025-10-05 07:03:36,2025-10-05 03:03:36,2025-10-05,"Significant"
33,2025-10-05 07:08:36,2025-10-05 03:08:36,2025-10-05,"Significant"
33,2025-10-05 07:13:36,2025-10-05 03:13:36,2025-10-05,"Significant"
34,2025-10-05 07:18:36,2025-10-05 03:18:36,2025-10-05,"Significant"
31,2025-10-05 07:23:36,2025-10-05 03:23:36,2025-10-05,"Significant"
37,2025-10-05 07:28:36,2025-10-05 03:28:36,2025-10-05,"Significant"
51,2025-10-05 07:33:36,2025-10-05 03:33:36,2025-10-05,"Significant"
56,2025-10-05 07:38:36,2025-10-05 03:38:36,2025-10-05,"Significant"
47,2025-10-05 07:43:36,2025-10-05 03:43:36,2025-10-05,"Significant"
32,2025-10-05 07:48:36,2025-10-05 03:48:36,2025-10-05,"Significant"
48,2025-10-05 07:53:36,2025-10-05 03:53:36,2025-10-05,"Significant"
51,2025-10-05 07:58:36,2025-10-05 03:58:36,2025-10-05,"Significant"
47,2025-10-05 08:03:36,2025-10-05 04:03:36,2025-10-05,"Significant"
51,2025-10-05 08:08:36,2025-10-05 04:08:36,2025-10-05,"Significant"
54,2025-10-05 08:13:36,2025-10-05 04:13:36,2025-10-05,"Significant"
54,2025-10-05 08:18:36,2025-10-05 04:18:36,2025-10-05,"Significant"
47,2025-10-05 08:23:36,2025-10-05 04:23:36,2025-10-05,"Significant"
46,2025-10-05 08:28:36,2025-10-05 04:28:36,2025-10-05,"Significant"
45,2025-10-05 08:33:36,2025-10-05 04:33:36,2025-10-05,"Significant"
45,2025-10-05 08:38:36,2025-10-05 04:38:36,2025-10-05,"Significant"
45,2025-10-05 08:43:36,2025-10-05 04:43:36,2025-10-05,"Significant"
53,2025-10-05 08:48:36,2025-10-05 04:48:36,2025-10-05,"Significant"
47,2025-10-05 08:53:36,2025-10-05 04:53:36,2025-10-05,"Significant"
55,2025-10-05 08:58:36,2025-10-05 04:58:36,2025-10-05,"Significant"
48,2025-10-05 09:03:36,2025-10-05 05:03:36,2025-10-05,"Significant"
66,2025-10-05 09:08:36,2025-10-05 05:08:36,2025-10-05,"Significant"
47,2025-10-05 09:13:36,2025-10-05 05:13:36,2025-10-05,"Significant"
56,2025-10-05 09:18:36,2025-10-05 05:18:36,2025-10-05,"Significant"
63,2025-10-05 09:23:36,2025-10-05 05:23:36,2025-10-05,"Significant"
59,2025-10-05 09:28:36,2025-10-05 05:28:36,2025-10-05,"Significant"
56,2025-10-05 09:33:36,2025-10-05 05:33:36,2025-10-05,"Significant"
39,2025-10-05 09:38:36,2025-10-05 05:38:36,2025-10-05,"Significant"
40,2025-10-05 09:43:36,2025-10-05 05:43:36,2025-10-05,"Significant"
49,2025-10-05 09:48:36,2025-10-05 05:48:36,2025-10-05,"Significant"
40,2025-10-05 09:53:36,2025-10-05 05:53:36,2025-10-05,"Significant"
40,2025-10-05 09:58:36,2025-10-05 05:58:36,2025-10-05,"Significant"
41,2025-10-05 10:03:36,2025-10-05 06:03:36,2025-10-05,"Significant"
40,2025-10-05 10:08:36,2025-10-05 06:08:36,2025-10-05,"Significant"
41,2025-10-05 10:13:36,2025-10-05 06:13:36,2025-10-05,"Significant"
39,2025-10-05 10:18:36,2025-10-05 06:18:36,2025-10-05,"Significant"
38,2025-10-05 10:23:36,2025-10-05 06:23:36,2025-10-05,"Significant"
63,2025-10-05 10:28:36,2025-10-05 06:28:36,2025-10-05,"Significant"
60,2025-10-05 10:33:36,2025-10-05 06:33:36,2025-10-05,"Significant"
48,2025-10-05 10:38:36,2025-10-05 06:38:36,2025-10-05,"Significant"
39,2025-10-05 10:43:36,2025-10-05 06:43:36,2025-10-05,"Significant"
36,2025-10-05 10:48:36,2025-10-05 06:48:36,2025-10-05,"Significant"
59,2025-10-05 10:53:36,2025-10-05 06:53:36,2025-10-05,"Significant"
55,2025-10-05 10:58:36,2025-10-05 06:58:36,2025-10-05,"Significant"
60,2025-10-05 11:03:36,2025-10-05 07:03:36,2025-10-05,"Significant"
57,2025-10-05 11:08:36,2025-10-05 07:08:36,2025-10-05,"Significant"
63,2025-10-05 11:13:36,2025-10-05 07:13:36,2025-10-05,"Significant"
45,2025-10-05 11:18:36,2025-10-05 07:18:36,2025-10-05,"Significant"
44,2025-10-05 11:23:36,2025-10-05 07:23:36,2025-10-05,"Significant"
45,2025-10-05 11:28:36,2025-10-05 07:28:36,2025-10-05,"Significant"
43,2025-10-05 11:33:36,2025-10-05 07:33:36,2025-10-05,"Significant"
47,2025-10-05 11:38:36,2025-10-05 07:38:36,2025-10-05,"Significant"
41,2025-10-05 11:43:36,2025-10-05 07:43:36,2025-10-05,"Significant"
47,2025-10-05 11:48:36,2025-10-05 07:48:36,2025-10-05,"Significant"
56,2025-10-05 11:53:36,2025-10-05 07:53:36,2025-10-05,"Significant"
54,2025-10-05 11:58:36,2025-10-05 07:58:36,2025-10-05,"Significant"
47,2025-10-05 12:03:36,2025-10-05 08:03:36,2025-10-05,"Significant"
36,2025-10-06 03:33:36,2025-10-05 23:33:36,2025-10-06,"Significant"
33,2025-10-06 03:38:36,2025-10-05 23:38:36,2025-10-06,"Significant"
31,2025-10-06 03:43:36,2025-10-05 23:43:36,2025-10-06,"Significant"
29,2025-10-06 03:48:36,2025-10-05 23:48:36,2025-10-06,"Significant"
28,2025-10-06 03:53:36,2025-10-05 23:53:36,2025-10-06,"Significant"
26,2025-10-06 03:58:36,2025-10-05 23:58:36,2025-10-06,"Significant"
27,2025-10-06 04:03:36,2025-10-06 00:03:36,2025-10-06,"Significant"
28,2025-10-06 04:08:36,2025-10-06 00:08:36,2025-10-06,"Significant"
38,2025-10-06 04:13:36,2025-10-06 00:13:36,2025-10-06,"Significant"
28,2025-10-06 04:18:36,2025-10-06 00:18:36,2025-10-06,"Significant"
27,2025-10-06 04:23:36,2025-10-06 00:23:36,2025-10-06,"Significant"
34,2025-10-06 04:28:36,2025-10-06 00:28:36,2025-10-06,"Significant"
30,2025-10-06 04:33:36,2025-10-06 00:33:36,2025-10-06,"Significant"
37,2025-10-06 04:38:36,2025-10-06 00:38:36,2025-10-06,"Significant"
29,2025-10-06 04:43:36,2025-10-06 00:43:36,2025-10-06,"Significant"
26,2025-10-06 04:48:36,2025-10-06 00:48:36,2025-10-06,"Significant"
26,2025-10-06 04:53:36,2025-10-06 00:53:36,2025-10-06,"Significant"
28,2025-10-06 04:58:36,2025-10-06 00:58:36,2025-10-06,"Significant"
28,2025-10-06 05:03:36,2025-10-06 01:03:36,2025-10-06,"Significant"
38,2025-10-06 05:08:36,2025-10-06 01:08:36,2025-10-06,"Significant"
25,2025-10-06 05:13:36,2025-10-06 01:13:36,2025-10-06,"Significant"
29,2025-10-06 05:18:36,2025-10-06 01:18:36,2025-10-06,"Significant"
31,2025-10-06 05:23:36,2025-10-06 01:23:36,2025-10-06,"Significant"
39,2025-10-06 05:28:36,2025-10-06 01:28:36,2025-10-06,"Significant"
32,2025-10-06 05:33:36,2025-10-06 01:33:36,2025-10-06,"Significant"
31,2025-10-06 05:38:36,2025-10-06 01:38:36,2025-10-06,"Significant"
44,2025-10-06 05:43:36,2025-10-06 01:43:36,2025-10-06,"Significant"
40,2025-10-06 05:48:36,2025-10-06 01:48:36,2025-10-06,"Significant"
36,2025-10-06 05:53:36,2025-10-06 01:53:36,2025-10-06,"Significant"
38,2025-10-06 05:58:36,2025-10-06 01:58:36,2025-10-06,"Significant"
36,2025-10-06 06:03:36,2025-10-06 02:03:36,2025-10-06,"Significant"
39,2025-10-06 06:08:36,2025-10-06 02:08:36,2025-10-06,"Significant"
33,2025-10-06 06:13:36,2025-10-06 02:13:36,2025-10-06,"Significant"
35,2025-10-06 06:18:36,2025-10-06 02:18:36,2025-10-06,"Significant"
48,2025-10-06 06:23:36,2025-10-06 02:23:36,2025-10-06,"Significant"
35,2025-10-06 06:28:36,2025-10-06 02:28:36,2025-10-06,"Significant"
46,2025-10-06 06:33:36,2025-10-06 02:33:36,2025-10-06,"Significant"
38,2025-10-06 06:38:36,2025-10-06 02:38:36,2025-10-06,"Significant"
48,2025-10-06 06:43:36,2025-10-06 02:43:36,2025-10-06,"Significant"
41,2025-10-06 06:48:36,2025-10-06 02:48:36,2025-10-06,"Significant"
43,2025-10-06 06:53:36,2025-10-06 02:53:36,2025-10-06,"Significant"
36,2025-10-06 06:58:36,2025-10-06 02:58:36,2025-10-06,"Significant"
31,2025-10-06 07:03:36,2025-10-06 03:03:36,2025-10-06,"Significant"
37,2025-10-06 07:08:36,2025-10-06 03:08:36,2025-10-06,"Significant"
35,2025-10-06 07:13:36,2025-10-06 03:13:36,2025-10-06,"Significant"
34,2025-10-06 07:18:36,2025-10-06 03:18:36,2025-10-06,"Significant"
31,2025-10-06 07:23:36,2025-10-06 03:23:36,2025-10-06,"Significant"
36,2025-10-06 07:28:36,2025-10-06 03:28:36,2025-10-06,"Significant"
40,2025-10-06 07:33:36,2025-10-06 03:33:36,2025-10-06,"Significant"
33,2025-10-06 07:38:36,2025-10-06 03:38:36,2025-10-06,"Significant"
30,2025-10-06 07:43:36,2025-10-06 03:43:36,2025-10-06,"Significant"
31,2025-10-06 07:48:36,2025-10-06 03:48:36,2025-10-06,"Significant"
32,2025-10-06 07:53:36,2025-10-06 03:53:36,2025-10-06,"Significant"
35,2025-10-06 07:58:36,2025-10-06 03:58:36,2025-10-06,"Significant"
34,2025-10-06 08:03:36,2025-10-06 04:03:36,2025-10-06,"Significant"
51,2025-10-06 08:08:36,2025-10-06 04:08:36,2025-10-06,"Significant"
39,2025-10-06 08:13:36,2025-10-06 04:13:36,2025-10-06,"Significant"
40,2025-10-06 08:18:36,2025-10-06 04:18:36,2025-10-06,"Significant"
47,2025-10-06 08:23:36,2025-10-06 04:23:36,2025-10-06,"Significant"
50,2025-10-06 08:28:36,2025-10-06 04:28:36,2025-10-06,"Significant"
42,2025-10-06 08:33:36,2025-10-06 04:33:36,2025-10-06,"Significant"
38,2025-10-06 08:38:36,2025-10-06 04:38:36,2025-10-06,"Significant"
33,2025-10-06 08:43:36,2025-10-06 04:43:36,2025-10-06,"Significant"
33,2025-10-06 08:48:36,2025-10-06 04:48:36,2025-10-06,"Significant"
32,2025-10-06 08:53:36,2025-10-06 04:53:36,2025-10-06,"Significant"
39,2025-10-06 08:58:36,2025-10-06 04:58:36,2025-10-06,"Significant"
37,2025-10-06 09:03:36,2025-10-06 05:03:36,2025-10-06,"Significant"
36,2025-10-06 09:08:36,2025-10-06 05:08:36,2025-10-06,"Significant"
35,2025-10-06 09:13:36,2025-10-06 05:13:36,2025-10-06,"Significant"
36,2025-10-06 09:18:36,2025-10-06 05:18:36,2025-10-06,"Significant"
34,2025-10-06 09:23:36,2025-10-06 05:23:36,2025-10-06,"Significant"
45,2025-10-06 09:28:36,2025-10-06 05:28:36,2025-10-06,"Significant"
45,2025-10-06 09:33:36,2025-10-06 05:33:36,2025-10-06,"Significant"
44,2025-10-06 09:38:36,2025-10-06 05:38:36,2025-10-06,"Significant"
52,2025-10-06 09:43:36,2025-10-06 05:43:36,2025-10-06,"Significant"
41,2025-10-06 09:48:36,2025-10-06 05:48:36,2025-10-06,"Significant"
36,2025-10-06 09:53:36,2025-10-06 05:53:36,2025-10-06,"Significant"
40,2025-10-06 09:58:36,2025-10-06 05:58:36,2025-10-06,"Significant"
39,2025-10-06 10:03:36,2025-10-06 06:03:36,2025-10-06,"Significant"
40,2025-10-06 10:08:36,2025-10-06 06:08:36,2025-10-06,"Significant"
47,2025-10-06 10:13:36,2025-10-06 06:13:36,2025-10-06,"Significant"
43,2025-10-06 10:18:36,2025-10-06 06:18:36,2025-10-06,"Significant"
41,2025-10-06 10:23:36,2025-10-06 06:23:36,2025-10-06,"Significant"
51,2025-10-06 10:28:36,2025-10-06 06:28:36,2025-10-06,"Significant"
31,2025-10-07 02:18:36,2025-10-06 22:18:36,2025-10-07,"Significant"
40,2025-10-07 02:23:36,2025-10-06 22:23:36,2025-10-07,"Significant"
41,2025-10-07 02:28:36,2025-10-06 22:28:36,2025-10-07,"Significant"
42,2025-10-07 02:33:36,2025-10-06 22:33:36,2025-10-07,"Significant"
40,2025-10-07 02:38:36,2025-10-06 22:38:36,2025-10-07,"Significant"
47,2025-10-07 02:43:36,2025-10-06 22:43:36,2025-10-07,"Significant"
50,2025-10-07 02:48:36,2025-10-06 22:48:36,2025-10-07,"Significant"
58,2025-10-07 02:53:36,2025-10-06 22:53:36,2025-10-07,"Significant"
50,2025-10-07 02:58:36,2025-10-06 22:58:36,2025-10-07,"Significant"
46,2025-10-07 03:03:36,2025-10-06 23:03:36,2025-10-07,"Significant"
52,2025-10-07 03:08:36,2025-10-06 23:08:36,2025-10-07,"Significant"
48,2025-10-07 03:13:36,2025-10-06 23:13:36,2025-10-07,"Significant"
46,2025-10-07 03:18:36,2025-10-06 23:18:36,2025-10-07,"Significant"
46,2025-10-07 03:23:36,2025-10-06 23:23:36,2025-10-07,"Significant"
47,2025-10-07 03:28:36,2025-10-06 23:28:36,2025-10-07,"Significant"
47,2025-10-07 03:33:36,2025-10-06 23:33:36,2025-10-07,"Significant"
45,2025-10-07 03:38:36,2025-10-06 23:38:36,2025-10-07,"Significant"
42,2025-10-07 03:43:36,2025-10-06 23:43:36,2025-10-07,"Significant"
37,2025-10-07 03:48:36,2025-10-06 23:48:36,2025-10-07,"Significant"
38,2025-10-07 03:53:36,2025-10-06 23:53:36,2025-10-07,"Significant"
33,2025-10-07 03:58:36,2025-10-06 23:58:36,2025-10-07,"Significant"
35,2025-10-07 04:03:36,2025-10-07 00:03:36,2025-10-07,"Significant"
27,2025-10-07 04:08:36,2025-10-07 00:08:36,2025-10-07,"Significant"
30,2025-10-07 04:13:36,2025-10-07 00:13:36,2025-10-07,"Significant"
32,2025-10-07 04:18:36,2025-10-07 00:18:36,2025-10-07,"Significant"
29,2025-10-07 04:23:36,2025-10-07 00:23:36,2025-10-07,"Significant"
35,2025-10-07 04:28:36,2025-10-07 00:28:36,2025-10-07,"Significant"
30,2025-10-07 04:33:36,2025-10-07 00:33:36,2025-10-07,"Significant"
30,2025-10-07 04:38:36,2025-10-07 00:38:36,2025-10-07,"Significant"
27,2025-10-07 04:43:36,2025-10-07 00:43:36,2025-10-07,"Significant"
29,2025-10-07 04:48:36,2025-10-07 00:48:36,2025-10-07,"Significant"
27,2025-10-07 04:53:36,2025-10-07 00:53:36,2025-10-07,"Significant"
32,2025-10-07 04:58:36,2025-10-07 00:58:36,2025-10-07,"Significant"
32,2025-10-07 05:03:36,2025-10-07 01:03:36,2025-10-07,"Significant"
30,2025-10-07 05:08:36,2025-10-07 01:08:36,2025-10-07,"Significant"
34,2025-10-07 05:13:36,2025-10-07 01:13:36,2025-10-07,"Significant"
40,2025-10-07 05:18:36,2025-10-07 01:18:36,2025-10-07,"Significant"
38,2025-10-07 05:23:36,2025-10-07 01:23:36,2025-10-07,"Significant"
36,2025-10-07 05:28:36,2025-10-07 01:28:36,2025-10-07,"Significant"
37,2025-10-07 05:33:36,2025-10-07 01:33:36,2025-10-07,"Significant"
38,2025-10-07 05:38:36,2025-10-07 01:38:36,2025-10-07,"Significant"
39,2025-10-07 05:43:36,2025-10-07 01:43:36,2025-10-07,"Significant"
31,2025-10-07 05:48:36,2025-10-07 01:48:36,2025-10-07,"Significant"
31,2025-10-07 05:53:36,2025-10-07 01:53:36,2025-10-07,"Significant"
32,2025-10-07 05:58:36,2025-10-07 01:58:36,2025-10-07,"Significant"
36,2025-10-07 06:03:36,2025-10-07 02:03:36,2025-10-07,"Significant"
32,2025-10-07 06:08:36,2025-10-07 02:08:36,2025-10-07,"Significant"
42,2025-10-07 06:13:36,2025-10-07 02:13:36,2025-10-07,"Significant"
49,2025-10-07 06:18:36,2025-10-07 02:18:36,2025-10-07,"Significant"
42,2025-10-07 06:23:36,2025-10-07 02:23:36,2025-10-07,"Significant"
50,2025-10-07 06:28:36,2025-10-07 02:28:36,2025-10-07,"Significant"
42,2025-10-07 06:33:36,2025-10-07 02:33:36,2025-10-07,"Significant"
29,2025-10-07 06:38:36,2025-10-07 02:38:36,2025-10-07,"Significant"
24,2025-10-07 06:43:36,2025-10-07 02:43:36,2025-10-07,"Significant"
22,2025-10-07 06:48:36,2025-10-07 02:48:36,2025-10-07,"Significant"
19,2025-10-07 06:53:36,2025-10-07 02:53:36,2025-10-07,"Significant"
20,2025-10-07 06:58:36,2025-10-07 02:58:36,2025-10-07,"Significant"
22,2025-10-07 07:03:36,2025-10-07 03:03:36,2025-10-07,"Significant"
25,2025-10-07 07:08:36,2025-10-07 03:08:36,2025-10-07,"Significant"
38,2025-10-07 07:13:36,2025-10-07 03:13:36,2025-10-07,"Significant"
35,2025-10-07 07:18:36,2025-10-07 03:18:36,2025-10-07,"Significant"
30,2025-10-07 07:23:36,2025-10-07 03:23:36,2025-10-07,"Significant"
39,2025-10-07 07:28:36,2025-10-07 03:28:36,2025-10-07,"Significant"
37,2025-10-07 07:33:36,2025-10-07 03:33:36,2025-10-07,"Significant"
25,2025-10-07 07:38:36,2025-10-07 03:38:36,2025-10-07,"Significant"
27,2025-10-07 07:43:36,2025-10-07 03:43:36,2025-10-07,"Significant"
26,2025-10-07 07:48:36,2025-10-07 03:48:36,2025-10-07,"Significant"
26,2025-10-07 07:53:36,2025-10-07 03:53:36,2025-10-07,"Significant"
31,2025-10-07 07:58:36,2025-10-07 03:58:36,2025-10-07,"Significant"
49,2025-10-07 08:03:36,2025-10-07 04:03:36,2025-10-07,"Significant"
60,2025-10-07 08:08:36,2025-10-07 04:08:36,2025-10-07,"Significant"
43,2025-10-07 08:13:36,2025-10-07 04:13:36,2025-10-07,"Significant"
50,2025-10-07 08:18:36,2025-10-07 04:18:36,2025-10-07,"Significant"
36,2025-10-07 08:23:36,2025-10-07 04:23:36,2025-10-07,"Significant"
36,2025-10-07 08:28:36,2025-10-07 04:28:36,2025-10-07,"Significant"
36,2025-10-07 08:33:36,2025-10-07 04:33:36,2025-10-07,"Significant"
35,2025-10-07 08:38:36,2025-10-07 04:38:36,2025-10-07,"Significant"
38,2025-10-07 08:43:36,2025-10-07 04:43:36,2025-10-07,"Significant"
32,2025-10-07 08:48:36,2025-10-07 04:48:36,2025-10-07,"Significant"
25,2025-10-07 08:53:36,2025-10-07 04:53:36,2025-10-07,"Significant"
39,2025-10-07 08:58:36,2025-10-07 04:58:36,2025-10-07,"Significant"
29,2025-10-07 09:03:36,2025-10-07 05:03:36,2025-10-07,"Significant"
30,2025-10-07 09:08:36,2025-10-07 05:08:36,2025-10-07,"Significant"
33,2025-10-07 09:13:36,2025-10-07 05:13:36,2025-10-07,"Significant"
34,2025-10-07 09:18:36,2025-10-07 05:18:36,2025-10-07,"Significant"
34,2025-10-07 09:23:36,2025-10-07 05:23:36,2025-10-07,"Significant"
36,2025-10-07 09:28:36,2025-10-07 05:28:36,2025-10-07,"Significant"
36,2025-10-07 09:33:36,2025-10-07 05:33:36,2025-10-07,"Significant"
38,2025-10-07 09:38:36,2025-10-07 05:38:36,2025-10-07,"Significant"
40,2025-10-07 09:43:36,2025-10-07 05:43:36,2025-10-07,"Significant"
53,2025-10-07 09:48:36,2025-10-07 05:48:36,2025-10-07,"Significant"
53,2025-10-07 09:53:36,2025-10-07 05:53:36,2025-10-07,"Significant"
54,2025-10-07 09:58:36,2025-10-07 05:58:36,2025-10-07,"Significant"
49,2025-10-07 10:03:36,2025-10-07 06:03:36,2025-10-07,"Significant"
47,2025-10-07 10:08:36,2025-10-07 06:08:36,2025-10-07,"Significant"
49,2025-10-07 10:13:36,2025-10-07 06:13:36,2025-10-07,"Significant"
37,2025-10-07 10:18:36,2025-10-07 06:18:36,2025-10-07,"Significant"
31,2025-10-07 10:23:36,2025-10-07 06:23:36,2025-10-07,"Significant"
27,2025-10-07 10:28:36,2025-10-07 06:28:36,2025-10-07,"Significant"
37,2025-10-07 10:33:36,2025-10-07 06:33:36,2025-10-07,"Significant"
38,2025-10-08 02:48:36,2025-10-07 22:48:36,2025-10-08,"Significant"
35,2025-10-08 02:53:36,2025-10-07 22:53:36,2025-10-08,"Significant"
43,2025-10-08 02:58:36,2025-10-07 22:58:36,2025-10-08,"Significant"
28,2025-10-08 03:08:36,2025-10-07 23:08:36,2025-10-08,"Significant"
49,2025-10-08 03:13:36,2025-10-07 23:13:36,2025-10-08,"Significant"
47,2025-10-08 03:18:36,2025-10-07 23:18:36,2025-10-08,"Significant"
62,2025-10-08 03:23:36,2025-10-07 23:23:36,2025-10-08,"Significant"
60,2025-10-08 03:28:36,2025-10-07 23:28:36,2025-10-08,"Significant"
38,2025-10-08 03:33:36,2025-10-07 23:33:36,2025-10-08,"Significant"
51,2025-10-08 03:38:36,2025-10-07 23:38:36,2025-10-08,"Significant"
31,2025-10-08 03:43:36,2025-10-07 23:43:36,2025-10-08,"Significant"
26,2025-10-08 03:48:36,2025-10-07 23:48:36,2025-10-08,"Significant"
20,2025-10-08 03:53:36,2025-10-07 23:53:36,2025-10-08,"Significant"
21,2025-10-08 03:58:36,2025-10-07 23:58:36,2025-10-08,"Significant"
22,2025-10-08 04:03:36,2025-10-08 00:03:36,2025-10-08,"Significant"
29,2025-10-08 04:08:36,2025-10-08 00:08:36,2025-10-08,"Significant"
24,2025-10-08 04:13:36,2025-10-08 00:13:36,2025-10-08,"Significant"
21,2025-10-08 04:18:36,2025-10-08 00:18:36,2025-10-08,"Significant"
21,2025-10-08 04:23:36,2025-10-08 00:23:36,2025-10-08,"Significant"
20,2025-10-08 04:28:36,2025-10-08 00:28:36,2025-10-08,"Significant"
18,2025-10-08 04:33:36,2025-10-08 00:33:36,2025-10-08,"Significant"
17,2025-10-08 04:38:36,2025-10-08 00:38:36,2025-10-08,"Significant"
18,2025-10-08 04:43:36,2025-10-08 00:43:36,2025-10-08,"Significant"
21,2025-10-08 04:48:36,2025-10-08 00:48:36,2025-10-08,"Significant"
15,2025-10-08 04:53:36,2025-10-08 00:53:36,2025-10-08,"Significant"
15,2025-10-08 04:58:36,2025-10-08 00:58:36,2025-10-08,"Significant"
19,2025-10-08 05:03:36,2025-10-08 01:03:36,2025-10-08,"Significant"
22,2025-10-08 05:08:36,2025-10-08 01:08:36,2025-10-08,"Significant"
16,2025-10-08 05:13:36,2025-10-08 01:13:36,2025-10-08,"Significant"
20,2025-10-08 05:18:36,2025-10-08 01:18:36,2025-10-08,"Significant"
22,2025-10-08 05:23:36,2025-10-08 01:23:36,2025-10-08,"Significant"
17,2025-10-08 05:28:36,2025-10-08 01:28:36,2025-10-08,"Significant"
13,2025-10-08 05:33:36,2025-10-08 01:33:36,2025-10-08,"Significant"
14,2025-10-08 05:38:36,2025-10-08 01:38:36,2025-10-08,"Significant"
15,2025-10-08 05:43:36,2025-10-08 01:43:36,2025-10-08,"Significant"
16,2025-10-08 05:48:36,2025-10-08 01:48:36,2025-10-08,"Significant"
17,2025-10-08 05:53:36,2025-10-08 01:53:36,2025-10-08,"Significant"
17,2025-10-08 05:58:36,2025-10-08 01:58:36,2025-10-08,"Significant"
16,2025-10-08 06:03:36,2025-10-08 02:03:36,2025-10-08,"Significant"
16,2025-10-08 06:08:36,2025-10-08 02:08:36,2025-10-08,"Significant"
18,2025-10-08 06:13:36,2025-10-08 02:13:36,2025-10-08,"Significant"
27,2025-10-08 06:18:36,2025-10-08 02:18:36,2025-10-08,"Significant"
22,2025-10-08 06:23:36,2025-10-08 02:23:36,2025-10-08,"Significant"
32,2025-10-08 06:28:36,2025-10-08 02:28:36,2025-10-08,"Significant"
27,2025-10-08 06:33:36,2025-10-08 02:33:36,2025-10-08,"Significant"
20,2025-10-08 06:38:36,2025-10-08 02:38:36,2025-10-08,"Significant"
19,2025-10-08 06:43:36,2025-10-08 02:43:36,2025-10-08,"Significant"
20,2025-10-08 06:48:36,2025-10-08 02:48:36,2025-10-08,"Significant"
23,2025-10-08 06:53:36,2025-10-08 02:53:36,2025-10-08,"Significant"
24,2025-10-08 06:58:36,2025-10-08 02:58:36,2025-10-08,"Significant"
25,2025-10-08 07:03:36,2025-10-08 03:03:36,2025-10-08,"Significant"
28,2025-10-08 07:08:36,2025-10-08 03:08:36,2025-10-08,"Significant"
27,2025-10-08 07:13:36,2025-10-08 03:13:36,2025-10-08,"Significant"
26,2025-10-08 07:18:36,2025-10-08 03:18:36,2025-10-08,"Significant"
34,2025-10-08 07:23:36,2025-10-08 03:23:36,2025-10-08,"Significant"
38,2025-10-08 07:28:36,2025-10-08 03:28:36,2025-10-08,"Significant"
40,2025-10-08 07:33:36,2025-10-08 03:33:36,2025-10-08,"Significant"
35,2025-10-08 07:38:36,2025-10-08 03:38:36,2025-10-08,"Significant"
28,2025-10-08 07:43:36,2025-10-08 03:43:36,2025-10-08,"Significant"
18,2025-10-08 07:48:36,2025-10-08 03:48:36,2025-10-08,"Significant"
18,2025-10-08 07:53:36,2025-10-08 03:53:36,2025-10-08,"Significant"
24,2025-10-08 07:58:36,2025-10-08 03:58:36,2025-10-08,"Significant"
19,2025-10-08 08:03:36,2025-10-08 04:03:36,2025-10-08,"Significant"
18,2025-10-08 08:08:36,2025-10-08 04:08:36,2025-10-08,"Significant"
24,2025-10-08 08:13:36,2025-10-08 04:13:36,2025-10-08,"Significant"
21,2025-10-08 08:18:36,2025-10-08 04:18:36,2025-10-08,"Significant"
36,2025-10-09 03:03:36,2025-10-08 23:03:36,2025-10-09,"Significant"
19,2025-10-09 03:08:36,2025-10-08 23:08:36,2025-10-09,"Significant"
27,2025-10-09 03:13:36,2025-10-08 23:13:36,2025-10-09,"Significant"
20,2025-10-09 03:18:36,2025-10-08 23:18:36,2025-10-09,"Significant"
22,2025-10-09 03:23:36,2025-10-08 23:23:36,2025-10-09,"Significant"
28,2025-10-09 03:28:36,2025-10-08 23:28:36,2025-10-09,"Significant"
26,2025-10-09 03:33:36,2025-10-08 23:33:36,2025-10-09,"Significant"
24,2025-10-09 03:38:36,2025-10-08 23:38:36,2025-10-09,"Significant"
24,2025-10-09 03:43:36,2025-10-08 23:43:36,2025-10-09,"Significant"
25,2025-10-09 03:48:36,2025-10-08 23:48:36,2025-10-09,"Significant"
29,2025-10-09 03:53:36,2025-10-08 23:53:36,2025-10-09,"Significant"
30,2025-10-09 03:58:36,2025-10-08 23:58:36,2025-10-09,"Significant"
41,2025-10-09 04:03:36,2025-10-09 00:03:36,2025-10-09,"Significant"
40,2025-10-09 04:08:36,2025-10-09 00:08:36,2025-10-09,"Significant"
33,2025-10-09 04:13:36,2025-10-09 00:13:36,2025-10-09,"Significant"
31,2025-10-09 04:18:36,2025-10-09 00:18:36,2025-10-09,"Significant"
58,2025-10-09 04:23:36,2025-10-09 00:23:36,2025-10-09,"Significant"
79,2025-10-09 04:28:36,2025-10-09 00:28:36,2025-10-09,"Significant"
78,2025-10-09 04:33:36,2025-10-09 00:33:36,2025-10-09,"Significant"
57,2025-10-09 04:38:36,2025-10-09 00:38:36,2025-10-09,"Significant"
44,2025-10-09 04:43:36,2025-10-09 00:43:36,2025-10-09,"Significant"
41,2025-10-09 04:48:36,2025-10-09 00:48:36,2025-10-09,"Significant"
45,2025-10-09 04:53:36,2025-10-09 00:53:36,2025-10-09,"Significant"
35,2025-10-09 04:58:36,2025-10-09 00:58:36,2025-10-09,"Significant"
30,2025-10-09 05:03:36,2025-10-09 01:03:36,2025-10-09,"Significant"
33,2025-10-09 05:08:36,2025-10-09 01:08:36,2025-10-09,"Significant"
31,2025-10-09 05:13:36,2025-10-09 01:13:36,2025-10-09,"Significant"
28,2025-10-09 05:18:36,2025-10-09 01:18:36,2025-10-09,"Significant"
23,2025-10-09 05:23:36,2025-10-09 01:23:36,2025-10-09,"Significant"
25,2025-10-09 05:28:36,2025-10-09 01:28:36,2025-10-09,"Significant"
24,2025-10-09 05:33:36,2025-10-09 01:33:36,2025-10-09,"Significant"
25,2025-10-09 05:38:36,2025-10-09 01:38:36,2025-10-09,"Significant"
25,2025-10-09 05:43:36,2025-10-09 01:43:36,2025-10-09,"Significant"
28,2025-10-09 05:48:36,2025-10-09 01:48:36,2025-10-09,"Significant"
26,2025-10-09 05:53:36,2025-10-09 01:53:36,2025-10-09,"Significant"
27,2025-10-09 05:58:36,2025-10-09 01:58:36,2025-10-09,"Significant"
34,2025-10-09 06:03:36,2025-10-09 02:03:36,2025-10-09,"Significant"
43,2025-10-09 06:08:36,2025-10-09 02:08:36,2025-10-09,"Significant"
41,2025-10-09 06:13:36,2025-10-09 02:13:36,2025-10-09,"Significant"
29,2025-10-09 06:18:36,2025-10-09 02:18:36,2025-10-09,"Significant"
39,2025-10-09 06:23:36,2025-10-09 02:23:36,2025-10-09,"Significant"
45,2025-10-09 06:28:36,2025-10-09 02:28:36,2025-10-09,"Significant"
37,2025-10-09 06:33:36,2025-10-09 02:33:36,2025-10-09,"Significant"
26,2025-10-09 06:38:36,2025-10-09 02:38:36,2025-10-09,"Significant"
24,2025-10-09 06:43:36,2025-10-09 02:43:36,2025-10-09,"Significant"
22,2025-10-09 06:48:36,2025-10-09 02:48:36,2025-10-09,"Significant"
22,2025-10-09 06:53:36,2025-10-09 02:53:36,2025-10-09,"Significant"
20,2025-10-09 06:58:36,2025-10-09 02:58:36,2025-10-09,"Significant"
21,2025-10-09 07:03:36,2025-10-09 03:03:36,2025-10-09,"Significant"
22,2025-10-09 07:08:36,2025-10-09 03:08:36,2025-10-09,"Significant"
27,2025-10-09 07:13:36,2025-10-09 03:13:36,2025-10-09,"Significant"
35,2025-10-09 07:18:36,2025-10-09 03:18:36,2025-10-09,"Significant"
23,2025-10-09 07:23:36,2025-10-09 03:23:36,2025-10-09,"Significant"
27,2025-10-09 07:28:36,2025-10-09 03:28:36,2025-10-09,"Significant"
26,2025-10-09 07:33:36,2025-10-09 03:33:36,2025-10-09,"Significant"
29,2025-10-09 07:38:36,2025-10-09 03:38:36,2025-10-09,"Significant"
29,2025-10-09 07:43:36,2025-10-09 03:43:36,2025-10-09,"Significant"
27,2025-10-09 07:48:36,2025-10-09 03:48:36,2025-10-09,"Significant"
30,2025-10-09 07:53:36,2025-10-09 03:53:36,2025-10-09,"Significant"
28,2025-10-09 07:58:36,2025-10-09 03:58:36,2025-10-09,"Significant"
25,2025-10-09 08:03:36,2025-10-09 04:03:36,2025-10-09,"Significant"
33,2025-10-09 08:08:36,2025-10-09 04:08:36,2025-10-09,"Significant"
31,2025-10-09 08:13:36,2025-10-09 04:13:36,2025-10-09,"Significant"
27,2025-10-09 08:18:36,2025-10-09 04:18:36,2025-10-09,"Significant"
30,2025-10-09 08:23:36,2025-10-09 04:23:36,2025-10-09,"Significant"
22,2025-10-09 08:28:36,2025-10-09 04:28:36,2025-10-09,"Significant"
20,2025-10-09 08:33:36,2025-10-09 04:33:36,2025-10-09,"Significant"
22,2025-10-09 08:38:36,2025-10-09 04:38:36,2025-10-09,"Significant"
19,2025-10-09 08:43:36,2025-10-09 04:43:36,2025-10-09,"Significant"
29,2025-10-09 08:48:36,2025-10-09 04:48:36,2025-10-09,"Significant"
21,2025-10-09 08:53:36,2025-10-09 04:53:36,2025-10-09,"Significant"
19,2025-10-09 08:58:36,2025-10-09 04:58:36,2025-10-09,"Significant"
20,2025-10-09 09:03:36,2025-10-09 05:03:36,2025-10-09,"Significant"
32,2025-10-09 09:08:36,2025-10-09 05:08:36,2025-10-09,"Significant"
31,2025-10-09 09:13:36,2025-10-09 05:13:36,2025-10-09,"Significant"
23,2025-10-09 09:18:36,2025-10-09 05:18:36,2025-10-09,"Significant"
36,2025-10-09 09:23:36,2025-10-09 05:23:36,2025-10-09,"Significant"
37,2025-10-09 09:28:36,2025-10-09 05:28:36,2025-10-09,"Significant"
37,2025-10-09 09:33:36,2025-10-09 05:33:36,2025-10-09,"Significant"
37,2025-10-09 09:38:36,2025-10-09 05:38:36,2025-10-09,"Significant"
39,2025-10-09 09:43:36,2025-10-09 05:43:36,2025-10-09,"Significant"
30,2025-10-09 09:48:36,2025-10-09 05:48:36,2025-10-09,"Significant"
33,2025-10-09 09:53:36,2025-10-09 05:53:36,2025-10-09,"Significant"
35,2025-10-09 09:58:36,2025-10-09 05:58:36,2025-10-09,"Significant"
40,2025-10-09 10:03:36,2025-10-09 06:03:36,2025-10-09,"Significant"
41,2025-10-09 10:08:36,2025-10-09 06:08:36,2025-10-09,"Significant"
39,2025-10-09 10:13:36,2025-10-09 06:13:36,2025-10-09,"Significant"
40,2025-10-09 10:18:36,2025-10-09 06:18:36,2025-10-09,"Significant"
41,2025-10-09 10:23:36,2025-10-09 06:23:36,2025-10-09,"Significant"
36,2025-10-09 10:28:36,2025-10-09 06:28:36,2025-10-09,"Significant"
34,2025-10-09 10:33:36,2025-10-09 06:33:36,2025-10-09,"Significant"
20,2025-10-09 10:38:36,2025-10-09 06:38:36,2025-10-09,"Significant"
53,2025-10-10 03:58:36,2025-10-09 23:58:36,2025-10-10,"Significant"
49,2025-10-10 04:03:36,2025-10-10 00:03:36,2025-10-10,"Significant"
37,2025-10-10 04:08:36,2025-10-10 00:08:36,2025-10-10,"Significant"
42,2025-10-10 04:13:36,2025-10-10 00:13:36,2025-10-10,"Significant"
49,2025-10-10 04:18:36,2025-10-10 00:18:36,2025-10-10,"Significant"
39,2025-10-10 04:23:36,2025-10-10 00:23:36,2025-10-10,"Significant"
52,2025-10-10 04:28:36,2025-10-10 00:28:36,2025-10-10,"Significant"
42,2025-10-10 04:33:36,2025-10-10 00:33:36,2025-10-10,"Significant"
34,2025-10-10 04:38:36,2025-10-10 00:38:36,2025-10-10,"Significant"
31,2025-10-10 04:43:36,2025-10-10 00:43:36,2025-10-10,"Significant"
36,2025-10-10 04:48:36,2025-10-10 00:48:36,2025-10-10,"Significant"
35,2025-10-10 04:53:36,2025-10-10 00:53:36,2025-10-10,"Significant"
35,2025-10-10 04:58:36,2025-10-10 00:58:36,2025-10-10,"Significant"
37,2025-10-10 05:03:36,2025-10-10 01:03:36,2025-10-10,"Significant"
35,2025-10-10 05:08:36,2025-10-10 01:08:36,2025-10-10,"Significant"
30,2025-10-10 05:13:36,2025-10-10 01:13:36,2025-10-10,"Significant"
44,2025-10-10 05:18:36,2025-10-10 01:18:36,2025-10-10,"Significant"
25,2025-10-10 05:23:36,2025-10-10 01:23:36,2025-10-10,"Significant"
33,2025-10-10 05:28:36,2025-10-10 01:28:36,2025-10-10,"Significant"
50,2025-10-10 05:33:36,2025-10-10 01:33:36,2025-10-10,"Significant"
51,2025-10-10 05:38:36,2025-10-10 01:38:36,2025-10-10,"Significant"
36,2025-10-10 05:43:36,2025-10-10 01:43:36,2025-10-10,"Significant"
23,2025-10-10 05:48:36,2025-10-10 01:48:36,2025-10-10,"Significant"
26,2025-10-10 05:53:36,2025-10-10 01:53:36,2025-10-10,"Significant"
26,2025-10-10 05:58:36,2025-10-10 01:58:36,2025-10-10,"Significant"
24,2025-10-10 06:03:36,2025-10-10 02:03:36,2025-10-10,"Significant"
24,2025-10-10 06:08:36,2025-10-10 02:08:36,2025-10-10,"Significant"
28,2025-10-10 06:13:36,2025-10-10 02:13:36,2025-10-10,"Significant"
27,2025-10-10 06:18:36,2025-10-10 02:18:36,2025-10-10,"Significant"
38,2025-10-10 06:23:36,2025-10-10 02:23:36,2025-10-10,"Significant"
34,2025-10-10 06:28:36,2025-10-10 02:28:36,2025-10-10,"Significant"
32,2025-10-10 06:33:36,2025-10-10 02:33:36,2025-10-10,"Significant"
33,2025-10-10 06:38:36,2025-10-10 02:38:36,2025-10-10,"Significant"
26,2025-10-10 06:43:36,2025-10-10 02:43:36,2025-10-10,"Significant"
36,2025-10-10 06:48:36,2025-10-10 02:48:36,2025-10-10,"Significant"
36,2025-10-10 06:53:36,2025-10-10 02:53:36,2025-10-10,"Significant"
77,2025-10-10 06:58:36,2025-10-10 02:58:36,2025-10-10,"Significant"
59,2025-10-10 07:03:36,2025-10-10 03:03:36,2025-10-10,"Significant"
90,2025-10-10 07:08:36,2025-10-10 03:08:36,2025-10-10,"Significant"
42,2025-10-10 07:13:36,2025-10-10 03:13:36,2025-10-10,"Significant"
41,2025-10-10 07:18:36,2025-10-10 03:18:36,2025-10-10,"Significant"
34,2025-10-10 07:23:36,2025-10-10 03:23:36,2025-10-10,"Significant"
40,2025-10-10 07:28:36,2025-10-10 03:28:36,2025-10-10,"Significant"
42,2025-10-10 07:33:36,2025-10-10 03:33:36,2025-10-10,"Significant"
39,2025-10-10 07:38:36,2025-10-10 03:38:36,2025-10-10,"Significant"
40,2025-10-10 07:43:36,2025-10-10 03:43:36,2025-10-10,"Significant"
38,2025-10-10 07:48:36,2025-10-10 03:48:36,2025-10-10,"Significant"
37,2025-10-10 07:53:36,2025-10-10 03:53:36,2025-10-10,"Significant"
44,2025-10-10 07:58:36,2025-10-10 03:58:36,2025-10-10,"Significant"
36,2025-10-10 08:03:36,2025-10-10 04:03:36,2025-10-10,"Significant"
31,2025-10-10 08:08:36,2025-10-10 04:08:36,2025-10-10,"Significant"
42,2025-10-10 08:13:36,2025-10-10 04:13:36,2025-10-10,"Significant"
39,2025-10-10 08:18:36,2025-10-10 04:18:36,2025-10-10,"Significant"
38,2025-10-10 08:23:36,2025-10-10 04:23:36,2025-10-10,"Significant"
46,2025-10-10 08:28:36,2025-10-10 04:28:36,2025-10-10,"Significant"
52,2025-10-10 08:33:36,2025-10-10 04:33:36,2025-10-10,"Significant"
55,2025-10-10 08:38:36,2025-10-10 04:38:36,2025-10-10,"Significant"
52,2025-10-10 08:43:36,2025-10-10 04:43:36,2025-10-10,"Significant"
54,2025-10-10 08:48:36,2025-10-10 04:48:36,2025-10-10,"Significant"
49,2025-10-10 08:53:36,2025-10-10 04:53:36,2025-10-10,"Significant"
50,2025-10-10 08:58:36,2025-10-10 04:58:36,2025-10-10,"Significant"
44,2025-10-10 09:03:36,2025-10-10 05:03:36,2025-10-10,"Significant"
42,2025-10-10 09:08:36,2025-10-10 05:08:36,2025-10-10,"Significant"
47,2025-10-10 09:13:36,2025-10-10 05:13:36,2025-10-10,"Significant"
40,2025-10-10 09:18:36,2025-10-10 05:18:36,2025-10-10,"Significant"
40,2025-10-10 09:23:36,2025-10-10 05:23:36,2025-10-10,"Significant"
40,2025-10-10 09:28:36,2025-10-10 05:28:36,2025-10-10,"Significant"
50,2025-10-10 09:33:36,2025-10-10 05:33:36,2025-10-10,"Significant"
58,2025-10-10 09:38:36,2025-10-10 05:38:36,2025-10-10,"Significant"
52,2025-10-10 09:43:36,2025-10-10 05:43:36,2025-10-10,"Significant"
49,2025-10-10 09:48:36,2025-10-10 05:48:36,2025-10-10,"Significant"
46,2025-10-10 09:53:36,2025-10-10 05:53:36,2025-10-10,"Significant"
54,2025-10-10 09:58:36,2025-10-10 05:58:36,2025-10-10,"Significant"
32,2025-10-12 05:03:36,2025-10-12 01:03:36,2025-10-12,"Significant"
29,2025-10-12 05:08:36,2025-10-12 01:08:36,2025-10-12,"Significant"
26,2025-10-12 05:13:36,2025-10-12 01:13:36,2025-10-12,"Significant"
27,2025-10-12 05:18:36,2025-10-12 01:18:36,2025-10-12,"Significant"
25,2025-10-12 05:23:36,2025-10-12 01:23:36,2025-10-12,"Significant"
28,2025-10-12 05:28:36,2025-10-12 01:28:36,2025-10-12,"Significant"
23,2025-10-12 05:33:36,2025-10-12 01:33:36,2025-10-12,"Significant"
23,2025-10-12 05:38:36,2025-10-12 01:38:36,2025-10-12,"Significant"
26,2025-10-12 05:43:36,2025-10-12 01:43:36,2025-10-12,"Significant"
30,2025-10-12 05:48:36,2025-10-12 01:48:36,2025-10-12,"Significant"
26,2025-10-12 05:53:36,2025-10-12 01:53:36,2025-10-12,"Significant"
32,2025-10-12 05:58:36,2025-10-12 01:58:36,2025-10-12,"Significant"
28,2025-10-12 06:03:36,2025-10-12 02:03:36,2025-10-12,"Significant"
32,2025-10-12 06:08:36,2025-10-12 02:08:36,2025-10-12,"Significant"
35,2025-10-12 06:13:36,2025-10-12 02:13:36,2025-10-12,"Significant"
31,2025-10-12 06:18:36,2025-10-12 02:18:36,2025-10-12,"Significant"
39,2025-10-12 06:23:36,2025-10-12 02:23:36,2025-10-12,"Significant"
28,2025-10-12 06:28:36,2025-10-12 02:28:36,2025-10-12,"Significant"
25,2025-10-12 06:33:36,2025-10-12 02:33:36,2025-10-12,"Significant"
18,2025-10-12 06:38:36,2025-10-12 02:38:36,2025-10-12,"Significant"
20,2025-10-12 06:43:36,2025-10-12 02:43:36,2025-10-12,"Significant"
20,2025-10-12 06:48:36,2025-10-12 02:48:36,2025-10-12,"Significant"
34,2025-10-12 06:53:36,2025-10-12 02:53:36,2025-10-12,"Significant"
33,2025-10-12 06:58:36,2025-10-12 02:58:36,2025-10-12,"Significant"
31,2025-10-12 07:03:36,2025-10-12 03:03:36,2025-10-12,"Significant"
22,2025-10-12 07:08:36,2025-10-12 03:08:36,2025-10-12,"Significant"
41,2025-10-12 07:13:36,2025-10-12 03:13:36,2025-10-12,"Significant"
33,2025-10-12 07:18:36,2025-10-12 03:18:36,2025-10-12,"Significant"
29,2025-10-12 07:23:36,2025-10-12 03:23:36,2025-10-12,"Significant"
25,2025-10-12 07:28:36,2025-10-12 03:28:36,2025-10-12,"Significant"
27,2025-10-12 07:33:36,2025-10-12 03:33:36,2025-10-12,"Significant"
28,2025-10-12 07:38:36,2025-10-12 03:38:36,2025-10-12,"Significant"
31,2025-10-12 07:43:36,2025-10-12 03:43:36,2025-10-12,"Significant"
42,2025-10-12 07:48:36,2025-10-12 03:48:36,2025-10-12,"Significant"
36,2025-10-12 07:53:36,2025-10-12 03:53:36,2025-10-12,"Significant"
40,2025-10-12 07:58:36,2025-10-12 03:58:36,2025-10-12,"Significant"
45,2025-10-12 08:03:36,2025-10-12 04:03:36,2025-10-12,"Significant"
43,2025-10-12 08:08:36,2025-10-12 04:08:36,2025-10-12,"Significant"
41,2025-10-12 08:13:36,2025-10-12 04:13:36,2025-10-12,"Significant"
38,2025-10-12 08:18:36,2025-10-12 04:18:36,2025-10-12,"Significant"
37,2025-10-12 08:23:36,2025-10-12 04:23:36,2025-10-12,"Significant"
39,2025-10-12 08:28:36,2025-10-12 04:28:36,2025-10-12,"Significant"
38,2025-10-12 08:33:36,2025-10-12 04:33:36,2025-10-12,"Significant"
45,2025-10-12 08:38:36,2025-10-12 04:38:36,2025-10-12,"Significant"
41,2025-10-12 08:43:36,2025-10-12 04:43:36,2025-10-12,"Significant"
37,2025-10-12 08:48:36,2025-10-12 04:48:36,2025-10-12,"Significant"
32,2025-10-12 08:53:36,2025-10-12 04:53:36,2025-10-12,"Significant"
38,2025-10-12 08:58:36,2025-10-12 04:58:36,2025-10-12,"Significant"
40,2025-10-12 09:03:36,2025-10-12 05:03:36,2025-10-12,"Significant"
39,2025-10-12 09:08:36,2025-10-12 05:08:36,2025-10-12,"Significant"
39,2025-10-12 09:13:36,2025-10-12 05:13:36,2025-10-12,"Significant"
50,2025-10-12 09:18:36,2025-10-12 05:18:36,2025-10-12,"Significant"
64,2025-10-12 09:23:36,2025-10-12 05:23:36,2025-10-12,"Significant"
55,2025-10-12 09:28:36,2025-10-12 05:28:36,2025-10-12,"Significant"
38,2025-10-12 09:33:36,2025-10-12 05:33:36,2025-10-12,"Significant"
43,2025-10-12 09:38:36,2025-10-12 05:38:36,2025-10-12,"Significant"
48,2025-10-12 09:43:36,2025-10-12 05:43:36,2025-10-12,"Significant"
41,2025-10-12 09:48:36,2025-10-12 05:48:36,2025-10-12,"Significant"
43,2025-10-12 09:53:36,2025-10-12 05:53:36,2025-10-12,"Significant"
38,2025-10-12 09:58:36,2025-10-12 05:58:36,2025-10-12,"Significant"
39,2025-10-12 10:03:36,2025-10-12 06:03:36,2025-10-12,"Significant"
33,2025-10-12 10:08:36,2025-10-12 06:08:36,2025-10-12,"Significant"
30,2025-10-12 10:13:36,2025-10-12 06:13:36,2025-10-12,"Significant"
28,2025-10-12 10:18:36,2025-10-12 06:18:36,2025-10-12,"Significant"
35,2025-10-12 10:23:36,2025-10-12 06:23:36,2025-10-12,"Significant"
41,2025-10-12 10:28:36,2025-10-12 06:28:36,2025-10-12,"Significant"
41,2025-10-12 10:33:36,2025-10-12 06:33:36,2025-10-12,"Significant"
36,2025-10-12 10:38:36,2025-10-12 06:38:36,2025-10-12,"Significant"
28,2025-10-12 10:43:36,2025-10-12 06:43:36,2025-10-12,"Significant"
35,2025-10-12 10:48:36,2025-10-12 06:48:36,2025-10-12,"Significant"
44,2025-10-12 10:53:36,2025-10-12 06:53:36,2025-10-12,"Significant"
39,2025-10-12 10:58:36,2025-10-12 06:58:36,2025-10-12,"Significant"
41,2025-10-12 11:03:36,2025-10-12 07:03:36,2025-10-12,"Significant"
32,2025-10-12 11:08:36,2025-10-12 07:08:36,2025-10-12,"Significant"
35,2025-10-12 11:13:36,2025-10-12 07:13:36,2025-10-12,"Significant"
40,2025-10-12 11:18:36,2025-10-12 07:18:36,2025-10-12,"Significant"
44,2025-10-12 11:23:36,2025-10-12 07:23:36,2025-10-12,"Significant"
39,2025-10-12 11:28:36,2025-10-12 07:28:36,2025-10-12,"Significant"
33,2025-10-12 11:33:36,2025-10-12 07:33:36,2025-10-12,"Significant"
32,2025-10-12 11:38:36,2025-10-12 07:38:36,2025-10-12,"Significant"
34,2025-10-12 11:43:36,2025-10-12 07:43:36,2025-10-12,"Significant"
40,2025-10-12 11:48:36,2025-10-12 07:48:36,2025-10-12,"Significant"
46,2025-10-12 11:53:36,2025-10-12 07:53:36,2025-10-12,"Significant"
38,2025-10-12 11:58:36,2025-10-12 07:58:36,2025-10-12,"Significant"
35,2025-10-12 12:03:36,2025-10-12 08:03:36,2025-10-12,"Significant"
38,2025-10-12 12:08:36,2025-10-12 08:08:36,2025-10-12,"Significant"
38,2025-10-12 12:13:36,2025-10-12 08:13:36,2025-10-12,"Significant"
35,2025-10-12 12:18:36,2025-10-12 08:18:36,2025-10-12,"Significant"
36,2025-10-12 12:23:36,2025-10-12 08:23:36,2025-10-12,"Significant"
34,2025-10-13 04:18:36,2025-10-13 00:18:36,2025-10-13,"Significant"
38,2025-10-13 04:23:36,2025-10-13 00:23:36,2025-10-13,"Significant"
40,2025-10-13 04:28:36,2025-10-13 00:28:36,2025-10-13,"Significant"
39,2025-10-13 04:33:36,2025-10-13 00:33:36,2025-10-13,"Significant"
34,2025-10-13 04:38:36,2025-10-13 00:38:36,2025-10-13,"Significant"
40,2025-10-13 04:43:36,2025-10-13 00:43:36,2025-10-13,"Significant"
39,2025-10-13 04:48:36,2025-10-13 00:48:36,2025-10-13,"Significant"
37,2025-10-13 04:53:36,2025-10-13 00:53:36,2025-10-13,"Significant"
45,2025-10-13 04:58:36,2025-10-13 00:58:36,2025-10-13,"Significant"
55,2025-10-13 05:03:36,2025-10-13 01:03:36,2025-10-13,"Significant"
49,2025-10-13 05:08:36,2025-10-13 01:08:36,2025-10-13,"Significant"
45,2025-10-13 05:13:36,2025-10-13 01:13:36,2025-10-13,"Significant"
49,2025-10-13 05:18:36,2025-10-13 01:18:36,2025-10-13,"Significant"
43,2025-10-13 05:23:36,2025-10-13 01:23:36,2025-10-13,"Significant"
45,2025-10-13 05:28:36,2025-10-13 01:28:36,2025-10-13,"Significant"
39,2025-10-13 05:33:36,2025-10-13 01:33:36,2025-10-13,"Significant"
42,2025-10-13 05:38:36,2025-10-13 01:38:36,2025-10-13,"Significant"
46,2025-10-13 05:43:36,2025-10-13 01:43:36,2025-10-13,"Significant"
48,2025-10-13 05:48:36,2025-10-13 01:48:36,2025-10-13,"Significant"
53,2025-10-13 05:53:36,2025-10-13 01:53:36,2025-10-13,"Significant"
58,2025-10-13 05:58:36,2025-10-13 01:58:36,2025-10-13,"Significant"
57,2025-10-13 06:03:36,2025-10-13 02:03:36,2025-10-13,"Significant"
60,2025-10-13 06:08:36,2025-10-13 02:08:36,2025-10-13,"Significant"
59,2025-10-13 06:13:36,2025-10-13 02:13:36,2025-10-13,"Significant"
45,2025-10-13 06:18:36,2025-10-13 02:18:36,2025-10-13,"Significant"
57,2025-10-13 06:23:36,2025-10-13 02:23:36,2025-10-13,"Significant"
57,2025-10-13 06:28:36,2025-10-13 02:28:36,2025-10-13,"Significant"
53,2025-10-13 06:33:36,2025-10-13 02:33:36,2025-10-13,"Significant"
52,2025-10-13 06:38:36,2025-10-13 02:38:36,2025-10-13,"Significant"
52,2025-10-13 06:43:36,2025-10-13 02:43:36,2025-10-13,"Significant"
49,2025-10-13 06:48:36,2025-10-13 02:48:36,2025-10-13,"Significant"
53,2025-10-13 06:53:36,2025-10-13 02:53:36,2025-10-13,"Significant"
53,2025-10-13 06:58:36,2025-10-13 02:58:36,2025-10-13,"Significant"
61,2025-10-13 07:03:36,2025-10-13 03:03:36,2025-10-13,"Significant"
49,2025-10-13 07:08:36,2025-10-13 03:08:36,2025-10-13,"Significant"
35,2025-10-13 07:13:36,2025-10-13 03:13:36,2025-10-13,"Significant"
33,2025-10-13 07:18:36,2025-10-13 03:18:36,2025-10-13,"Significant"
27,2025-10-13 07:23:36,2025-10-13 03:23:36,2025-10-13,"Significant"
27,2025-10-13 07:28:36,2025-10-13 03:28:36,2025-10-13,"Significant"
31,2025-10-13 07:33:36,2025-10-13 03:33:36,2025-10-13,"Significant"
27,2025-10-13 07:38:36,2025-10-13 03:38:36,2025-10-13,"Significant"
27,2025-10-13 07:43:36,2025-10-13 03:43:36,2025-10-13,"Significant"
27,2025-10-13 07:48:36,2025-10-13 03:48:36,2025-10-13,"Significant"
28,2025-10-13 07:53:36,2025-10-13 03:53:36,2025-10-13,"Significant"
28,2025-10-13 07:58:36,2025-10-13 03:58:36,2025-10-13,"Significant"
30,2025-10-13 08:03:36,2025-10-13 04:03:36,2025-10-13,"Significant"
36,2025-10-13 08:08:36,2025-10-13 04:08:36,2025-10-13,"Significant"
34,2025-10-13 08:13:36,2025-10-13 04:13:36,2025-10-13,"Significant"
47,2025-10-13 08:18:36,2025-10-13 04:18:36,2025-10-13,"Significant"
29,2025-10-13 08:23:36,2025-10-13 04:23:36,2025-10-13,"Significant"
37,2025-10-13 08:28:36,2025-10-13 04:28:36,2025-10-13,"Significant"
40,2025-10-13 08:33:36,2025-10-13 04:33:36,2025-10-13,"Significant"
35,2025-10-13 08:38:36,2025-10-13 04:38:36,2025-10-13,"Significant"
37,2025-10-13 08:43:36,2025-10-13 04:43:36,2025-10-13,"Significant"
29,2025-10-13 08:48:36,2025-10-13 04:48:36,2025-10-13,"Significant"
37,2025-10-13 08:53:36,2025-10-13 04:53:36,2025-10-13,"Significant"
40,2025-10-13 08:58:36,2025-10-13 04:58:36,2025-10-13,"Significant"
39,2025-10-13 09:03:36,2025-10-13 05:03:36,2025-10-13,"Significant"
40,2025-10-13 09:08:36,2025-10-13 05:08:36,2025-10-13,"Significant"
40,2025-10-13 09:13:36,2025-10-13 05:13:36,2025-10-13,"Significant"
43,2025-10-13 09:18:36,2025-10-13 05:18:36,2025-10-13,"Significant"
36,2025-10-13 09:23:36,2025-10-13 05:23:36,2025-10-13,"Significant"
36,2025-10-13 09:28:36,2025-10-13 05:28:36,2025-10-13,"Significant"
39,2025-10-13 09:33:36,2025-10-13 05:33:36,2025-10-13,"Significant"
49,2025-10-13 09:38:36,2025-10-13 05:38:36,2025-10-13,"Significant"
53,2025-10-13 09:43:36,2025-10-13 05:43:36,2025-10-13,"Significant"
40,2025-10-13 09:48:36,2025-10-13 05:48:36,2025-10-13,"Significant"
35,2025-10-13 09:53:36,2025-10-13 05:53:36,2025-10-13,"Significant"
45,2025-10-13 09:58:36,2025-10-13 05:58:36,2025-10-13,"Significant"
45,2025-10-13 10:03:36,2025-10-13 06:03:36,2025-10-13,"Significant"
45,2025-10-13 10:08:36,2025-10-13 06:08:36,2025-10-13,"Significant"
36,2025-10-13 10:13:36,2025-10-13 06:13:36,2025-10-13,"Significant"
21,2025-10-14 03:03:36,2025-10-13 23:03:36,2025-10-14,"Significant"
26,2025-10-14 03:08:36,2025-10-13 23:08:36,2025-10-14,"Significant"
22,2025-10-14 03:13:36,2025-10-13 23:13:36,2025-10-14,"Significant"
22,2025-10-14 03:18:36,2025-10-13 23:18:36,2025-10-14,"Significant"
20,2025-10-14 03:23:36,2025-10-13 23:23:36,2025-10-14,"Significant"
22,2025-10-14 03:28:36,2025-10-13 23:28:36,2025-10-14,"Significant"
21,2025-10-14 03:33:36,2025-10-13 23:33:36,2025-10-14,"Significant"
19,2025-10-14 03:38:36,2025-10-13 23:38:36,2025-10-14,"Significant"
22,2025-10-14 03:43:36,2025-10-13 23:43:36,2025-10-14,"Significant"
21,2025-10-14 03:48:36,2025-10-13 23:48:36,2025-10-14,"Significant"
20,2025-10-14 03:53:36,2025-10-13 23:53:36,2025-10-14,"Significant"
23,2025-10-14 03:58:36,2025-10-13 23:58:36,2025-10-14,"Significant"
32,2025-10-14 04:03:36,2025-10-14 00:03:36,2025-10-14,"Significant"
39,2025-10-14 04:08:36,2025-10-14 00:08:36,2025-10-14,"Significant"
28,2025-10-14 04:13:36,2025-10-14 00:13:36,2025-10-14,"Significant"
26,2025-10-14 04:18:36,2025-10-14 00:18:36,2025-10-14,"Significant"
22,2025-10-14 04:23:36,2025-10-14 00:23:36,2025-10-14,"Significant"
32,2025-10-14 04:28:36,2025-10-14 00:28:36,2025-10-14,"Significant"
24,2025-10-14 04:33:36,2025-10-14 00:33:36,2025-10-14,"Significant"
29,2025-10-14 04:38:36,2025-10-14 00:38:36,2025-10-14,"Significant"
33,2025-10-14 04:43:36,2025-10-14 00:43:36,2025-10-14,"Significant"
31,2025-10-14 04:48:36,2025-10-14 00:48:36,2025-10-14,"Significant"
26,2025-10-14 04:53:36,2025-10-14 00:53:36,2025-10-14,"Significant"
26,2025-10-14 04:58:36,2025-10-14 00:58:36,2025-10-14,"Significant"
30,2025-10-14 05:03:36,2025-10-14 01:03:36,2025-10-14,"Significant"
28,2025-10-14 05:08:36,2025-10-14 01:08:36,2025-10-14,"Significant"
23,2025-10-14 05:13:36,2025-10-14 01:13:36,2025-10-14,"Significant"
35,2025-10-14 05:18:36,2025-10-14 01:18:36,2025-10-14,"Significant"
30,2025-10-14 05:23:36,2025-10-14 01:23:36,2025-10-14,"Significant"
30,2025-10-14 05:28:36,2025-10-14 01:28:36,2025-10-14,"Significant"
30,2025-10-14 05:33:36,2025-10-14 01:33:36,2025-10-14,"Significant"
34,2025-10-14 05:38:36,2025-10-14 01:38:36,2025-10-14,"Significant"
36,2025-10-14 05:43:36,2025-10-14 01:43:36,2025-10-14,"Significant"
32,2025-10-14 05:48:36,2025-10-14 01:48:36,2025-10-14,"Significant"
29,2025-10-14 05:53:36,2025-10-14 01:53:36,2025-10-14,"Significant"
28,2025-10-14 05:58:36,2025-10-14 01:58:36,2025-10-14,"Significant"
33,2025-10-14 06:03:36,2025-10-14 02:03:36,2025-10-14,"Significant"
33,2025-10-14 06:08:36,2025-10-14 02:08:36,2025-10-14,"Significant"
28,2025-10-14 06:13:36,2025-10-14 02:13:36,2025-10-14,"Significant"
29,2025-10-14 06:18:36,2025-10-14 02:18:36,2025-10-14,"Significant"
33,2025-10-14 06:23:36,2025-10-14 02:23:36,2025-10-14,"Significant"
30,2025-10-14 06:28:36,2025-10-14 02:28:36,2025-10-14,"Significant"
34,2025-10-14 06:33:36,2025-10-14 02:33:36,2025-10-14,"Significant"
50,2025-10-14 06:38:36,2025-10-14 02:38:36,2025-10-14,"Significant"
28,2025-10-14 06:43:36,2025-10-14 02:43:36,2025-10-14,"Significant"
33,2025-10-14 06:48:36,2025-10-14 02:48:36,2025-10-14,"Significant"
34,2025-10-14 06:53:36,2025-10-14 02:53:36,2025-10-14,"Significant"
46,2025-10-14 06:58:36,2025-10-14 02:58:36,2025-10-14,"Significant"
38,2025-10-14 07:03:36,2025-10-14 03:03:36,2025-10-14,"Significant"
36,2025-10-14 07:08:36,2025-10-14 03:08:36,2025-10-14,"Significant"
38,2025-10-14 07:13:36,2025-10-14 03:13:36,2025-10-14,"Significant"
32,2025-10-14 07:18:36,2025-10-14 03:18:36,2025-10-14,"Significant"
38,2025-10-14 07:23:36,2025-10-14 03:23:36,2025-10-14,"Significant"
43,2025-10-14 07:28:36,2025-10-14 03:28:36,2025-10-14,"Significant"
34,2025-10-14 07:33:36,2025-10-14 03:33:36,2025-10-14,"Significant"
37,2025-10-14 07:38:36,2025-10-14 03:38:36,2025-10-14,"Significant"
35,2025-10-14 07:43:36,2025-10-14 03:43:36,2025-10-14,"Significant"
34,2025-10-14 07:48:36,2025-10-14 03:48:36,2025-10-14,"Significant"
37,2025-10-14 07:53:36,2025-10-14 03:53:36,2025-10-14,"Significant"
36,2025-10-14 07:58:36,2025-10-14 03:58:36,2025-10-14,"Significant"
37,2025-10-14 08:03:36,2025-10-14 04:03:36,2025-10-14,"Significant"
44,2025-10-14 08:08:36,2025-10-14 04:08:36,2025-10-14,"Significant"
41,2025-10-14 08:13:36,2025-10-14 04:13:36,2025-10-14,"Significant"
35,2025-10-14 08:18:36,2025-10-14 04:18:36,2025-10-14,"Significant"
39,2025-10-14 08:23:36,2025-10-14 04:23:36,2025-10-14,"Significant"
35,2025-10-14 08:28:36,2025-10-14 04:28:36,2025-10-14,"Significant"
38,2025-10-14 08:33:36,2025-10-14 04:33:36,2025-10-14,"Significant"
31,2025-10-14 08:38:36,2025-10-14 04:38:36,2025-10-14,"Significant"
38,2025-10-14 08:43:36,2025-10-14 04:43:36,2025-10-14,"Significant"
36,2025-10-14 08:48:36,2025-10-14 04:48:36,2025-10-14,"Significant"
38,2025-10-14 08:53:36,2025-10-14 04:53:36,2025-10-14,"Significant"
37,2025-10-14 08:58:36,2025-10-14 04:58:36,2025-10-14,"Significant"
21,2025-10-14 09:03:36,2025-10-14 05:03:36,2025-10-14,"Significant"
30,2025-10-15 03:48:36,2025-10-14 23:48:36,2025-10-15,"Significant"
30,2025-10-15 03:53:36,2025-10-14 23:53:36,2025-10-15,"Significant"
28,2025-10-15 03:58:36,2025-10-14 23:58:36,2025-10-15,"Significant"
25,2025-10-15 04:03:36,2025-10-15 00:03:36,2025-10-15,"Significant"
28,2025-10-15 04:08:36,2025-10-15 00:08:36,2025-10-15,"Significant"
28,2025-10-15 04:13:36,2025-10-15 00:13:36,2025-10-15,"Significant"
23,2025-10-15 04:18:36,2025-10-15 00:18:36,2025-10-15,"Significant"
24,2025-10-15 04:23:36,2025-10-15 00:23:36,2025-10-15,"Significant"
38,2025-10-15 04:28:36,2025-10-15 00:28:36,2025-10-15,"Significant"
33,2025-10-15 04:33:36,2025-10-15 00:33:36,2025-10-15,"Significant"
39,2025-10-15 04:38:36,2025-10-15 00:38:36,2025-10-15,"Significant"
30,2025-10-15 04:43:36,2025-10-15 00:43:36,2025-10-15,"Significant"
29,2025-10-15 04:48:36,2025-10-15 00:48:36,2025-10-15,"Significant"
28,2025-10-15 04:53:36,2025-10-15 00:53:36,2025-10-15,"Significant"
30,2025-10-15 04:58:36,2025-10-15 00:58:36,2025-10-15,"Significant"
37,2025-10-15 05:03:36,2025-10-15 01:03:36,2025-10-15,"Significant"
32,2025-10-15 05:08:36,2025-10-15 01:08:36,2025-10-15,"Significant"
29,2025-10-15 05:13:36,2025-10-15 01:13:36,2025-10-15,"Significant"
26,2025-10-15 05:18:36,2025-10-15 01:18:36,2025-10-15,"Significant"
34,2025-10-15 05:23:36,2025-10-15 01:23:36,2025-10-15,"Significant"
38,2025-10-15 05:28:36,2025-10-15 01:28:36,2025-10-15,"Significant"
49,2025-10-15 05:33:36,2025-10-15 01:33:36,2025-10-15,"Significant"
40,2025-10-15 05:38:36,2025-10-15 01:38:36,2025-10-15,"Significant"
43,2025-10-15 05:43:36,2025-10-15 01:43:36,2025-10-15,"Significant"
45,2025-10-15 05:48:36,2025-10-15 01:48:36,2025-10-15,"Significant"
26,2025-10-15 05:53:36,2025-10-15 01:53:36,2025-10-15,"Significant"
22,2025-10-15 05:58:36,2025-10-15 01:58:36,2025-10-15,"Significant"
23,2025-10-15 06:03:36,2025-10-15 02:03:36,2025-10-15,"Significant"
22,2025-10-15 06:08:36,2025-10-15 02:08:36,2025-10-15,"Significant"
23,2025-10-15 06:13:36,2025-10-15 02:13:36,2025-10-15,"Significant"
25,2025-10-15 06:18:36,2025-10-15 02:18:36,2025-10-15,"Significant"
25,2025-10-15 06:23:36,2025-10-15 02:23:36,2025-10-15,"Significant"
23,2025-10-15 06:28:36,2025-10-15 02:28:36,2025-10-15,"Significant"
34,2025-10-15 06:33:36,2025-10-15 02:33:36,2025-10-15,"Significant"
36,2025-10-15 06:38:36,2025-10-15 02:38:36,2025-10-15,"Significant"
32,2025-10-15 06:43:36,2025-10-15 02:43:36,2025-10-15,"Significant"
29,2025-10-15 06:48:36,2025-10-15 02:48:36,2025-10-15,"Significant"
27,2025-10-15 06:53:36,2025-10-15 02:53:36,2025-10-15,"Significant"
35,2025-10-15 06:58:36,2025-10-15 02:58:36,2025-10-15,"Significant"
32,2025-10-15 07:03:36,2025-10-15 03:03:36,2025-10-15,"Significant"
42,2025-10-15 07:08:36,2025-10-15 03:08:36,2025-10-15,"Significant"
38,2025-10-15 07:13:36,2025-10-15 03:13:36,2025-10-15,"Significant"
37,2025-10-15 07:18:36,2025-10-15 03:18:36,2025-10-15,"Significant"
35,2025-10-15 07:23:36,2025-10-15 03:23:36,2025-10-15,"Significant"
29,2025-10-15 07:28:36,2025-10-15 03:28:36,2025-10-15,"Significant"
25,2025-10-15 07:33:36,2025-10-15 03:33:36,2025-10-15,"Significant"
27,2025-10-15 07:38:36,2025-10-15 03:38:36,2025-10-15,"Significant"
26,2025-10-15 07:43:36,2025-10-15 03:43:36,2025-10-15,"Significant"
29,2025-10-15 07:48:36,2025-10-15 03:48:36,2025-10-15,"Significant"
22,2025-10-15 07:53:36,2025-10-15 03:53:36,2025-10-15,"Significant"
29,2025-10-15 07:58:36,2025-10-15 03:58:36,2025-10-15,"Significant"
29,2025-10-15 08:03:36,2025-10-15 04:03:36,2025-10-15,"Significant"
24,2025-10-15 08:08:36,2025-10-15 04:08:36,2025-10-15,"Significant"
32,2025-10-15 08:13:36,2025-10-15 04:13:36,2025-10-15,"Significant"
32,2025-10-15 08:18:36,2025-10-15 04:18:36,2025-10-15,"Significant"
28,2025-10-15 08:23:36,2025-10-15 04:23:36,2025-10-15,"Significant"
35,2025-10-15 08:28:36,2025-10-15 04:28:36,2025-10-15,"Significant"
37,2025-10-15 08:33:36,2025-10-15 04:33:36,2025-10-15,"Significant"
38,2025-10-15 08:38:36,2025-10-15 04:38:36,2025-10-15,"Significant"
39,2025-10-15 08:43:36,2025-10-15 04:43:36,2025-10-15,"Significant"
27,2025-10-15 08:48:36,2025-10-15 04:48:36,2025-10-15,"Significant"
29,2025-10-15 08:53:36,2025-10-15 04:53:36,2025-10-15,"Significant"
30,2025-10-15 08:58:36,2025-10-15 04:58:36,2025-10-15,"Significant"
28,2025-10-15 09:03:36,2025-10-15 05:03:36,2025-10-15,"Significant"
26,2025-10-15 09:08:36,2025-10-15 05:08:36,2025-10-15,"Significant"
27,2025-10-15 09:13:36,2025-10-15 05:13:36,2025-10-15,"Significant"
34,2025-10-15 09:18:36,2025-10-15 05:18:36,2025-10-15,"Significant"
30,2025-10-15 09:23:36,2025-10-15 05:23:36,2025-10-15,"Significant"
34,2025-10-15 09:28:36,2025-10-15 05:28:36,2025-10-15,"Significant"
33,2025-10-15 09:33:36,2025-10-15 05:33:36,2025-10-15,"Significant"
33,2025-10-15 09:38:36,2025-10-15 05:38:36,2025-10-15,"Significant"
34,2025-10-16 02:48:36,2025-10-15 22:48:36,2025-10-16,"Significant"
28,2025-10-16 02:53:36,2025-10-15 22:53:36,2025-10-16,"Significant"
28,2025-10-16 02:58:36,2025-10-15 22:58:36,2025-10-16,"Significant"
27,2025-10-16 03:03:36,2025-10-15 23:03:36,2025-10-16,"Significant"
27,2025-10-16 03:08:36,2025-10-15 23:08:36,2025-10-16,"Significant"
22,2025-10-16 03:13:36,2025-10-15 23:13:36,2025-10-16,"Significant"
21,2025-10-16 03:18:36,2025-10-15 23:18:36,2025-10-16,"Significant"
21,2025-10-16 03:23:36,2025-10-15 23:23:36,2025-10-16,"Significant"
22,2025-10-16 03:28:36,2025-10-15 23:28:36,2025-10-16,"Significant"
30,2025-10-16 03:33:36,2025-10-15 23:33:36,2025-10-16,"Significant"
22,2025-10-16 03:38:36,2025-10-15 23:38:36,2025-10-16,"Significant"
22,2025-10-16 03:43:36,2025-10-15 23:43:36,2025-10-16,"Significant"
25,2025-10-16 03:48:36,2025-10-15 23:48:36,2025-10-16,"Significant"
28,2025-10-16 03:53:36,2025-10-15 23:53:36,2025-10-16,"Significant"
27,2025-10-16 03:58:36,2025-10-15 23:58:36,2025-10-16,"Significant"
30,2025-10-16 04:03:36,2025-10-16 00:03:36,2025-10-16,"Significant"
27,2025-10-16 04:08:36,2025-10-16 00:08:36,2025-10-16,"Significant"
26,2025-10-16 04:13:36,2025-10-16 00:13:36,2025-10-16,"Significant"
22,2025-10-16 04:18:36,2025-10-16 00:18:36,2025-10-16,"Significant"
17,2025-10-16 04:23:36,2025-10-16 00:23:36,2025-10-16,"Significant"
16,2025-10-16 04:28:36,2025-10-16 00:28:36,2025-10-16,"Significant"
17,2025-10-16 04:33:36,2025-10-16 00:33:36,2025-10-16,"Significant"
16,2025-10-16 04:38:36,2025-10-16 00:38:36,2025-10-16,"Significant"
37,2025-10-16 04:43:36,2025-10-16 00:43:36,2025-10-16,"Significant"
20,2025-10-16 04:48:36,2025-10-16 00:48:36,2025-10-16,"Significant"
18,2025-10-16 04:53:36,2025-10-16 00:53:36,2025-10-16,"Significant"
21,2025-10-16 04:58:36,2025-10-16 00:58:36,2025-10-16,"Significant"
30,2025-10-16 05:03:36,2025-10-16 01:03:36,2025-10-16,"Significant"
38,2025-10-16 05:08:36,2025-10-16 01:08:36,2025-10-16,"Significant"
40,2025-10-16 05:13:36,2025-10-16 01:13:36,2025-10-16,"Significant"
41,2025-10-16 05:18:36,2025-10-16 01:18:36,2025-10-16,"Significant"
15,2025-10-16 05:23:36,2025-10-16 01:23:36,2025-10-16,"Significant"
15,2025-10-16 05:28:36,2025-10-16 01:28:36,2025-10-16,"Significant"
17,2025-10-16 05:33:36,2025-10-16 01:33:36,2025-10-16,"Significant"
20,2025-10-16 05:38:36,2025-10-16 01:38:36,2025-10-16,"Significant"
33,2025-10-16 05:43:36,2025-10-16 01:43:36,2025-10-16,"Significant"
28,2025-10-16 05:48:36,2025-10-16 01:48:36,2025-10-16,"Significant"
25,2025-10-16 05:53:36,2025-10-16 01:53:36,2025-10-16,"Significant"
36,2025-10-16 05:58:36,2025-10-16 01:58:36,2025-10-16,"Significant"
37,2025-10-16 06:03:36,2025-10-16 02:03:36,2025-10-16,"Significant"
33,2025-10-16 06:08:36,2025-10-16 02:08:36,2025-10-16,"Significant"
29,2025-10-16 06:13:36,2025-10-16 02:13:36,2025-10-16,"Significant"
23,2025-10-16 06:18:36,2025-10-16 02:18:36,2025-10-16,"Significant"
20,2025-10-16 06:23:36,2025-10-16 02:23:36,2025-10-16,"Significant"
24,2025-10-16 06:28:36,2025-10-16 02:28:36,2025-10-16,"Significant"
30,2025-10-16 06:33:36,2025-10-16 02:33:36,2025-10-16,"Significant"
34,2025-10-16 06:38:36,2025-10-16 02:38:36,2025-10-16,"Significant"
26,2025-10-16 06:43:36,2025-10-16 02:43:36,2025-10-16,"Significant"
25,2025-10-16 06:48:36,2025-10-16 02:48:36,2025-10-16,"Significant"
24,2025-10-16 06:53:36,2025-10-16 02:53:36,2025-10-16,"Significant"
24,2025-10-16 06:58:36,2025-10-16 02:58:36,2025-10-16,"Significant"
25,2025-10-16 07:03:36,2025-10-16 03:03:36,2025-10-16,"Significant"
31,2025-10-16 07:08:36,2025-10-16 03:08:36,2025-10-16,"Significant"
31,2025-10-16 07:13:36,2025-10-16 03:13:36,2025-10-16,"Significant"
38,2025-10-16 07:18:36,2025-10-16 03:18:36,2025-10-16,"Significant"
34,2025-10-16 07:23:36,2025-10-16 03:23:36,2025-10-16,"Significant"
33,2025-10-16 07:28:36,2025-10-16 03:28:36,2025-10-16,"Significant"
33,2025-10-16 07:33:36,2025-10-16 03:33:36,2025-10-16,"Significant"
29,2025-10-16 07:38:36,2025-10-16 03:38:36,2025-10-16,"Significant"
35,2025-10-16 07:43:36,2025-10-16 03:43:36,2025-10-16,"Significant"
34,2025-10-16 07:48:36,2025-10-16 03:48:36,2025-10-16,"Significant"
40,2025-10-16 07:53:36,2025-10-16 03:53:36,2025-10-16,"Significant"
38,2025-10-16 07:58:36,2025-10-16 03:58:36,2025-10-16,"Significant"
36,2025-10-16 08:03:36,2025-10-16 04:03:36,2025-10-16,"Significant"
35,2025-10-16 08:08:36,2025-10-16 04:08:36,2025-10-16,"Significant"
32,2025-10-16 08:13:36,2025-10-16 04:13:36,2025-10-16,"Significant"
34,2025-10-16 08:18:36,2025-10-16 04:18:36,2025-10-16,"Significant"
31,2025-10-16 08:23:36,2025-10-16 04:23:36,2025-10-16,"Significant"
33,2025-10-16 08:28:36,2025-10-16 04:28:36,2025-10-16,"Significant"
34,2025-10-16 08:33:36,2025-10-16 04:33:36,2025-10-16,"Significant"
37,2025-10-16 08:38:36,2025-10-16 04:38:36,2025-10-16,"Significant"
33,2025-10-16 08:43:36,2025-10-16 04:43:36,2025-10-16,"Significant"
38,2025-10-16 08:48:36,2025-10-16 04:48:36,2025-10-16,"Significant"
48,2025-10-16 08:53:36,2025-10-16 04:53:36,2025-10-16,"Significant"
40,2025-10-16 08:58:36,2025-10-16 04:58:36,2025-10-16,"Significant"
35,2025-10-16 09:03:36,2025-10-16 05:03:36,2025-10-16,"Significant"
39,2025-10-16 09:08:36,2025-10-16 05:08:36,2025-10-16,"Significant"
38,2025-10-16 09:13:36,2025-10-16 05:13:36,2025-10-16,"Significant"
29,2025-10-16 09:18:36,2025-10-16 05:18:36,2025-10-16,"Significant"
37,2025-10-16 09:23:36,2025-10-16 05:23:36,2025-10-16,"Significant"
35,2025-10-17 02:48:36,2025-10-16 22:48:36,2025-10-17,"Significant"
38,2025-10-17 02:53:36,2025-10-16 22:53:36,2025-10-17,"Significant"
48,2025-10-17 02:58:36,2025-10-16 22:58:36,2025-10-17,"Significant"
50,2025-10-17 03:03:36,2025-10-16 23:03:36,2025-10-17,"Significant"
54,2025-10-17 03:08:36,2025-10-16 23:08:36,2025-10-17,"Significant"
54,2025-10-17 03:13:36,2025-10-16 23:13:36,2025-10-17,"Significant"
55,2025-10-17 03:18:36,2025-10-16 23:18:36,2025-10-17,"Significant"
46,2025-10-17 03:23:36,2025-10-16 23:23:36,2025-10-17,"Significant"
25,2025-10-17 03:28:36,2025-10-16 23:28:36,2025-10-17,"Significant"
27,2025-10-17 03:33:36,2025-10-16 23:33:36,2025-10-17,"Significant"
32,2025-10-17 03:38:36,2025-10-16 23:38:36,2025-10-17,"Significant"
29,2025-10-17 03:43:36,2025-10-16 23:43:36,2025-10-17,"Significant"
29,2025-10-17 03:48:36,2025-10-16 23:48:36,2025-10-17,"Significant"
24,2025-10-17 03:53:36,2025-10-16 23:53:36,2025-10-17,"Significant"
24,2025-10-17 03:58:36,2025-10-16 23:58:36,2025-10-17,"Significant"
25,2025-10-17 04:03:36,2025-10-17 00:03:36,2025-10-17,"Significant"
27,2025-10-17 04:08:36,2025-10-17 00:08:36,2025-10-17,"Significant"
33,2025-10-17 04:13:36,2025-10-17 00:13:36,2025-10-17,"Significant"
30,2025-10-17 04:18:36,2025-10-17 00:18:36,2025-10-17,"Significant"
26,2025-10-17 04:23:36,2025-10-17 00:23:36,2025-10-17,"Significant"
31,2025-10-17 04:28:36,2025-10-17 00:28:36,2025-10-17,"Significant"
30,2025-10-17 04:33:36,2025-10-17 00:33:36,2025-10-17,"Significant"
37,2025-10-17 04:38:36,2025-10-17 00:38:36,2025-10-17,"Significant"
37,2025-10-17 04:43:36,2025-10-17 00:43:36,2025-10-17,"Significant"
31,2025-10-17 04:48:36,2025-10-17 00:48:36,2025-10-17,"Significant"
33,2025-10-17 04:53:36,2025-10-17 00:53:36,2025-10-17,"Significant"
43,2025-10-17 04:58:36,2025-10-17 00:58:36,2025-10-17,"Significant"
34,2025-10-17 05:03:36,2025-10-17 01:03:36,2025-10-17,"Significant"
36,2025-10-17 05:08:36,2025-10-17 01:08:36,2025-10-17,"Significant"
40,2025-10-17 05:13:36,2025-10-17 01:13:36,2025-10-17,"Significant"
40,2025-10-17 05:18:36,2025-10-17 01:18:36,2025-10-17,"Significant"
30,2025-10-17 05:23:36,2025-10-17 01:23:36,2025-10-17,"Significant"
40,2025-10-17 05:28:36,2025-10-17 01:28:36,2025-10-17,"Significant"
48,2025-10-17 05:33:36,2025-10-17 01:33:36,2025-10-17,"Significant"
52,2025-10-17 05:38:36,2025-10-17 01:38:36,2025-10-17,"Significant"
47,2025-10-17 05:43:36,2025-10-17 01:43:36,2025-10-17,"Significant"
47,2025-10-17 05:48:36,2025-10-17 01:48:36,2025-10-17,"Significant"
60,2025-10-17 05:53:36,2025-10-17 01:53:36,2025-10-17,"Significant"
54,2025-10-17 05:58:36,2025-10-17 01:58:36,2025-10-17,"Significant"
47,2025-10-17 06:03:36,2025-10-17 02:03:36,2025-10-17,"Significant"
45,2025-10-17 06:08:36,2025-10-17 02:08:36,2025-10-17,"Significant"
48,2025-10-17 06:13:36,2025-10-17 02:13:36,2025-10-17,"Significant"
47,2025-10-17 06:18:36,2025-10-17 02:18:36,2025-10-17,"Significant"
48,2025-10-17 06:23:36,2025-10-17 02:23:36,2025-10-17,"Significant"
44,2025-10-17 06:28:36,2025-10-17 02:28:36,2025-10-17,"Significant"
42,2025-10-17 06:33:36,2025-10-17 02:33:36,2025-10-17,"Significant"
33,2025-10-17 06:38:36,2025-10-17 02:38:36,2025-10-17,"Significant"
30,2025-10-17 06:43:36,2025-10-17 02:43:36,2025-10-17,"Significant"
31,2025-10-17 06:48:36,2025-10-17 02:48:36,2025-10-17,"Significant"
28,2025-10-17 06:53:36,2025-10-17 02:53:36,2025-10-17,"Significant"
28,2025-10-17 06:58:36,2025-10-17 02:58:36,2025-10-17,"Significant"
28,2025-10-17 07:03:36,2025-10-17 03:03:36,2025-10-17,"Significant"
37,2025-10-17 07:08:36,2025-10-17 03:08:36,2025-10-17,"Significant"
42,2025-10-17 07:13:36,2025-10-17 03:13:36,2025-10-17,"Significant"
37,2025-10-17 07:18:36,2025-10-17 03:18:36,2025-10-17,"Significant"
41,2025-10-17 07:23:36,2025-10-17 03:23:36,2025-10-17,"Significant"
41,2025-10-17 07:28:36,2025-10-17 03:28:36,2025-10-17,"Significant"
40,2025-10-17 07:33:36,2025-10-17 03:33:36,2025-10-17,"Significant"
26,2025-10-17 07:38:36,2025-10-17 03:38:36,2025-10-17,"Significant"
35,2025-10-17 07:43:36,2025-10-17 03:43:36,2025-10-17,"Significant"
31,2025-10-17 07:48:36,2025-10-17 03:48:36,2025-10-17,"Significant"
32,2025-10-17 07:53:36,2025-10-17 03:53:36,2025-10-17,"Significant"
31,2025-10-17 07:58:36,2025-10-17 03:58:36,2025-10-17,"Significant"
27,2025-10-17 08:03:36,2025-10-17 04:03:36,2025-10-17,"Significant"
25,2025-10-17 08:08:36,2025-10-17 04:08:36,2025-10-17,"Significant"
38,2025-10-17 08:13:36,2025-10-17 04:13:36,2025-10-17,"Significant"
36,2025-10-17 08:18:36,2025-10-17 04:18:36,2025-10-17,"Significant"
33,2025-10-17 08:23:36,2025-10-17 04:23:36,2025-10-17,"Significant"
32,2025-10-17 08:28:36,2025-10-17 04:28:36,2025-10-17,"Significant"
38,2025-10-17 08:33:36,2025-10-17 04:33:36,2025-10-17,"Significant"
28,2025-10-17 08:38:36,2025-10-17 04:38:36,2025-10-17,"Significant"
37,2025-10-17 08:43:36,2025-10-17 04:43:36,2025-10-17,"Significant"
45,2025-10-17 08:48:36,2025-10-17 04:48:36,2025-10-17,"Significant"
48,2025-10-17 08:53:36,2025-10-17 04:53:36,2025-10-17,"Significant"
32,2025-10-17 08:58:36,2025-10-17 04:58:36,2025-10-17,"Significant"
32,2025-10-17 09:03:36,2025-10-17 05:03:36,2025-10-17,"Significant"
27,2025-10-17 09:08:36,2025-10-17 05:08:36,2025-10-17,"Significant"
28,2025-10-17 09:13:36,2025-10-17 05:13:36,2025-10-17,"Significant"
32,2025-10-17 09:18:36,2025-10-17 05:18:36,2025-10-17,"Significant"
35,2025-10-17 09:23:36,2025-10-17 05:23:36,2025-10-17,"Significant"
40,2025-10-17 09:28:36,2025-10-17 05:28:36,2025-10-17,"Significant"
47,2025-10-17 09:33:36,2025-10-17 05:33:36,2025-10-17,"Significant"
35,2025-10-17 09:38:36,2025-10-17 05:38:36,2025-10-17,"Significant"
34,2025-10-17 09:43:36,2025-10-17 05:43:36,2025-10-17,"Significant"
41,2025-10-17 09:48:36,2025-10-17 05:48:36,2025-10-17,"Significant"
26,2025-10-17 09:53:36,2025-10-17 05:53:36,2025-10-17,"Significant"
35,2025-10-17 09:58:36,2025-10-17 05:58:36,2025-10-17,"Significant"
36,2025-10-17 10:03:36,2025-10-17 06:03:36,2025-10-17,"Significant"
33,2025-10-17 10:08:36,2025-10-17 06:08:36,2025-10-17,"Significant"
31,2025-10-17 10:13:36,2025-10-17 06:13:36,2025-10-17,"Significant"
29,2025-10-17 10:18:36,2025-10-17 06:18:36,2025-10-17,"Significant"
25,2025-10-17 10:23:36,2025-10-17 06:23:36,2025-10-17,"Significant"
24,2025-10-17 10:28:36,2025-10-17 06:28:36,2025-10-17,"Significant"
26,2025-10-17 10:33:36,2025-10-17 06:33:36,2025-10-17,"Significant"
29,2025-10-17 10:38:36,2025-10-17 06:38:36,2025-10-17,"Significant"
26,2025-10-17 10:43:36,2025-10-17 06:43:36,2025-10-17,"Significant"
29,2025-10-17 10:48:36,2025-10-17 06:48:36,2025-10-17,"Significant"
36,2025-10-17 10:53:36,2025-10-17 06:53:36,2025-10-17,"Significant"
39,2025-10-17 10:58:36,2025-10-17 06:58:36,2025-10-17,"Significant"
35,2025-10-17 11:03:36,2025-10-17 07:03:36,2025-10-17,"Significant"
39,2025-10-17 11:08:36,2025-10-17 07:08:36,2025-10-17,"Significant"
43,2025-10-17 11:13:36,2025-10-17 07:13:36,2025-10-17,"Significant"
37,2025-10-17 11:18:36,2025-10-17 07:18:36,2025-10-17,"Significant"
37,2025-10-17 11:23:36,2025-10-17 07:23:36,2025-10-17,"Significant"
41,2025-10-17 11:28:36,2025-10-17 07:28:36,2025-10-17,"Significant"
27,2025-10-18 06:33:36,2025-10-18 02:33:36,2025-10-18,"Significant"
29,2025-10-18 06:38:36,2025-10-18 02:38:36,2025-10-18,"Significant"
27,2025-10-18 06:43:36,2025-10-18 02:43:36,2025-10-18,"Significant"
27,2025-10-18 06:48:36,2025-10-18 02:48:36,2025-10-18,"Significant"
25,2025-10-18 06:53:36,2025-10-18 02:53:36,2025-10-18,"Significant"
27,2025-10-18 06:58:36,2025-10-18 02:58:36,2025-10-18,"Significant"
26,2025-10-18 07:03:36,2025-10-18 03:03:36,2025-10-18,"Significant"
26,2025-10-18 07:08:36,2025-10-18 03:08:36,2025-10-18,"Significant"
30,2025-10-18 07:13:36,2025-10-18 03:13:36,2025-10-18,"Significant"
27,2025-10-18 07:18:36,2025-10-18 03:18:36,2025-10-18,"Significant"
27,2025-10-18 07:23:36,2025-10-18 03:23:36,2025-10-18,"Significant"
29,2025-10-18 07:28:36,2025-10-18 03:28:36,2025-10-18,"Significant"
35,2025-10-18 07:33:36,2025-10-18 03:33:36,2025-10-18,"Significant"
32,2025-10-18 07:38:36,2025-10-18 03:38:36,2025-10-18,"Significant"
40,2025-10-18 07:43:36,2025-10-18 03:43:36,2025-10-18,"Significant"
35,2025-10-18 07:48:36,2025-10-18 03:48:36,2025-10-18,"Significant"
31,2025-10-18 07:53:36,2025-10-18 03:53:36,2025-10-18,"Significant"
27,2025-10-18 07:58:36,2025-10-18 03:58:36,2025-10-18,"Significant"
36,2025-10-18 08:03:36,2025-10-18 04:03:36,2025-10-18,"Significant"
27,2025-10-18 08:08:36,2025-10-18 04:08:36,2025-10-18,"Significant"
27,2025-10-18 08:13:36,2025-10-18 04:13:36,2025-10-18,"Significant"
29,2025-10-18 08:18:36,2025-10-18 04:18:36,2025-10-18,"Significant"
24,2025-10-18 08:23:36,2025-10-18 04:23:36,2025-10-18,"Significant"
24,2025-10-18 08:28:36,2025-10-18 04:28:36,2025-10-18,"Significant"
26,2025-10-18 08:33:36,2025-10-18 04:33:36,2025-10-18,"Significant"
31,2025-10-18 08:38:36,2025-10-18 04:38:36,2025-10-18,"Significant"
20,2025-10-18 08:43:36,2025-10-18 04:43:36,2025-10-18,"Significant"
19,2025-10-18 08:48:36,2025-10-18 04:48:36,2025-10-18,"Significant"
21,2025-10-18 08:53:36,2025-10-18 04:53:36,2025-10-18,"Significant"
23,2025-10-18 08:58:36,2025-10-18 04:58:36,2025-10-18,"Significant"
23,2025-10-18 09:03:36,2025-10-18 05:03:36,2025-10-18,"Significant"
22,2025-10-18 09:08:36,2025-10-18 05:08:36,2025-10-18,"Significant"
28,2025-10-18 09:13:36,2025-10-18 05:13:36,2025-10-18,"Significant"
36,2025-10-18 09:18:36,2025-10-18 05:18:36,2025-10-18,"Significant"
38,2025-10-18 09:23:36,2025-10-18 05:23:36,2025-10-18,"Significant"
37,2025-10-18 09:28:36,2025-10-18 05:28:36,2025-10-18,"Significant"
40,2025-10-18 09:33:36,2025-10-18 05:33:36,2025-10-18,"Significant"
38,2025-10-18 09:38:36,2025-10-18 05:38:36,2025-10-18,"Significant"
34,2025-10-18 09:43:36,2025-10-18 05:43:36,2025-10-18,"Significant"
30,2025-10-18 09:48:36,2025-10-18 05:48:36,2025-10-18,"Significant"
38,2025-10-18 09:53:36,2025-10-18 05:53:36,2025-10-18,"Significant"
29,2025-10-18 09:58:36,2025-10-18 05:58:36,2025-10-18,"Significant"
32,2025-10-18 10:03:36,2025-10-18 06:03:36,2025-10-18,"Significant"
32,2025-10-18 10:08:36,2025-10-18 06:08:36,2025-10-18,"Significant"
30,2025-10-18 10:13:36,2025-10-18 06:13:36,2025-10-18,"Significant"
25,2025-10-18 10:18:36,2025-10-18 06:18:36,2025-10-18,"Significant"
29,2025-10-18 10:23:36,2025-10-18 06:23:36,2025-10-18,"Significant"
31,2025-10-18 10:28:36,2025-10-18 06:28:36,2025-10-18,"Significant"
32,2025-10-18 10:33:36,2025-10-18 06:33:36,2025-10-18,"Significant"
23,2025-10-18 10:38:36,2025-10-18 06:38:36,2025-10-18,"Significant"
23,2025-10-18 10:43:36,2025-10-18 06:43:36,2025-10-18,"Significant"
22,2025-10-18 10:48:36,2025-10-18 06:48:36,2025-10-18,"Significant"
20,2025-10-18 10:53:36,2025-10-18 06:53:36,2025-10-18,"Significant"
25,2025-10-18 10:58:36,2025-10-18 06:58:36,2025-10-18,"Significant"
31,2025-10-18 11:03:36,2025-10-18 07:03:36,2025-10-18,"Significant"
30,2025-10-18 11:08:36,2025-10-18 07:08:36,2025-10-18,"Significant"
29,2025-10-18 11:13:36,2025-10-18 07:13:36,2025-10-18,"Significant"
32,2025-10-18 11:18:36,2025-10-18 07:18:36,2025-10-18,"Significant"
30,2025-10-18 11:23:36,2025-10-18 07:23:36,2025-10-18,"Significant"
25,2025-10-18 11:28:36,2025-10-18 07:28:36,2025-10-18,"Significant"
32,2025-10-18 11:33:36,2025-10-18 07:33:36,2025-10-18,"Significant"
35,2025-10-18 11:38:36,2025-10-18 07:38:36,2025-10-18,"Significant"
32,2025-10-18 11:43:36,2025-10-18 07:43:36,2025-10-18,"Significant"
39,2025-10-18 11:48:36,2025-10-18 07:48:36,2025-10-18,"Significant"
35,2025-10-18 11:53:36,2025-10-18 07:53:36,2025-10-18,"Significant"
32,2025-10-18 11:58:36,2025-10-18 07:58:36,2025-10-18,"Significant"
26,2025-10-18 12:03:36,2025-10-18 08:03:36,2025-10-18,"Significant"
30,2025-10-18 12:08:36,2025-10-18 08:08:36,2025-10-18,"Significant"
35,2025-10-18 12:13:36,2025-10-18 08:13:36,2025-10-18,"Significant"
42,2025-10-18 12:18:36,2025-10-18 08:18:36,2025-10-18,"Significant"
41,2025-10-18 12:23:36,2025-10-18 08:23:36,2025-10-18,"Significant"
35,2025-10-18 12:28:36,2025-10-18 08:28:36,2025-10-18,"Significant"
41,2025-10-18 12:33:36,2025-10-18 08:33:36,2025-10-18,"Significant"
36,2025-10-18 12:38:36,2025-10-18 08:38:36,2025-10-18,"Significant"
38,2025-10-18 12:43:36,2025-10-18 08:43:36,2025-10-18,"Significant"
29,2025-10-18 12:48:36,2025-10-18 08:48:36,2025-10-18,"Significant"
25,2025-10-18 12:53:36,2025-10-18 08:53:36,2025-10-18,"Significant"
28,2025-10-18 12:58:36,2025-10-18 08:58:36,2025-10-18,"Significant"
28,2025-10-18 13:03:36,2025-10-18 09:03:36,2025-10-18,"Significant"
27,2025-10-18 13:08:36,2025-10-18 09:08:36,2025-10-18,"Significant"
27,2025-10-18 13:13:36,2025-10-18 09:13:36,2025-10-18,"Significant"
27,2025-10-18 13:18:36,2025-10-18 09:18:36,2025-10-18,"Significant"
30,2025-10-18 13:23:36,2025-10-18 09:23:36,2025-10-18,"Significant"
28,2025-10-18 13:28:36,2025-10-18 09:28:36,2025-10-18,"Significant"
33,2025-10-18 13:33:36,2025-10-18 09:33:36,2025-10-18,"Significant"
33,2025-10-18 13:38:36,2025-10-18 09:38:36,2025-10-18,"Significant"
34,2025-10-18 13:43:36,2025-10-18 09:43:36,2025-10-18,"Significant"
25,2025-10-19 03:18:36,2025-10-18 23:18:36,2025-10-19,"Significant"
26,2025-10-19 03:23:36,2025-10-18 23:23:36,2025-10-19,"Significant"
26,2025-10-19 03:28:36,2025-10-18 23:28:36,2025-10-19,"Significant"
24,2025-10-19 03:33:36,2025-10-18 23:33:36,2025-10-19,"Significant"
22,2025-10-19 03:38:36,2025-10-18 23:38:36,2025-10-19,"Significant"
22,2025-10-19 03:43:36,2025-10-18 23:43:36,2025-10-19,"Significant"
23,2025-10-19 03:48:36,2025-10-18 23:48:36,2025-10-19,"Significant"
38,2025-10-19 03:53:36,2025-10-18 23:53:36,2025-10-19,"Significant"
41,2025-10-19 03:58:36,2025-10-18 23:58:36,2025-10-19,"Significant"
31,2025-10-19 04:03:36,2025-10-19 00:03:36,2025-10-19,"Significant"
30,2025-10-19 04:08:36,2025-10-19 00:08:36,2025-10-19,"Significant"
39,2025-10-19 04:13:36,2025-10-19 00:13:36,2025-10-19,"Significant"
36,2025-10-19 04:18:36,2025-10-19 00:18:36,2025-10-19,"Significant"
37,2025-10-19 04:23:36,2025-10-19 00:23:36,2025-10-19,"Significant"
26,2025-10-19 04:28:36,2025-10-19 00:28:36,2025-10-19,"Significant"
25,2025-10-19 04:33:36,2025-10-19 00:33:36,2025-10-19,"Significant"
27,2025-10-19 04:38:36,2025-10-19 00:38:36,2025-10-19,"Significant"
22,2025-10-19 04:43:36,2025-10-19 00:43:36,2025-10-19,"Significant"
21,2025-10-19 04:48:36,2025-10-19 00:48:36,2025-10-19,"Significant"
23,2025-10-19 04:53:36,2025-10-19 00:53:36,2025-10-19,"Significant"
21,2025-10-19 04:58:36,2025-10-19 00:58:36,2025-10-19,"Significant"
23,2025-10-19 05:03:36,2025-10-19 01:03:36,2025-10-19,"Significant"
25,2025-10-19 05:08:36,2025-10-19 01:08:36,2025-10-19,"Significant"
25,2025-10-19 05:13:36,2025-10-19 01:13:36,2025-10-19,"Significant"
21,2025-10-19 05:18:36,2025-10-19 01:18:36,2025-10-19,"Significant"
22,2025-10-19 05:23:36,2025-10-19 01:23:36,2025-10-19,"Significant"
28,2025-10-19 05:28:36,2025-10-19 01:28:36,2025-10-19,"Significant"
33,2025-10-19 05:33:36,2025-10-19 01:33:36,2025-10-19,"Significant"
32,2025-10-19 05:38:36,2025-10-19 01:38:36,2025-10-19,"Significant"
34,2025-10-19 05:43:36,2025-10-19 01:43:36,2025-10-19,"Significant"
33,2025-10-19 05:48:36,2025-10-19 01:48:36,2025-10-19,"Significant"
33,2025-10-19 05:53:36,2025-10-19 01:53:36,2025-10-19,"Significant"
33,2025-10-19 05:58:36,2025-10-19 01:58:36,2025-10-19,"Significant"
35,2025-10-19 06:03:36,2025-10-19 02:03:36,2025-10-19,"Significant"
22,2025-10-19 06:08:36,2025-10-19 02:08:36,2025-10-19,"Significant"
28,2025-10-19 06:13:36,2025-10-19 02:13:36,2025-10-19,"Significant"
22,2025-10-19 06:18:36,2025-10-19 02:18:36,2025-10-19,"Significant"
33,2025-10-19 06:23:36,2025-10-19 02:23:36,2025-10-19,"Significant"
34,2025-10-19 06:28:36,2025-10-19 02:28:36,2025-10-19,"Significant"
31,2025-10-19 06:33:36,2025-10-19 02:33:36,2025-10-19,"Significant"
29,2025-10-19 06:38:36,2025-10-19 02:38:36,2025-10-19,"Significant"
21,2025-10-19 06:43:36,2025-10-19 02:43:36,2025-10-19,"Significant"
31,2025-10-19 06:48:36,2025-10-19 02:48:36,2025-10-19,"Significant"
27,2025-10-19 06:53:36,2025-10-19 02:53:36,2025-10-19,"Significant"
24,2025-10-19 06:58:36,2025-10-19 02:58:36,2025-10-19,"Significant"
22,2025-10-19 07:03:36,2025-10-19 03:03:36,2025-10-19,"Significant"
31,2025-10-19 07:08:36,2025-10-19 03:08:36,2025-10-19,"Significant"
20,2025-10-19 07:13:36,2025-10-19 03:13:36,2025-10-19,"Significant"
25,2025-10-19 07:18:36,2025-10-19 03:18:36,2025-10-19,"Significant"
26,2025-10-19 07:23:36,2025-10-19 03:23:36,2025-10-19,"Significant"
22,2025-10-19 07:28:36,2025-10-19 03:28:36,2025-10-19,"Significant"
21,2025-10-19 07:33:36,2025-10-19 03:33:36,2025-10-19,"Significant"
25,2025-10-19 07:38:36,2025-10-19 03:38:36,2025-10-19,"Significant"
21,2025-10-19 07:43:36,2025-10-19 03:43:36,2025-10-19,"Significant"
26,2025-10-19 07:48:36,2025-10-19 03:48:36,2025-10-19,"Significant"
26,2025-10-19 07:53:36,2025-10-19 03:53:36,2025-10-19,"Significant"
35,2025-10-19 07:58:36,2025-10-19 03:58:36,2025-10-19,"Significant"
21,2025-10-19 08:03:36,2025-10-19 04:03:36,2025-10-19,"Significant"
26,2025-10-19 08:08:36,2025-10-19 04:08:36,2025-10-19,"Significant"
21,2025-10-19 08:13:36,2025-10-19 04:13:36,2025-10-19,"Significant"
30,2025-10-19 08:18:36,2025-10-19 04:18:36,2025-10-19,"Significant"
32,2025-10-19 08:23:36,2025-10-19 04:23:36,2025-10-19,"Significant"
23,2025-10-19 08:28:36,2025-10-19 04:28:36,2025-10-19,"Significant"
34,2025-10-19 08:33:36,2025-10-19 04:33:36,2025-10-19,"Significant"
23,2025-10-19 08:38:36,2025-10-19 04:38:36,2025-10-19,"Significant"
26,2025-10-19 08:43:36,2025-10-19 04:43:36,2025-10-19,"Significant"
24,2025-10-19 08:48:36,2025-10-19 04:48:36,2025-10-19,"Significant"
28,2025-10-19 08:53:36,2025-10-19 04:53:36,2025-10-19,"Significant"
26,2025-10-19 08:58:36,2025-10-19 04:58:36,2025-10-19,"Significant"
34,2025-10-19 09:03:36,2025-10-19 05:03:36,2025-10-19,"Significant"
25,2025-10-19 09:08:36,2025-10-19 05:08:36,2025-10-19,"Significant"
26,2025-10-19 09:13:36,2025-10-19 05:13:36,2025-10-19,"Significant"
25,2025-10-19 09:18:36,2025-10-19 05:18:36,2025-10-19,"Significant"
25,2025-10-19 09:23:36,2025-10-19 05:23:36,2025-10-19,"Significant"
30,2025-10-19 09:28:36,2025-10-19 05:28:36,2025-10-19,"Significant"
35,2025-10-19 09:33:36,2025-10-19 05:33:36,2025-10-19,"Significant"
35,2025-10-19 09:38:36,2025-10-19 05:38:36,2025-10-19,"Significant"
33,2025-10-19 09:43:36,2025-10-19 05:43:36,2025-10-19,"Significant"
46,2025-10-19 09:48:36,2025-10-19 05:48:36,2025-10-19,"Significant"
40,2025-10-19 09:53:36,2025-10-19 05:53:36,2025-10-19,"Significant"
42,2025-10-19 09:58:36,2025-10-19 05:58:36,2025-10-19,"Significant"
43,2025-10-19 10:03:36,2025-10-19 06:03:36,2025-10-19,"Significant"
42,2025-10-19 10:08:36,2025-10-19 06:08:36,2025-10-19,"Significant"
40,2025-10-19 10:13:36,2025-10-19 06:13:36,2025-10-19,"Significant"
41,2025-10-19 10:18:36,2025-10-19 06:18:36,2025-10-19,"Significant"
41,2025-10-19 10:23:36,2025-10-19 06:23:36,2025-10-19,"Significant"
45,2025-10-19 10:28:36,2025-10-19 06:28:36,2025-10-19,"Significant"
48,2025-10-19 10:33:36,2025-10-19 06:33:36,2025-10-19,"Significant"
43,2025-10-19 10:38:36,2025-10-19 06:38:36,2025-10-19,"Significant"
35,2025-10-19 10:43:36,2025-10-19 06:43:36,2025-10-19,"Significant"
40,2025-10-19 10:48:36,2025-10-19 06:48:36,2025-10-19,"Significant"
36,2025-10-19 10:53:36,2025-10-19 06:53:36,2025-10-19,"Significant"
29,2025-10-19 10:58:36,2025-10-19 06:58:36,2025-10-19,"Significant"
27,2025-10-19 11:03:36,2025-10-19 07:03:36,2025-10-19,"Significant"
28,2025-10-19 11:08:36,2025-10-19 07:08:36,2025-10-19,"Significant"
27,2025-10-19 11:13:36,2025-10-19 07:13:36,2025-10-19,"Significant"
27,2025-10-19 11:18:36,2025-10-19 07:18:36,2025-10-19,"Significant"
36,2025-10-19 11:23:36,2025-10-19 07:23:36,2025-10-19,"Significant"
40,2025-10-19 11:28:36,2025-10-19 07:28:36,2025-10-19,"Significant"
41,2025-10-19 11:33:36,2025-10-19 07:33:36,2025-10-19,"Significant"
38,2025-10-19 11:38:36,2025-10-19 07:38:36,2025-10-19,"Significant"
36,2025-10-19 11:43:36,2025-10-19 07:43:36,2025-10-19,"Significant"
38,2025-10-19 11:48:36,2025-10-19 07:48:36,2025-10-19,"Significant"
39,2025-10-19 11:53:36,2025-10-19 07:53:36,2025-10-19,"Significant"
34,2025-10-19 11:58:36,2025-10-19 07:58:36,2025-10-19,"Significant"
40,2025-10-19 12:03:36,2025-10-19 08:03:36,2025-10-19,"Significant"
44,2025-10-19 12:08:36,2025-10-19 08:08:36,2025-10-19,"Significant"
36,2025-10-19 12:13:36,2025-10-19 08:13:36,2025-10-19,"Significant"
41,2025-10-19 12:18:36,2025-10-19 08:18:36,2025-10-19,"Significant"
24,2025-10-20 03:33:36,2025-10-19 23:33:36,2025-10-20,"Significant"
21,2025-10-20 03:38:36,2025-10-19 23:38:36,2025-10-20,"Significant"
22,2025-10-20 03:43:36,2025-10-19 23:43:36,2025-10-20,"Significant"
24,2025-10-20 03:48:36,2025-10-19 23:48:36,2025-10-20,"Significant"
23,2025-10-20 03:53:36,2025-10-19 23:53:36,2025-10-20,"Significant"
23,2025-10-20 03:58:36,2025-10-19 23:58:36,2025-10-20,"Significant"
24,2025-10-20 04:03:36,2025-10-20 00:03:36,2025-10-20,"Significant"
28,2025-10-20 04:08:36,2025-10-20 00:08:36,2025-10-20,"Significant"
26,2025-10-20 04:13:36,2025-10-20 00:13:36,2025-10-20,"Significant"
34,2025-10-20 04:18:36,2025-10-20 00:18:36,2025-10-20,"Significant"
43,2025-10-20 04:23:36,2025-10-20 00:23:36,2025-10-20,"Significant"
38,2025-10-20 04:28:36,2025-10-20 00:28:36,2025-10-20,"Significant"
30,2025-10-20 04:33:36,2025-10-20 00:33:36,2025-10-20,"Significant"
32,2025-10-20 04:38:36,2025-10-20 00:38:36,2025-10-20,"Significant"
29,2025-10-20 04:43:36,2025-10-20 00:43:36,2025-10-20,"Significant"
29,2025-10-20 04:48:36,2025-10-20 00:48:36,2025-10-20,"Significant"
36,2025-10-20 04:53:36,2025-10-20 00:53:36,2025-10-20,"Significant"
40,2025-10-20 04:58:36,2025-10-20 00:58:36,2025-10-20,"Significant"
27,2025-10-20 05:03:36,2025-10-20 01:03:36,2025-10-20,"Significant"
23,2025-10-20 05:08:36,2025-10-20 01:08:36,2025-10-20,"Significant"
26,2025-10-20 05:13:36,2025-10-20 01:13:36,2025-10-20,"Significant"
25,2025-10-20 05:18:36,2025-10-20 01:18:36,2025-10-20,"Significant"
25,2025-10-20 05:23:36,2025-10-20 01:23:36,2025-10-20,"Significant"
33,2025-10-20 05:28:36,2025-10-20 01:28:36,2025-10-20,"Significant"
31,2025-10-20 05:33:36,2025-10-20 01:33:36,2025-10-20,"Significant"
30,2025-10-20 05:38:36,2025-10-20 01:38:36,2025-10-20,"Significant"
30,2025-10-20 05:43:36,2025-10-20 01:43:36,2025-10-20,"Significant"
39,2025-10-20 05:48:36,2025-10-20 01:48:36,2025-10-20,"Significant"
37,2025-10-20 05:53:36,2025-10-20 01:53:36,2025-10-20,"Significant"
43,2025-10-20 05:58:36,2025-10-20 01:58:36,2025-10-20,"Significant"
29,2025-10-20 06:03:36,2025-10-20 02:03:36,2025-10-20,"Significant"
31,2025-10-20 06:08:36,2025-10-20 02:08:36,2025-10-20,"Significant"
30,2025-10-20 06:13:36,2025-10-20 02:13:36,2025-10-20,"Significant"
33,2025-10-20 06:18:36,2025-10-20 02:18:36,2025-10-20,"Significant"
26,2025-10-20 06:23:36,2025-10-20 02:23:36,2025-10-20,"Significant"
20,2025-10-20 06:28:36,2025-10-20 02:28:36,2025-10-20,"Significant"
19,2025-10-20 06:33:36,2025-10-20 02:33:36,2025-10-20,"Significant"
25,2025-10-20 06:38:36,2025-10-20 02:38:36,2025-10-20,"Significant"
19,2025-10-20 06:43:36,2025-10-20 02:43:36,2025-10-20,"Significant"
20,2025-10-20 06:48:36,2025-10-20 02:48:36,2025-10-20,"Significant"
28,2025-10-20 06:53:36,2025-10-20 02:53:36,2025-10-20,"Significant"
30,2025-10-20 06:58:36,2025-10-20 02:58:36,2025-10-20,"Significant"
30,2025-10-20 07:03:36,2025-10-20 03:03:36,2025-10-20,"Significant"
33,2025-10-20 07:08:36,2025-10-20 03:08:36,2025-10-20,"Significant"
36,2025-10-20 07:13:36,2025-10-20 03:13:36,2025-10-20,"Significant"
38,2025-10-20 07:18:36,2025-10-20 03:18:36,2025-10-20,"Significant"
36,2025-10-20 07:23:36,2025-10-20 03:23:36,2025-10-20,"Significant"
38,2025-10-20 07:28:36,2025-10-20 03:28:36,2025-10-20,"Significant"
35,2025-10-20 07:33:36,2025-10-20 03:33:36,2025-10-20,"Significant"
37,2025-10-20 07:38:36,2025-10-20 03:38:36,2025-10-20,"Significant"
38,2025-10-20 07:43:36,2025-10-20 03:43:36,2025-10-20,"Significant"
42,2025-10-20 07:48:36,2025-10-20 03:48:36,2025-10-20,"Significant"
47,2025-10-20 07:53:36,2025-10-20 03:53:36,2025-10-20,"Significant"
42,2025-10-20 07:58:36,2025-10-20 03:58:36,2025-10-20,"Significant"
44,2025-10-20 08:03:36,2025-10-20 04:03:36,2025-10-20,"Significant"
34,2025-10-20 08:08:36,2025-10-20 04:08:36,2025-10-20,"Significant"
36,2025-10-21 03:33:36,2025-10-20 23:33:36,2025-10-21,"Significant"
41,2025-10-21 03:38:36,2025-10-20 23:38:36,2025-10-21,"Significant"
31,2025-10-21 03:43:36,2025-10-20 23:43:36,2025-10-21,"Significant"
34,2025-10-21 03:48:36,2025-10-20 23:48:36,2025-10-21,"Significant"
43,2025-10-21 03:53:36,2025-10-20 23:53:36,2025-10-21,"Significant"
53,2025-10-21 03:58:36,2025-10-20 23:58:36,2025-10-21,"Significant"
41,2025-10-21 04:03:36,2025-10-21 00:03:36,2025-10-21,"Significant"
38,2025-10-21 04:08:36,2025-10-21 00:08:36,2025-10-21,"Significant"
41,2025-10-21 04:13:36,2025-10-21 00:13:36,2025-10-21,"Significant"
43,2025-10-21 04:18:36,2025-10-21 00:18:36,2025-10-21,"Significant"
41,2025-10-21 04:23:36,2025-10-21 00:23:36,2025-10-21,"Significant"
51,2025-10-21 04:28:36,2025-10-21 00:28:36,2025-10-21,"Significant"
45,2025-10-21 04:33:36,2025-10-21 00:33:36,2025-10-21,"Significant"
52,2025-10-21 04:38:36,2025-10-21 00:38:36,2025-10-21,"Significant"
48,2025-10-21 04:43:36,2025-10-21 00:43:36,2025-10-21,"Significant"
50,2025-10-21 04:48:36,2025-10-21 00:48:36,2025-10-21,"Significant"
54,2025-10-21 04:53:36,2025-10-21 00:53:36,2025-10-21,"Significant"
54,2025-10-21 04:58:36,2025-10-21 00:58:36,2025-10-21,"Significant"
46,2025-10-21 05:03:36,2025-10-21 01:03:36,2025-10-21,"Significant"
48,2025-10-21 05:08:36,2025-10-21 01:08:36,2025-10-21,"Significant"
53,2025-10-21 05:13:36,2025-10-21 01:13:36,2025-10-21,"Significant"
56,2025-10-21 05:18:36,2025-10-21 01:18:36,2025-10-21,"Significant"
39,2025-10-21 05:23:36,2025-10-21 01:23:36,2025-10-21,"Significant"
38,2025-10-21 05:28:36,2025-10-21 01:28:36,2025-10-21,"Significant"
33,2025-10-21 05:33:36,2025-10-21 01:33:36,2025-10-21,"Significant"
35,2025-10-21 05:38:36,2025-10-21 01:38:36,2025-10-21,"Significant"
38,2025-10-21 05:43:36,2025-10-21 01:43:36,2025-10-21,"Significant"
42,2025-10-21 05:48:36,2025-10-21 01:48:36,2025-10-21,"Significant"
42,2025-10-21 05:53:36,2025-10-21 01:53:36,2025-10-21,"Significant"
28,2025-10-21 05:58:36,2025-10-21 01:58:36,2025-10-21,"Significant"
27,2025-10-21 06:03:36,2025-10-21 02:03:36,2025-10-21,"Significant"
32,2025-10-21 06:08:36,2025-10-21 02:08:36,2025-10-21,"Significant"
30,2025-10-21 06:13:36,2025-10-21 02:13:36,2025-10-21,"Significant"
32,2025-10-21 06:18:36,2025-10-21 02:18:36,2025-10-21,"Significant"
31,2025-10-21 06:23:36,2025-10-21 02:23:36,2025-10-21,"Significant"
41,2025-10-21 06:28:36,2025-10-21 02:28:36,2025-10-21,"Significant"
45,2025-10-21 06:33:36,2025-10-21 02:33:36,2025-10-21,"Significant"
38,2025-10-21 06:38:36,2025-10-21 02:38:36,2025-10-21,"Significant"
47,2025-10-21 06:43:36,2025-10-21 02:43:36,2025-10-21,"Significant"
37,2025-10-21 06:48:36,2025-10-21 02:48:36,2025-10-21,"Significant"
39,2025-10-21 06:53:36,2025-10-21 02:53:36,2025-10-21,"Significant"
55,2025-10-21 06:58:36,2025-10-21 02:58:36,2025-10-21,"Significant"
46,2025-10-21 07:03:36,2025-10-21 03:03:36,2025-10-21,"Significant"
37,2025-10-21 07:08:36,2025-10-21 03:08:36,2025-10-21,"Significant"
39,2025-10-21 07:13:36,2025-10-21 03:13:36,2025-10-21,"Significant"
38,2025-10-21 07:18:36,2025-10-21 03:18:36,2025-10-21,"Significant"
42,2025-10-21 07:23:36,2025-10-21 03:23:36,2025-10-21,"Significant"
39,2025-10-21 07:28:36,2025-10-21 03:28:36,2025-10-21,"Significant"
32,2025-10-21 07:33:36,2025-10-21 03:33:36,2025-10-21,"Significant"
35,2025-10-21 07:38:36,2025-10-21 03:38:36,2025-10-21,"Significant"
44,2025-10-21 07:43:36,2025-10-21 03:43:36,2025-10-21,"Significant"
40,2025-10-21 07:48:36,2025-10-21 03:48:36,2025-10-21,"Significant"
37,2025-10-21 07:53:36,2025-10-21 03:53:36,2025-10-21,"Significant"
35,2025-10-21 07:58:36,2025-10-21 03:58:36,2025-10-21,"Significant"
37,2025-10-21 08:03:36,2025-10-21 04:03:36,2025-10-21,"Significant"
33,2025-10-21 08:08:36,2025-10-21 04:08:36,2025-10-21,"Significant"
32,2025-10-21 08:13:36,2025-10-21 04:13:36,2025-10-21,"Significant"
34,2025-10-21 08:18:36,2025-10-21 04:18:36,2025-10-21,"Significant"
34,2025-10-21 08:23:36,2025-10-21 04:23:36,2025-10-21,"Significant"
36,2025-10-21 08:28:36,2025-10-21 04:28:36,2025-10-21,"Significant"
36,2025-10-21 08:33:36,2025-10-21 04:33:36,2025-10-21,"Significant"
35,2025-10-21 08:38:36,2025-10-21 04:38:36,2025-10-21,"Significant"
32,2025-10-21 08:43:36,2025-10-21 04:43:36,2025-10-21,"Significant"
36,2025-10-21 08:48:36,2025-10-21 04:48:36,2025-10-21,"Significant"
29,2025-10-21 08:53:36,2025-10-21 04:53:36,2025-10-21,"Significant"
33,2025-10-21 08:58:36,2025-10-21 04:58:36,2025-10-21,"Significant"
30,2025-10-21 09:03:36,2025-10-21 05:03:36,2025-10-21,"Significant"
38,2025-10-21 09:08:36,2025-10-21 05:08:36,2025-10-21,"Significant"
21,2025-10-22 03:28:36,2025-10-21 23:28:36,2025-10-22,"Significant"
19,2025-10-22 03:33:36,2025-10-21 23:33:36,2025-10-22,"Significant"
20,2025-10-22 03:38:36,2025-10-21 23:38:36,2025-10-22,"Significant"
22,2025-10-22 03:43:36,2025-10-21 23:43:36,2025-10-22,"Significant"
19,2025-10-22 03:48:36,2025-10-21 23:48:36,2025-10-22,"Significant"
19,2025-10-22 03:53:36,2025-10-21 23:53:36,2025-10-22,"Significant"
18,2025-10-22 03:58:36,2025-10-21 23:58:36,2025-10-22,"Significant"
19,2025-10-22 04:03:36,2025-10-22 00:03:36,2025-10-22,"Significant"
17,2025-10-22 04:08:36,2025-10-22 00:08:36,2025-10-22,"Significant"
16,2025-10-22 04:13:36,2025-10-22 00:13:36,2025-10-22,"Significant"
16,2025-10-22 04:18:36,2025-10-22 00:18:36,2025-10-22,"Significant"
21,2025-10-22 04:23:36,2025-10-22 00:23:36,2025-10-22,"Significant"
20,2025-10-22 04:28:36,2025-10-22 00:28:36,2025-10-22,"Significant"
26,2025-10-22 04:33:36,2025-10-22 00:33:36,2025-10-22,"Significant"
29,2025-10-22 04:38:36,2025-10-22 00:38:36,2025-10-22,"Significant"
26,2025-10-22 04:43:36,2025-10-22 00:43:36,2025-10-22,"Significant"
32,2025-10-22 04:48:36,2025-10-22 00:48:36,2025-10-22,"Significant"
27,2025-10-22 04:53:36,2025-10-22 00:53:36,2025-10-22,"Significant"
33,2025-10-22 04:58:36,2025-10-22 00:58:36,2025-10-22,"Significant"
26,2025-10-22 05:03:36,2025-10-22 01:03:36,2025-10-22,"Significant"
24,2025-10-22 05:08:36,2025-10-22 01:08:36,2025-10-22,"Significant"
24,2025-10-22 05:13:36,2025-10-22 01:13:36,2025-10-22,"Significant"
23,2025-10-22 05:18:36,2025-10-22 01:18:36,2025-10-22,"Significant"
25,2025-10-22 05:23:36,2025-10-22 01:23:36,2025-10-22,"Significant"
23,2025-10-22 05:28:36,2025-10-22 01:28:36,2025-10-22,"Significant"
21,2025-10-22 05:33:36,2025-10-22 01:33:36,2025-10-22,"Significant"
25,2025-10-22 05:38:36,2025-10-22 01:38:36,2025-10-22,"Significant"
21,2025-10-22 05:43:36,2025-10-22 01:43:36,2025-10-22,"Significant"
23,2025-10-22 05:48:36,2025-10-22 01:48:36,2025-10-22,"Significant"
27,2025-10-22 05:53:36,2025-10-22 01:53:36,2025-10-22,"Significant"
25,2025-10-22 05:58:36,2025-10-22 01:58:36,2025-10-22,"Significant"
29,2025-10-22 06:03:36,2025-10-22 02:03:36,2025-10-22,"Significant"
32,2025-10-22 06:08:36,2025-10-22 02:08:36,2025-10-22,"Significant"
33,2025-10-22 06:13:36,2025-10-22 02:13:36,2025-10-22,"Significant"
36,2025-10-22 06:18:36,2025-10-22 02:18:36,2025-10-22,"Significant"
39,2025-10-22 06:23:36,2025-10-22 02:23:36,2025-10-22,"Significant"
32,2025-10-22 06:28:36,2025-10-22 02:28:36,2025-10-22,"Significant"
35,2025-10-22 06:33:36,2025-10-22 02:33:36,2025-10-22,"Significant"
38,2025-10-22 06:38:36,2025-10-22 02:38:36,2025-10-22,"Significant"
42,2025-10-22 06:43:36,2025-10-22 02:43:36,2025-10-22,"Significant"
38,2025-10-22 06:48:36,2025-10-22 02:48:36,2025-10-22,"Significant"
37,2025-10-22 06:53:36,2025-10-22 02:53:36,2025-10-22,"Significant"
26,2025-10-22 06:58:36,2025-10-22 02:58:36,2025-10-22,"Significant"
18,2025-10-22 07:03:36,2025-10-22 03:03:36,2025-10-22,"Significant"
17,2025-10-22 07:08:36,2025-10-22 03:08:36,2025-10-22,"Significant"
18,2025-10-22 07:13:36,2025-10-22 03:13:36,2025-10-22,"Significant"
17,2025-10-22 07:18:36,2025-10-22 03:18:36,2025-10-22,"Significant"
20,2025-10-22 07:23:36,2025-10-22 03:23:36,2025-10-22,"Significant"
19,2025-10-22 07:28:36,2025-10-22 03:28:36,2025-10-22,"Significant"
20,2025-10-22 07:33:36,2025-10-22 03:33:36,2025-10-22,"Significant"
20,2025-10-22 07:38:36,2025-10-22 03:38:36,2025-10-22,"Significant"
20,2025-10-22 07:43:36,2025-10-22 03:43:36,2025-10-22,"Significant"
23,2025-10-22 07:48:36,2025-10-22 03:48:36,2025-10-22,"Significant"
28,2025-10-22 07:53:36,2025-10-22 03:53:36,2025-10-22,"Significant"
27,2025-10-22 07:58:36,2025-10-22 03:58:36,2025-10-22,"Significant"
31,2025-10-22 08:03:36,2025-10-22 04:03:36,2025-10-22,"Significant"
29,2025-10-22 08:08:36,2025-10-22 04:08:36,2025-10-22,"Significant"
39,2025-10-22 08:13:36,2025-10-22 04:13:36,2025-10-22,"Significant"
42,2025-10-22 08:18:36,2025-10-22 04:18:36,2025-10-22,"Significant"
44,2025-10-22 08:23:36,2025-10-22 04:23:36,2025-10-22,"Significant"
27,2025-10-22 08:28:36,2025-10-22 04:28:36,2025-10-22,"Significant"
30,2025-10-22 08:33:36,2025-10-22 04:33:36,2025-10-22,"Significant"
26,2025-10-22 08:38:36,2025-10-22 04:38:36,2025-10-22,"Significant"
32,2025-10-22 08:43:36,2025-10-22 04:43:36,2025-10-22,"Significant"
27,2025-10-22 08:48:36,2025-10-22 04:48:36,2025-10-22,"Significant"
27,2025-10-22 08:53:36,2025-10-22 04:53:36,2025-10-22,"Significant"
24,2025-10-22 08:58:36,2025-10-22 04:58:36,2025-10-22,"Significant"
26,2025-10-22 09:03:36,2025-10-22 05:03:36,2025-10-22,"Significant"
33,2025-10-22 09:08:36,2025-10-22 05:08:36,2025-10-22,"Significant"
26,2025-10-22 09:13:36,2025-10-22 05:13:36,2025-10-22,"Significant"
27,2025-10-22 09:18:36,2025-10-22 05:18:36,2025-10-22,"Significant"
31,2025-10-22 09:23:36,2025-10-22 05:23:36,2025-10-22,"Significant"
29,2025-10-22 09:28:36,2025-10-22 05:28:36,2025-10-22,"Significant"
33,2025-10-22 09:33:36,2025-10-22 05:33:36,2025-10-22,"Significant"
37,2025-10-22 09:38:36,2025-10-22 05:38:36,2025-10-22,"Significant"
35,2025-10-22 09:43:36,2025-10-22 05:43:36,2025-10-22,"Significant"
28,2025-10-22 09:48:36,2025-10-22 05:48:36,2025-10-22,"Significant"
26,2025-10-22 09:53:36,2025-10-22 05:53:36,2025-10-22,"Significant"
25,2025-10-22 09:58:36,2025-10-22 05:58:36,2025-10-22,"Significant"
33,2025-10-22 10:03:36,2025-10-22 06:03:36,2025-10-22,"Significant"
40,2025-10-22 10:08:36,2025-10-22 06:08:36,2025-10-22,"Significant"
36,2025-10-22 10:13:36,2025-10-22 06:13:36,2025-10-22,"Significant"
35,2025-10-22 10:18:36,2025-10-22 06:18:36,2025-10-22,"Significant"
38,2025-10-22 10:23:36,2025-10-22 06:23:36,2025-10-22,"Significant"
40,2025-10-22 10:28:36,2025-10-22 06:28:36,2025-10-22,"Significant"
32,2025-10-22 10:33:36,2025-10-22 06:33:36,2025-10-22,"Significant"
32,2025-10-23 04:53:35,2025-10-23 00:53:35,2025-10-23,"Significant"
23,2025-10-23 04:58:35,2025-10-23 00:58:35,2025-10-23,"Significant"
25,2025-10-23 05:03:35,2025-10-23 01:03:35,2025-10-23,"Significant"
23,2025-10-23 05:08:35,2025-10-23 01:08:35,2025-10-23,"Significant"
26,2025-10-23 05:13:35,2025-10-23 01:13:35,2025-10-23,"Significant"
29,2025-10-23 05:18:35,2025-10-23 01:18:35,2025-10-23,"Significant"
28,2025-10-23 05:23:35,2025-10-23 01:23:35,2025-10-23,"Significant"
19,2025-10-23 05:28:35,2025-10-23 01:28:35,2025-10-23,"Significant"
21,2025-10-23 05:33:35,2025-10-23 01:33:35,2025-10-23,"Significant"
23,2025-10-23 05:38:35,2025-10-23 01:38:35,2025-10-23,"Significant"
29,2025-10-23 05:43:35,2025-10-23 01:43:35,2025-10-23,"Significant"
29,2025-10-23 05:48:35,2025-10-23 01:48:35,2025-10-23,"Significant"
39,2025-10-23 05:53:35,2025-10-23 01:53:35,2025-10-23,"Significant"
37,2025-10-23 05:58:35,2025-10-23 01:58:35,2025-10-23,"Significant"
37,2025-10-23 06:03:35,2025-10-23 02:03:35,2025-10-23,"Significant"
39,2025-10-23 06:08:35,2025-10-23 02:08:35,2025-10-23,"Significant"
38,2025-10-23 06:13:35,2025-10-23 02:13:35,2025-10-23,"Significant"
38,2025-10-23 06:18:35,2025-10-23 02:18:35,2025-10-23,"Significant"
42,2025-10-23 06:23:35,2025-10-23 02:23:35,2025-10-23,"Significant"
42,2025-10-23 06:28:35,2025-10-23 02:28:35,2025-10-23,"Significant"
38,2025-10-23 06:33:35,2025-10-23 02:33:35,2025-10-23,"Significant"
40,2025-10-23 06:38:35,2025-10-23 02:38:35,2025-10-23,"Significant"
37,2025-10-23 06:43:35,2025-10-23 02:43:35,2025-10-23,"Significant"
33,2025-10-23 06:48:35,2025-10-23 02:48:35,2025-10-23,"Significant"
33,2025-10-23 06:53:35,2025-10-23 02:53:35,2025-10-23,"Significant"
41,2025-10-23 06:58:35,2025-10-23 02:58:35,2025-10-23,"Significant"
40,2025-10-23 07:03:35,2025-10-23 03:03:35,2025-10-23,"Significant"
33,2025-10-23 07:08:35,2025-10-23 03:08:35,2025-10-23,"Significant"
33,2025-10-23 07:13:35,2025-10-23 03:13:35,2025-10-23,"Significant"
42,2025-10-23 07:18:35,2025-10-23 03:18:35,2025-10-23,"Significant"
41,2025-10-23 07:23:35,2025-10-23 03:23:35,2025-10-23,"Significant"
31,2025-10-23 07:28:35,2025-10-23 03:28:35,2025-10-23,"Significant"
33,2025-10-23 07:33:35,2025-10-23 03:33:35,2025-10-23,"Significant"
31,2025-10-23 07:38:35,2025-10-23 03:38:35,2025-10-23,"Significant"
32,2025-10-23 07:43:35,2025-10-23 03:43:35,2025-10-23,"Significant"
32,2025-10-23 07:48:35,2025-10-23 03:48:35,2025-10-23,"Significant"
30,2025-10-23 07:53:35,2025-10-23 03:53:35,2025-10-23,"Significant"
29,2025-10-23 07:58:35,2025-10-23 03:58:35,2025-10-23,"Significant"
41,2025-10-23 08:03:35,2025-10-23 04:03:35,2025-10-23,"Significant"
45,2025-10-23 08:08:35,2025-10-23 04:08:35,2025-10-23,"Significant"
39,2025-10-23 08:13:35,2025-10-23 04:13:35,2025-10-23,"Significant"
36,2025-10-23 08:18:35,2025-10-23 04:18:35,2025-10-23,"Significant"
36,2025-10-23 08:23:35,2025-10-23 04:23:35,2025-10-23,"Significant"
34,2025-10-23 08:28:35,2025-10-23 04:28:35,2025-10-23,"Significant"
27,2025-10-23 08:33:35,2025-10-23 04:33:35,2025-10-23,"Significant"
25,2025-10-23 08:38:35,2025-10-23 04:38:35,2025-10-23,"Significant"
24,2025-10-23 08:43:35,2025-10-23 04:43:35,2025-10-23,"Significant"
22,2025-10-23 08:48:35,2025-10-23 04:48:35,2025-10-23,"Significant"
42,2025-10-23 08:53:35,2025-10-23 04:53:35,2025-10-23,"Significant"
26,2025-10-23 08:58:35,2025-10-23 04:58:35,2025-10-23,"Significant"
25,2025-10-23 09:03:35,2025-10-23 05:03:35,2025-10-23,"Significant"
29,2025-10-23 09:08:35,2025-10-23 05:08:35,2025-10-23,"Significant"
32,2025-10-23 09:13:35,2025-10-23 05:13:35,2025-10-23,"Significant"
31,2025-10-23 09:18:35,2025-10-23 05:18:35,2025-10-23,"Significant"
28,2025-10-23 09:23:35,2025-10-23 05:23:35,2025-10-23,"Significant"
36,2025-10-23 09:28:35,2025-10-23 05:28:35,2025-10-23,"Significant"
41,2025-10-23 09:33:35,2025-10-23 05:33:35,2025-10-23,"Significant"
39,2025-10-23 09:38:35,2025-10-23 05:38:35,2025-10-23,"Significant"
36,2025-10-23 09:43:35,2025-10-23 05:43:35,2025-10-23,"Significant"
36,2025-10-23 09:48:35,2025-10-23 05:48:35,2025-10-23,"Significant"
40,2025-10-23 09:53:35,2025-10-23 05:53:35,2025-10-23,"Significant"
40,2025-10-23 09:58:35,2025-10-23 05:58:35,2025-10-23,"Significant"
35,2025-10-23 10:03:35,2025-10-23 06:03:35,2025-10-23,"Significant"
31,2025-10-23 10:08:35,2025-10-23 06:08:35,2025-10-23,"Significant"
32,2025-10-23 10:13:35,2025-10-23 06:13:35,2025-10-23,"Significant"
41,2025-10-23 10:18:35,2025-10-23 06:18:35,2025-10-23,"Significant"
37,2025-10-23 10:23:35,2025-10-23 06:23:35,2025-10-23,"Significant"
40,2025-10-23 10:28:35,2025-10-23 06:28:35,2025-10-23,"Significant"
37,2025-10-25 05:03:35,2025-10-25 01:03:35,2025-10-25,"Significant"
42,2025-10-25 05:08:35,2025-10-25 01:08:35,2025-10-25,"Significant"
38,2025-10-25 05:13:35,2025-10-25 01:13:35,2025-10-25,"Significant"
37,2025-10-25 05:18:35,2025-10-25 01:18:35,2025-10-25,"Significant"
46,2025-10-25 05:23:35,2025-10-25 01:23:35,2025-10-25,"Significant"
44,2025-10-25 05:28:35,2025-10-25 01:28:35,2025-10-25,"Significant"
38,2025-10-25 05:33:35,2025-10-25 01:33:35,2025-10-25,"Significant"
41,2025-10-25 05:38:35,2025-10-25 01:38:35,2025-10-25,"Significant"
45,2025-10-25 05:43:35,2025-10-25 01:43:35,2025-10-25,"Significant"
60,2025-10-25 05:48:35,2025-10-25 01:48:35,2025-10-25,"Significant"
69,2025-10-25 05:53:35,2025-10-25 01:53:35,2025-10-25,"Significant"
62,2025-10-25 05:58:35,2025-10-25 01:58:35,2025-10-25,"Significant"
56,2025-10-25 06:03:35,2025-10-25 02:03:35,2025-10-25,"Significant"
32,2025-10-25 06:08:35,2025-10-25 02:08:35,2025-10-25,"Significant"
40,2025-10-25 06:13:35,2025-10-25 02:13:35,2025-10-25,"Significant"
40,2025-10-25 06:18:35,2025-10-25 02:18:35,2025-10-25,"Significant"
31,2025-10-25 06:23:35,2025-10-25 02:23:35,2025-10-25,"Significant"
36,2025-10-25 06:28:35,2025-10-25 02:28:35,2025-10-25,"Significant"
43,2025-10-25 06:33:35,2025-10-25 02:33:35,2025-10-25,"Significant"
34,2025-10-25 06:38:35,2025-10-25 02:38:35,2025-10-25,"Significant"
25,2025-10-25 06:43:35,2025-10-25 02:43:35,2025-10-25,"Significant"
19,2025-10-25 06:48:35,2025-10-25 02:48:35,2025-10-25,"Significant"
19,2025-10-25 06:53:35,2025-10-25 02:53:35,2025-10-25,"Significant"
20,2025-10-25 06:58:35,2025-10-25 02:58:35,2025-10-25,"Significant"
25,2025-10-25 07:03:35,2025-10-25 03:03:35,2025-10-25,"Significant"
21,2025-10-25 07:08:35,2025-10-25 03:08:35,2025-10-25,"Significant"
19,2025-10-25 07:13:35,2025-10-25 03:13:35,2025-10-25,"Significant"
19,2025-10-25 07:18:35,2025-10-25 03:18:35,2025-10-25,"Significant"
19,2025-10-25 07:23:35,2025-10-25 03:23:35,2025-10-25,"Significant"
19,2025-10-25 07:28:35,2025-10-25 03:28:35,2025-10-25,"Significant"
21,2025-10-25 07:33:35,2025-10-25 03:33:35,2025-10-25,"Significant"
21,2025-10-25 07:38:35,2025-10-25 03:38:35,2025-10-25,"Significant"
21,2025-10-25 07:43:35,2025-10-25 03:43:35,2025-10-25,"Significant"
30,2025-10-25 07:48:35,2025-10-25 03:48:35,2025-10-25,"Significant"
32,2025-10-25 07:53:35,2025-10-25 03:53:35,2025-10-25,"Significant"
21,2025-10-25 07:58:35,2025-10-25 03:58:35,2025-10-25,"Significant"
31,2025-10-25 08:03:35,2025-10-25 04:03:35,2025-10-25,"Significant"
35,2025-10-25 08:08:35,2025-10-25 04:08:35,2025-10-25,"Significant"
25,2025-10-25 08:13:35,2025-10-25 04:13:35,2025-10-25,"Significant"
23,2025-10-25 08:18:35,2025-10-25 04:18:35,2025-10-25,"Significant"
23,2025-10-25 08:23:35,2025-10-25 04:23:35,2025-10-25,"Significant"
19,2025-10-25 08:28:35,2025-10-25 04:28:35,2025-10-25,"Significant"
20,2025-10-25 08:33:35,2025-10-25 04:33:35,2025-10-25,"Significant"
18,2025-10-25 08:38:35,2025-10-25 04:38:35,2025-10-25,"Significant"
17,2025-10-25 08:43:35,2025-10-25 04:43:35,2025-10-25,"Significant"
15,2025-10-25 08:48:35,2025-10-25 04:48:35,2025-10-25,"Significant"
19,2025-10-25 08:53:35,2025-10-25 04:53:35,2025-10-25,"Significant"
17,2025-10-25 08:58:35,2025-10-25 04:58:35,2025-10-25,"Significant"
17,2025-10-25 09:03:35,2025-10-25 05:03:35,2025-10-25,"Significant"
16,2025-10-25 09:08:35,2025-10-25 05:08:35,2025-10-25,"Significant"
18,2025-10-25 09:13:35,2025-10-25 05:13:35,2025-10-25,"Significant"
24,2025-10-25 09:18:35,2025-10-25 05:18:35,2025-10-25,"Significant"
40,2025-10-25 09:23:35,2025-10-25 05:23:35,2025-10-25,"Significant"
33,2025-10-25 09:28:35,2025-10-25 05:28:35,2025-10-25,"Significant"
18,2025-10-25 09:33:35,2025-10-25 05:33:35,2025-10-25,"Significant"
18,2025-10-25 09:38:35,2025-10-25 05:38:35,2025-10-25,"Significant"
19,2025-10-25 09:43:35,2025-10-25 05:43:35,2025-10-25,"Significant"
22,2025-10-25 09:48:35,2025-10-25 05:48:35,2025-10-25,"Significant"
19,2025-10-25 09:53:35,2025-10-25 05:53:35,2025-10-25,"Significant"
26,2025-10-25 09:58:35,2025-10-25 05:58:35,2025-10-25,"Significant"
24,2025-10-25 10:03:35,2025-10-25 06:03:35,2025-10-25,"Significant"
21,2025-10-25 10:08:35,2025-10-25 06:08:35,2025-10-25,"Significant"
20,2025-10-25 10:13:35,2025-10-25 06:13:35,2025-10-25,"Significant"
27,2025-10-25 10:18:35,2025-10-25 06:18:35,2025-10-25,"Significant"
21,2025-10-25 10:23:35,2025-10-25 06:23:35,2025-10-25,"Significant"
23,2025-10-25 10:28:35,2025-10-25 06:28:35,2025-10-25,"Significant"
27,2025-10-25 10:33:35,2025-10-25 06:33:35,2025-10-25,"Significant"
25,2025-10-25 10:38:35,2025-10-25 06:38:35,2025-10-25,"Significant"
36,2025-10-25 10:43:35,2025-10-25 06:43:35,2025-10-25,"Significant"
38,2025-10-25 10:48:35,2025-10-25 06:48:35,2025-10-25,"Significant"
34,2025-10-25 10:53:35,2025-10-25 06:53:35,2025-10-25,"Significant"
27,2025-10-25 10:58:35,2025-10-25 06:58:35,2025-10-25,"Significant"
23,2025-10-25 11:03:35,2025-10-25 07:03:35,2025-10-25,"Significant"
33,2025-10-25 11:08:35,2025-10-25 07:08:35,2025-10-25,"Significant"
36,2025-10-25 11:13:35,2025-10-25 07:13:35,2025-10-25,"Significant"
32,2025-10-25 11:18:35,2025-10-25 07:18:35,2025-10-25,"Significant"
32,2025-10-25 11:23:35,2025-10-25 07:23:35,2025-10-25,"Significant"
32,2025-10-25 11:28:35,2025-10-25 07:28:35,2025-10-25,"Significant"
27,2025-10-25 11:33:35,2025-10-25 07:33:35,2025-10-25,"Significant"
33,2025-10-25 11:38:35,2025-10-25 07:38:35,2025-10-25,"Significant"
33,2025-10-25 11:43:35,2025-10-25 07:43:35,2025-10-25,"Significant"
40,2025-10-25 11:48:35,2025-10-25 07:48:35,2025-10-25,"Significant"
36,2025-10-25 11:53:35,2025-10-25 07:53:35,2025-10-25,"Significant"
18,2025-10-25 11:58:35,2025-10-25 07:58:35,2025-10-25,"Significant"
17,2025-10-25 12:03:35,2025-10-25 08:03:35,2025-10-25,"Significant"
19,2025-10-25 12:08:35,2025-10-25 08:08:35,2025-10-25,"Significant"
49,2025-10-26 04:33:35,2025-10-26 00:33:35,2025-10-26,"Significant"
42,2025-10-26 04:38:35,2025-10-26 00:38:35,2025-10-26,"Significant"
38,2025-10-26 04:43:35,2025-10-26 00:43:35,2025-10-26,"Significant"
42,2025-10-26 04:48:35,2025-10-26 00:48:35,2025-10-26,"Significant"
49,2025-10-26 04:53:35,2025-10-26 00:53:35,2025-10-26,"Significant"
47,2025-10-26 04:58:35,2025-10-26 00:58:35,2025-10-26,"Significant"
49,2025-10-26 05:03:35,2025-10-26 01:03:35,2025-10-26,"Significant"
51,2025-10-26 05:08:35,2025-10-26 01:08:35,2025-10-26,"Significant"
49,2025-10-26 05:13:35,2025-10-26 01:13:35,2025-10-26,"Significant"
48,2025-10-26 05:18:35,2025-10-26 01:18:35,2025-10-26,"Significant"
51,2025-10-26 05:23:35,2025-10-26 01:23:35,2025-10-26,"Significant"
52,2025-10-26 05:28:35,2025-10-26 01:28:35,2025-10-26,"Significant"
51,2025-10-26 05:33:35,2025-10-26 01:33:35,2025-10-26,"Significant"
38,2025-10-26 05:38:35,2025-10-26 01:38:35,2025-10-26,"Significant"
33,2025-10-26 05:43:35,2025-10-26 01:43:35,2025-10-26,"Significant"
24,2025-10-26 05:48:35,2025-10-26 01:48:35,2025-10-26,"Significant"
33,2025-10-26 05:53:35,2025-10-26 01:53:35,2025-10-26,"Significant"
40,2025-10-26 05:58:35,2025-10-26 01:58:35,2025-10-26,"Significant"
32,2025-10-26 06:03:35,2025-10-26 02:03:35,2025-10-26,"Significant"
26,2025-10-26 06:08:35,2025-10-26 02:08:35,2025-10-26,"Significant"
61,2025-10-26 06:13:35,2025-10-26 02:13:35,2025-10-26,"Significant"
50,2025-10-26 06:18:35,2025-10-26 02:18:35,2025-10-26,"Significant"
33,2025-10-26 06:23:35,2025-10-26 02:23:35,2025-10-26,"Significant"
33,2025-10-26 06:28:35,2025-10-26 02:28:35,2025-10-26,"Significant"
32,2025-10-26 06:33:35,2025-10-26 02:33:35,2025-10-26,"Significant"
33,2025-10-26 06:38:35,2025-10-26 02:38:35,2025-10-26,"Significant"
31,2025-10-26 06:43:35,2025-10-26 02:43:35,2025-10-26,"Significant"
40,2025-10-26 06:48:35,2025-10-26 02:48:35,2025-10-26,"Significant"
38,2025-10-26 06:53:35,2025-10-26 02:53:35,2025-10-26,"Significant"
34,2025-10-26 06:58:35,2025-10-26 02:58:35,2025-10-26,"Significant"
35,2025-10-26 07:03:35,2025-10-26 03:03:35,2025-10-26,"Significant"
36,2025-10-26 07:08:35,2025-10-26 03:08:35,2025-10-26,"Significant"
33,2025-10-26 07:13:35,2025-10-26 03:13:35,2025-10-26,"Significant"
36,2025-10-26 07:18:35,2025-10-26 03:18:35,2025-10-26,"Significant"
28,2025-10-26 07:23:35,2025-10-26 03:23:35,2025-10-26,"Significant"
29,2025-10-26 07:28:35,2025-10-26 03:28:35,2025-10-26,"Significant"
35,2025-10-26 07:33:35,2025-10-26 03:33:35,2025-10-26,"Significant"
34,2025-10-26 07:38:35,2025-10-26 03:38:35,2025-10-26,"Significant"
41,2025-10-26 07:43:35,2025-10-26 03:43:35,2025-10-26,"Significant"
30,2025-10-26 07:48:35,2025-10-26 03:48:35,2025-10-26,"Significant"
29,2025-10-26 07:53:35,2025-10-26 03:53:35,2025-10-26,"Significant"
38,2025-10-26 07:58:35,2025-10-26 03:58:35,2025-10-26,"Significant"
35,2025-10-26 08:03:35,2025-10-26 04:03:35,2025-10-26,"Significant"
29,2025-10-26 08:08:35,2025-10-26 04:08:35,2025-10-26,"Significant"
33,2025-10-26 08:13:35,2025-10-26 04:13:35,2025-10-26,"Significant"
33,2025-10-26 08:18:35,2025-10-26 04:18:35,2025-10-26,"Significant"
34,2025-10-26 08:23:35,2025-10-26 04:23:35,2025-10-26,"Significant"
28,2025-10-26 08:28:35,2025-10-26 04:28:35,2025-10-26,"Significant"
27,2025-10-26 08:33:35,2025-10-26 04:33:35,2025-10-26,"Significant"
25,2025-10-26 08:38:35,2025-10-26 04:38:35,2025-10-26,"Significant"
32,2025-10-26 08:43:35,2025-10-26 04:43:35,2025-10-26,"Significant"
27,2025-10-26 08:48:35,2025-10-26 04:48:35,2025-10-26,"Significant"
32,2025-10-26 08:53:35,2025-10-26 04:53:35,2025-10-26,"Significant"
35,2025-10-26 08:58:35,2025-10-26 04:58:35,2025-10-26,"Significant"
27,2025-10-26 09:03:35,2025-10-26 05:03:35,2025-10-26,"Significant"
26,2025-10-26 09:08:35,2025-10-26 05:08:35,2025-10-26,"Significant"
22,2025-10-26 09:13:35,2025-10-26 05:13:35,2025-10-26,"Significant"
21,2025-10-26 09:18:35,2025-10-26 05:18:35,2025-10-26,"Significant"
22,2025-10-26 09:23:35,2025-10-26 05:23:35,2025-10-26,"Significant"
28,2025-10-26 09:28:35,2025-10-26 05:28:35,2025-10-26,"Significant"
30,2025-10-26 09:33:35,2025-10-26 05:33:35,2025-10-26,"Significant"
24,2025-10-26 09:38:35,2025-10-26 05:38:35,2025-10-26,"Significant"
19,2025-10-26 09:43:35,2025-10-26 05:43:35,2025-10-26,"Significant"
21,2025-10-26 09:48:35,2025-10-26 05:48:35,2025-10-26,"Significant"
26,2025-10-26 09:53:35,2025-10-26 05:53:35,2025-10-26,"Significant"
29,2025-10-26 09:58:35,2025-10-26 05:58:35,2025-10-26,"Significant"
21,2025-10-26 10:03:35,2025-10-26 06:03:35,2025-10-26,"Significant"
47,2025-10-27 02:23:35,2025-10-26 22:23:35,2025-10-27,"Significant"
62,2025-10-27 02:28:35,2025-10-26 22:28:35,2025-10-27,"Significant"
74,2025-10-27 02:33:35,2025-10-26 22:33:35,2025-10-27,"Significant"
45,2025-10-27 02:38:35,2025-10-26 22:38:35,2025-10-27,"Significant"
37,2025-10-27 02:43:35,2025-10-26 22:43:35,2025-10-27,"Significant"
38,2025-10-27 02:48:35,2025-10-26 22:48:35,2025-10-27,"Significant"
30,2025-10-27 02:53:35,2025-10-26 22:53:35,2025-10-27,"Significant"
30,2025-10-27 02:58:35,2025-10-26 22:58:35,2025-10-27,"Significant"
40,2025-10-27 03:03:35,2025-10-26 23:03:35,2025-10-27,"Significant"
26,2025-10-27 03:08:35,2025-10-26 23:08:35,2025-10-27,"Significant"
27,2025-10-27 03:13:35,2025-10-26 23:13:35,2025-10-27,"Significant"
30,2025-10-27 03:18:35,2025-10-26 23:18:35,2025-10-27,"Significant"
44,2025-10-27 03:23:35,2025-10-26 23:23:35,2025-10-27,"Significant"
46,2025-10-27 03:28:35,2025-10-26 23:28:35,2025-10-27,"Significant"
43,2025-10-27 03:33:35,2025-10-26 23:33:35,2025-10-27,"Significant"
37,2025-10-27 03:38:35,2025-10-26 23:38:35,2025-10-27,"Significant"
32,2025-10-27 03:43:35,2025-10-26 23:43:35,2025-10-27,"Significant"
26,2025-10-27 03:48:35,2025-10-26 23:48:35,2025-10-27,"Significant"
27,2025-10-27 03:53:35,2025-10-26 23:53:35,2025-10-27,"Significant"
28,2025-10-27 03:58:35,2025-10-26 23:58:35,2025-10-27,"Significant"
37,2025-10-27 04:03:35,2025-10-27 00:03:35,2025-10-27,"Significant"
42,2025-10-27 04:08:35,2025-10-27 00:08:35,2025-10-27,"Significant"
34,2025-10-27 04:13:35,2025-10-27 00:13:35,2025-10-27,"Significant"
51,2025-10-27 04:18:35,2025-10-27 00:18:35,2025-10-27,"Significant"
40,2025-10-27 04:23:35,2025-10-27 00:23:35,2025-10-27,"Significant"
46,2025-10-27 04:28:35,2025-10-27 00:28:35,2025-10-27,"Significant"
41,2025-10-27 04:33:35,2025-10-27 00:33:35,2025-10-27,"Significant"
40,2025-10-27 04:38:35,2025-10-27 00:38:35,2025-10-27,"Significant"
40,2025-10-27 04:43:35,2025-10-27 00:43:35,2025-10-27,"Significant"
33,2025-10-27 04:48:35,2025-10-27 00:48:35,2025-10-27,"Significant"
30,2025-10-27 04:53:35,2025-10-27 00:53:35,2025-10-27,"Significant"
30,2025-10-27 04:58:35,2025-10-27 00:58:35,2025-10-27,"Significant"
30,2025-10-27 05:03:35,2025-10-27 01:03:35,2025-10-27,"Significant"
31,2025-10-27 05:08:35,2025-10-27 01:08:35,2025-10-27,"Significant"
29,2025-10-27 05:13:35,2025-10-27 01:13:35,2025-10-27,"Significant"
29,2025-10-27 05:18:35,2025-10-27 01:18:35,2025-10-27,"Significant"
28,2025-10-27 05:23:35,2025-10-27 01:23:35,2025-10-27,"Significant"
30,2025-10-27 05:28:35,2025-10-27 01:28:35,2025-10-27,"Significant"
32,2025-10-27 05:33:35,2025-10-27 01:33:35,2025-10-27,"Significant"
34,2025-10-27 05:38:35,2025-10-27 01:38:35,2025-10-27,"Significant"
36,2025-10-27 05:43:35,2025-10-27 01:43:35,2025-10-27,"Significant"
26,2025-10-27 05:48:35,2025-10-27 01:48:35,2025-10-27,"Significant"
22,2025-10-27 05:53:35,2025-10-27 01:53:35,2025-10-27,"Significant"
26,2025-10-27 05:58:35,2025-10-27 01:58:35,2025-10-27,"Significant"
27,2025-10-27 06:03:35,2025-10-27 02:03:35,2025-10-27,"Significant"
17,2025-10-27 06:08:35,2025-10-27 02:08:35,2025-10-27,"Significant"
17,2025-10-27 06:13:35,2025-10-27 02:13:35,2025-10-27,"Significant"
15,2025-10-27 06:18:35,2025-10-27 02:18:35,2025-10-27,"Significant"
18,2025-10-27 06:23:35,2025-10-27 02:23:35,2025-10-27,"Significant"
20,2025-10-27 06:28:35,2025-10-27 02:28:35,2025-10-27,"Significant"
24,2025-10-27 06:33:35,2025-10-27 02:33:35,2025-10-27,"Significant"
18,2025-10-27 06:38:35,2025-10-27 02:38:35,2025-10-27,"Significant"
25,2025-10-27 06:43:35,2025-10-27 02:43:35,2025-10-27,"Significant"
23,2025-10-27 06:48:35,2025-10-27 02:48:35,2025-10-27,"Significant"
17,2025-10-27 06:53:35,2025-10-27 02:53:35,2025-10-27,"Significant"
17,2025-10-27 06:58:35,2025-10-27 02:58:35,2025-10-27,"Significant"
16,2025-10-27 07:03:35,2025-10-27 03:03:35,2025-10-27,"Significant"
13,2025-10-27 07:08:35,2025-10-27 03:08:35,2025-10-27,"Significant"
14,2025-10-27 07:13:35,2025-10-27 03:13:35,2025-10-27,"Significant"
15,2025-10-27 07:18:35,2025-10-27 03:18:35,2025-10-27,"Significant"
19,2025-10-27 07:23:35,2025-10-27 03:23:35,2025-10-27,"Significant"
15,2025-10-27 07:28:35,2025-10-27 03:28:35,2025-10-27,"Significant"
14,2025-10-27 07:33:35,2025-10-27 03:33:35,2025-10-27,"Significant"
13,2025-10-27 07:38:35,2025-10-27 03:38:35,2025-10-27,"Significant"
15,2025-10-27 07:43:35,2025-10-27 03:43:35,2025-10-27,"Significant"
21,2025-10-27 07:48:35,2025-10-27 03:48:35,2025-10-27,"Significant"
18,2025-10-27 07:53:35,2025-10-27 03:53:35,2025-10-27,"Significant"
19,2025-10-27 07:58:35,2025-10-27 03:58:35,2025-10-27,"Significant"
23,2025-10-27 08:03:35,2025-10-27 04:03:35,2025-10-27,"Significant"
20,2025-10-27 08:08:35,2025-10-27 04:08:35,2025-10-27,"Significant"
22,2025-10-27 23:43:35,2025-10-27 19:43:35,2025-10-28,"Significant"
20,2025-10-27 23:48:35,2025-10-27 19:48:35,2025-10-28,"Significant"
20,2025-10-27 23:53:35,2025-10-27 19:53:35,2025-10-28,"Significant"
19,2025-10-27 23:58:35,2025-10-27 19:58:35,2025-10-28,"Significant"
22,2025-10-28 00:03:35,2025-10-27 20:03:35,2025-10-28,"Significant"
22,2025-10-28 00:08:35,2025-10-27 20:08:35,2025-10-28,"Significant"
20,2025-10-28 00:13:35,2025-10-27 20:13:35,2025-10-28,"Significant"
25,2025-10-28 00:18:35,2025-10-27 20:18:35,2025-10-28,"Significant"
25,2025-10-28 00:23:35,2025-10-27 20:23:35,2025-10-28,"Significant"
21,2025-10-28 00:28:35,2025-10-27 20:28:35,2025-10-28,"Significant"
20,2025-10-28 00:33:35,2025-10-27 20:33:35,2025-10-28,"Significant"
23,2025-10-28 00:38:35,2025-10-27 20:38:35,2025-10-28,"Significant"
25,2025-10-28 00:43:35,2025-10-27 20:43:35,2025-10-28,"Significant"
23,2025-10-28 00:48:35,2025-10-27 20:48:35,2025-10-28,"Significant"
25,2025-10-28 00:53:35,2025-10-27 20:53:35,2025-10-28,"Significant"
24,2025-10-28 00:58:35,2025-10-27 20:58:35,2025-10-28,"Significant"
28,2025-10-28 01:03:35,2025-10-27 21:03:35,2025-10-28,"Significant"
24,2025-10-28 01:08:35,2025-10-27 21:08:35,2025-10-28,"Significant"
38,2025-10-28 01:13:35,2025-10-27 21:13:35,2025-10-28,"Significant"
24,2025-10-28 01:18:35,2025-10-27 21:18:35,2025-10-28,"Significant"
29,2025-10-28 01:23:35,2025-10-27 21:23:35,2025-10-28,"Significant"
29,2025-10-28 01:28:35,2025-10-27 21:28:35,2025-10-28,"Significant"
27,2025-10-28 01:33:35,2025-10-27 21:33:35,2025-10-28,"Significant"
20,2025-10-28 01:38:35,2025-10-27 21:38:35,2025-10-28,"Significant"
15,2025-10-28 01:43:35,2025-10-27 21:43:35,2025-10-28,"Significant"
22,2025-10-28 01:48:35,2025-10-27 21:48:35,2025-10-28,"Significant"
21,2025-10-28 01:53:35,2025-10-27 21:53:35,2025-10-28,"Significant"
17,2025-10-28 01:58:35,2025-10-27 21:58:35,2025-10-28,"Significant"
26,2025-10-28 02:03:35,2025-10-27 22:03:35,2025-10-28,"Significant"
36,2025-10-28 02:08:35,2025-10-27 22:08:35,2025-10-28,"Significant"
27,2025-10-28 02:13:35,2025-10-27 22:13:35,2025-10-28,"Significant"
28,2025-10-28 02:18:35,2025-10-27 22:18:35,2025-10-28,"Significant"
28,2025-10-28 02:23:35,2025-10-27 22:23:35,2025-10-28,"Significant"
24,2025-10-28 02:28:35,2025-10-27 22:28:35,2025-10-28,"Significant"
28,2025-10-28 02:33:35,2025-10-27 22:33:35,2025-10-28,"Significant"
30,2025-10-28 02:38:35,2025-10-27 22:38:35,2025-10-28,"Significant"
33,2025-10-28 02:43:35,2025-10-27 22:43:35,2025-10-28,"Significant"
35,2025-10-28 02:48:35,2025-10-27 22:48:35,2025-10-28,"Significant"
34,2025-10-28 02:53:35,2025-10-27 22:53:35,2025-10-28,"Significant"
34,2025-10-28 02:58:35,2025-10-27 22:58:35,2025-10-28,"Significant"
29,2025-10-28 03:03:35,2025-10-27 23:03:35,2025-10-28,"Significant"
33,2025-10-28 03:08:35,2025-10-27 23:08:35,2025-10-28,"Significant"
34,2025-10-28 03:13:35,2025-10-27 23:13:35,2025-10-28,"Significant"
34,2025-10-28 03:18:35,2025-10-27 23:18:35,2025-10-28,"Significant"
32,2025-10-28 03:23:35,2025-10-27 23:23:35,2025-10-28,"Significant"
38,2025-10-28 03:28:35,2025-10-27 23:28:35,2025-10-28,"Significant"
47,2025-10-28 03:33:35,2025-10-27 23:33:35,2025-10-28,"Significant"
40,2025-10-28 03:38:35,2025-10-27 23:38:35,2025-10-28,"Significant"
38,2025-10-28 03:43:35,2025-10-27 23:43:35,2025-10-28,"Significant"
32,2025-10-28 03:48:35,2025-10-27 23:48:35,2025-10-28,"Significant"
33,2025-10-28 03:53:35,2025-10-27 23:53:35,2025-10-28,"Significant"
32,2025-10-28 03:58:35,2025-10-27 23:58:35,2025-10-28,"Significant"
34,2025-10-28 04:03:35,2025-10-28 00:03:35,2025-10-28,"Significant"
31,2025-10-28 04:08:35,2025-10-28 00:08:35,2025-10-28,"Significant"
34,2025-10-28 04:13:35,2025-10-28 00:13:35,2025-10-28,"Significant"
33,2025-10-28 04:18:35,2025-10-28 00:18:35,2025-10-28,"Significant"
24,2025-10-28 04:23:35,2025-10-28 00:23:35,2025-10-28,"Significant"
24,2025-10-28 04:28:35,2025-10-28 00:28:35,2025-10-28,"Significant"
23,2025-10-28 04:33:35,2025-10-28 00:33:35,2025-10-28,"Significant"
25,2025-10-28 04:38:35,2025-10-28 00:38:35,2025-10-28,"Significant"
21,2025-10-28 04:43:35,2025-10-28 00:43:35,2025-10-28,"Significant"
27,2025-10-28 04:48:35,2025-10-28 00:48:35,2025-10-28,"Significant"
24,2025-10-28 04:53:35,2025-10-28 00:53:35,2025-10-28,"Significant"
23,2025-10-28 04:58:35,2025-10-28 00:58:35,2025-10-28,"Significant"
22,2025-10-28 05:03:35,2025-10-28 01:03:35,2025-10-28,"Significant"
18,2025-10-28 05:08:35,2025-10-28 01:08:35,2025-10-28,"Significant"
17,2025-10-28 05:13:35,2025-10-28 01:13:35,2025-10-28,"Significant"
18,2025-10-28 05:18:35,2025-10-28 01:18:35,2025-10-28,"Significant"
19,2025-10-28 05:23:35,2025-10-28 01:23:35,2025-10-28,"Significant"
21,2025-10-28 05:28:35,2025-10-28 01:28:35,2025-10-28,"Significant"
22,2025-10-28 05:33:35,2025-10-28 01:33:35,2025-10-28,"Significant"
19,2025-10-28 05:38:35,2025-10-28 01:38:35,2025-10-28,"Significant"
18,2025-10-28 05:43:35,2025-10-28 01:43:35,2025-10-28,"Significant"
26,2025-10-28 05:48:35,2025-10-28 01:48:35,2025-10-28,"Significant"
21,2025-10-28 05:53:35,2025-10-28 01:53:35,2025-10-28,"Significant"
26,2025-10-28 05:58:35,2025-10-28 01:58:35,2025-10-28,"Significant"
28,2025-10-28 06:03:35,2025-10-28 02:03:35,2025-10-28,"Significant"
25,2025-10-28 06:08:35,2025-10-28 02:08:35,2025-10-28,"Significant"
35,2025-10-28 06:13:35,2025-10-28 02:13:35,2025-10-28,"Significant"
25,2025-10-28 06:18:35,2025-10-28 02:18:35,2025-10-28,"Significant"
23,2025-10-28 06:23:35,2025-10-28 02:23:35,2025-10-28,"Significant"
22,2025-10-29 03:08:35,2025-10-28 23:08:35,2025-10-29,"Significant"
17,2025-10-29 03:13:35,2025-10-28 23:13:35,2025-10-29,"Significant"
18,2025-10-29 03:18:35,2025-10-28 23:18:35,2025-10-29,"Significant"
21,2025-10-29 03:23:35,2025-10-28 23:23:35,2025-10-29,"Significant"
19,2025-10-29 03:28:35,2025-10-28 23:28:35,2025-10-29,"Significant"
20,2025-10-29 03:33:35,2025-10-28 23:33:35,2025-10-29,"Significant"
21,2025-10-29 03:38:35,2025-10-28 23:38:35,2025-10-29,"Significant"
20,2025-10-29 03:43:35,2025-10-28 23:43:35,2025-10-29,"Significant"
22,2025-10-29 03:48:35,2025-10-28 23:48:35,2025-10-29,"Significant"
20,2025-10-29 03:53:35,2025-10-28 23:53:35,2025-10-29,"Significant"
19,2025-10-29 03:58:35,2025-10-28 23:58:35,2025-10-29,"Significant"
17,2025-10-29 04:03:35,2025-10-29 00:03:35,2025-10-29,"Significant"
22,2025-10-29 04:08:35,2025-10-29 00:08:35,2025-10-29,"Significant"
16,2025-10-29 04:13:35,2025-10-29 00:13:35,2025-10-29,"Significant"
16,2025-10-29 04:18:35,2025-10-29 00:18:35,2025-10-29,"Significant"
16,2025-10-29 04:23:35,2025-10-29 00:23:35,2025-10-29,"Significant"
15,2025-10-29 04:28:35,2025-10-29 00:28:35,2025-10-29,"Significant"
17,2025-10-29 04:33:35,2025-10-29 00:33:35,2025-10-29,"Significant"
18,2025-10-29 04:38:35,2025-10-29 00:38:35,2025-10-29,"Significant"
18,2025-10-29 04:43:35,2025-10-29 00:43:35,2025-10-29,"Significant"
19,2025-10-29 04:48:35,2025-10-29 00:48:35,2025-10-29,"Significant"
23,2025-10-29 04:53:35,2025-10-29 00:53:35,2025-10-29,"Significant"
19,2025-10-29 04:58:35,2025-10-29 00:58:35,2025-10-29,"Significant"
18,2025-10-29 05:03:35,2025-10-29 01:03:35,2025-10-29,"Significant"
20,2025-10-29 05:08:35,2025-10-29 01:08:35,2025-10-29,"Significant"
22,2025-10-29 05:13:35,2025-10-29 01:13:35,2025-10-29,"Significant"
26,2025-10-29 05:18:35,2025-10-29 01:18:35,2025-10-29,"Significant"
30,2025-10-29 05:23:35,2025-10-29 01:23:35,2025-10-29,"Significant"
29,2025-10-29 05:28:35,2025-10-29 01:28:35,2025-10-29,"Significant"
34,2025-10-29 05:33:35,2025-10-29 01:33:35,2025-10-29,"Significant"
32,2025-10-29 05:38:35,2025-10-29 01:38:35,2025-10-29,"Significant"
34,2025-10-29 05:43:35,2025-10-29 01:43:35,2025-10-29,"Significant"
42,2025-10-29 05:48:35,2025-10-29 01:48:35,2025-10-29,"Significant"
41,2025-10-29 05:53:35,2025-10-29 01:53:35,2025-10-29,"Significant"
42,2025-10-29 05:58:35,2025-10-29 01:58:35,2025-10-29,"Significant"
41,2025-10-29 06:03:35,2025-10-29 02:03:35,2025-10-29,"Significant"
49,2025-10-29 06:08:35,2025-10-29 02:08:35,2025-10-29,"Significant"
45,2025-10-29 06:13:35,2025-10-29 02:13:35,2025-10-29,"Significant"
40,2025-10-29 06:18:35,2025-10-29 02:18:35,2025-10-29,"Significant"
45,2025-10-29 06:23:35,2025-10-29 02:23:35,2025-10-29,"Significant"
55,2025-10-29 06:28:35,2025-10-29 02:28:35,2025-10-29,"Significant"
49,2025-10-29 06:33:35,2025-10-29 02:33:35,2025-10-29,"Significant"
46,2025-10-29 06:38:35,2025-10-29 02:38:35,2025-10-29,"Significant"
31,2025-10-29 06:43:35,2025-10-29 02:43:35,2025-10-29,"Significant"
27,2025-10-29 06:48:35,2025-10-29 02:48:35,2025-10-29,"Significant"
25,2025-10-29 06:53:35,2025-10-29 02:53:35,2025-10-29,"Significant"
26,2025-10-29 06:58:35,2025-10-29 02:58:35,2025-10-29,"Significant"
31,2025-10-29 07:03:35,2025-10-29 03:03:35,2025-10-29,"Significant"
27,2025-10-29 07:08:35,2025-10-29 03:08:35,2025-10-29,"Significant"
26,2025-10-29 07:13:35,2025-10-29 03:13:35,2025-10-29,"Significant"
25,2025-10-29 07:18:35,2025-10-29 03:18:35,2025-10-29,"Significant"
35,2025-10-29 07:23:35,2025-10-29 03:23:35,2025-10-29,"Significant"
28,2025-10-29 07:28:35,2025-10-29 03:28:35,2025-10-29,"Significant"
31,2025-10-29 07:33:35,2025-10-29 03:33:35,2025-10-29,"Significant"
32,2025-10-29 07:38:35,2025-10-29 03:38:35,2025-10-29,"Significant"
31,2025-10-29 07:43:35,2025-10-29 03:43:35,2025-10-29,"Significant"
27,2025-10-29 07:48:35,2025-10-29 03:48:35,2025-10-29,"Significant"
34,2025-10-29 07:53:35,2025-10-29 03:53:35,2025-10-29,"Significant"
27,2025-10-29 07:58:35,2025-10-29 03:58:35,2025-10-29,"Significant"
36,2025-10-29 08:03:35,2025-10-29 04:03:35,2025-10-29,"Significant"
39,2025-10-29 08:08:35,2025-10-29 04:08:35,2025-10-29,"Significant"
35,2025-10-29 08:13:35,2025-10-29 04:13:35,2025-10-29,"Significant"
38,2025-10-29 08:18:35,2025-10-29 04:18:35,2025-10-29,"Significant"
36,2025-10-29 08:23:35,2025-10-29 04:23:35,2025-10-29,"Significant"
36,2025-10-29 08:28:35,2025-10-29 04:28:35,2025-10-29,"Significant"
33,2025-10-29 08:33:35,2025-10-29 04:33:35,2025-10-29,"Significant"
33,2025-10-29 08:38:35,2025-10-29 04:38:35,2025-10-29,"Significant"
39,2025-10-29 08:43:35,2025-10-29 04:43:35,2025-10-29,"Significant"
32,2025-10-29 08:48:35,2025-10-29 04:48:35,2025-10-29,"Significant"
36,2025-10-29 08:53:35,2025-10-29 04:53:35,2025-10-29,"Significant"
39,2025-10-29 08:58:35,2025-10-29 04:58:35,2025-10-29,"Significant"
34,2025-10-29 09:03:35,2025-10-29 05:03:35,2025-10-29,"Significant"
33,2025-10-29 09:08:35,2025-10-29 05:08:35,2025-10-29,"Significant"
34,2025-10-29 09:13:35,2025-10-29 05:13:35,2025-10-29,"Significant"
38,2025-10-29 09:18:35,2025-10-29 05:18:35,2025-10-29,"Significant"
48,2025-10-29 09:23:35,2025-10-29 05:23:35,2025-10-29,"Significant"
34,2025-10-29 09:28:35,2025-10-29 05:28:35,2025-10-29,"Significant"
35,2025-10-29 09:33:35,2025-10-29 05:33:35,2025-10-29,"Significant"
32,2025-10-29 09:38:35,2025-10-29 05:38:35,2025-10-29,"Significant"
25,2025-10-29 09:43:35,2025-10-29 05:43:35,2025-10-29,"Significant"
22,2025-10-29 09:48:35,2025-10-29 05:48:35,2025-10-29,"Significant"
41,2025-10-30 03:58:35,2025-10-29 23:58:35,2025-10-30,"Significant"
31,2025-10-30 04:03:35,2025-10-30 00:03:35,2025-10-30,"Significant"
26,2025-10-30 04:08:35,2025-10-30 00:08:35,2025-10-30,"Significant"
24,2025-10-30 04:13:35,2025-10-30 00:13:35,2025-10-30,"Significant"
19,2025-10-30 04:18:35,2025-10-30 00:18:35,2025-10-30,"Significant"
22,2025-10-30 04:23:35,2025-10-30 00:23:35,2025-10-30,"Significant"
35,2025-10-30 04:28:35,2025-10-30 00:28:35,2025-10-30,"Significant"
35,2025-10-30 04:33:35,2025-10-30 00:33:35,2025-10-30,"Significant"
33,2025-10-30 04:38:35,2025-10-30 00:38:35,2025-10-30,"Significant"
35,2025-10-30 04:43:35,2025-10-30 00:43:35,2025-10-30,"Significant"
56,2025-10-30 04:48:35,2025-10-30 00:48:35,2025-10-30,"Significant"
34,2025-10-30 04:53:35,2025-10-30 00:53:35,2025-10-30,"Significant"
36,2025-10-30 04:58:35,2025-10-30 00:58:35,2025-10-30,"Significant"
34,2025-10-30 05:03:35,2025-10-30 01:03:35,2025-10-30,"Significant"
51,2025-10-30 05:08:35,2025-10-30 01:08:35,2025-10-30,"Significant"
32,2025-10-30 05:13:35,2025-10-30 01:13:35,2025-10-30,"Significant"
35,2025-10-30 05:18:35,2025-10-30 01:18:35,2025-10-30,"Significant"
29,2025-10-30 05:23:35,2025-10-30 01:23:35,2025-10-30,"Significant"
30,2025-10-30 05:28:35,2025-10-30 01:28:35,2025-10-30,"Significant"
38,2025-10-30 05:33:35,2025-10-30 01:33:35,2025-10-30,"Significant"
40,2025-10-30 05:38:35,2025-10-30 01:38:35,2025-10-30,"Significant"
38,2025-10-30 05:43:35,2025-10-30 01:43:35,2025-10-30,"Significant"
26,2025-10-30 05:48:35,2025-10-30 01:48:35,2025-10-30,"Significant"
25,2025-10-30 05:53:35,2025-10-30 01:53:35,2025-10-30,"Significant"
29,2025-10-30 05:58:35,2025-10-30 01:58:35,2025-10-30,"Significant"
30,2025-10-30 06:03:35,2025-10-30 02:03:35,2025-10-30,"Significant"
21,2025-10-30 06:08:35,2025-10-30 02:08:35,2025-10-30,"Significant"
23,2025-10-30 06:13:35,2025-10-30 02:13:35,2025-10-30,"Significant"
19,2025-10-30 06:18:35,2025-10-30 02:18:35,2025-10-30,"Significant"
24,2025-10-30 06:23:35,2025-10-30 02:23:35,2025-10-30,"Significant"
24,2025-10-30 06:28:35,2025-10-30 02:28:35,2025-10-30,"Significant"
27,2025-10-30 06:33:35,2025-10-30 02:33:35,2025-10-30,"Significant"
30,2025-10-30 06:38:35,2025-10-30 02:38:35,2025-10-30,"Significant"
27,2025-10-30 06:43:35,2025-10-30 02:43:35,2025-10-30,"Significant"
20,2025-10-30 06:48:35,2025-10-30 02:48:35,2025-10-30,"Significant"
19,2025-10-30 06:53:35,2025-10-30 02:53:35,2025-10-30,"Significant"
20,2025-10-30 06:58:35,2025-10-30 02:58:35,2025-10-30,"Significant"
37,2025-10-30 07:03:35,2025-10-30 03:03:35,2025-10-30,"Significant"
33,2025-10-30 07:08:35,2025-10-30 03:08:35,2025-10-30,"Significant"
25,2025-10-30 07:13:35,2025-10-30 03:13:35,2025-10-30,"Significant"
43,2025-10-30 07:18:35,2025-10-30 03:18:35,2025-10-30,"Significant"
36,2025-10-30 07:23:35,2025-10-30 03:23:35,2025-10-30,"Significant"
38,2025-10-30 07:28:35,2025-10-30 03:28:35,2025-10-30,"Significant"
42,2025-10-30 07:33:35,2025-10-30 03:33:35,2025-10-30,"Significant"
33,2025-10-30 07:38:35,2025-10-30 03:38:35,2025-10-30,"Significant"
24,2025-10-30 07:43:35,2025-10-30 03:43:35,2025-10-30,"Significant"
21,2025-10-30 07:48:35,2025-10-30 03:48:35,2025-10-30,"Significant"
22,2025-10-30 07:53:35,2025-10-30 03:53:35,2025-10-30,"Significant"
21,2025-10-30 07:58:35,2025-10-30 03:58:35,2025-10-30,"Significant"
21,2025-10-30 08:03:35,2025-10-30 04:03:35,2025-10-30,"Significant"
22,2025-10-30 08:08:35,2025-10-30 04:08:35,2025-10-30,"Significant"
29,2025-10-30 08:13:35,2025-10-30 04:13:35,2025-10-30,"Significant"
31,2025-10-30 08:18:35,2025-10-30 04:18:35,2025-10-30,"Significant"
35,2025-10-30 08:23:35,2025-10-30 04:23:35,2025-10-30,"Significant"
34,2025-10-30 08:28:35,2025-10-30 04:28:35,2025-10-30,"Significant"
39,2025-10-30 08:33:35,2025-10-30 04:33:35,2025-10-30,"Significant"
39,2025-10-30 08:38:35,2025-10-30 04:38:35,2025-10-30,"Significant"
39,2025-10-30 08:43:35,2025-10-30 04:43:35,2025-10-30,"Significant"
34,2025-10-30 08:48:35,2025-10-30 04:48:35,2025-10-30,"Significant"
37,2025-10-30 08:53:35,2025-10-30 04:53:35,2025-10-30,"Significant"
34,2025-10-30 08:58:35,2025-10-30 04:58:35,2025-10-30,"Significant"
33,2025-10-30 09:03:35,2025-10-30 05:03:35,2025-10-30,"Significant"
33,2025-10-30 09:08:35,2025-10-30 05:08:35,2025-10-30,"Significant"
36,2025-10-30 09:13:35,2025-10-30 05:13:35,2025-10-30,"Significant"
47,2025-10-30 09:18:35,2025-10-30 05:18:35,2025-10-30,"Significant"
40,2025-10-30 09:23:35,2025-10-30 05:23:35,2025-10-30,"Significant"
39,2025-10-30 09:28:35,2025-10-30 05:28:35,2025-10-30,"Significant"
39,2025-10-30 09:33:35,2025-10-30 05:33:35,2025-10-30,"Significant"
35,2025-10-30 09:38:35,2025-10-30 05:38:35,2025-10-30,"Significant"
36,2025-10-30 09:43:35,2025-10-30 05:43:35,2025-10-30,"Significant"
31,2025-10-30 09:48:35,2025-10-30 05:48:35,2025-10-30,"Significant"
34,2025-10-30 09:53:35,2025-10-30 05:53:35,2025-10-30,"Significant"
31,2025-10-30 09:58:35,2025-10-30 05:58:35,2025-10-30,"Significant"
42,2025-10-30 10:03:35,2025-10-30 06:03:35,2025-10-30,"Significant"
43,2025-10-30 10:08:35,2025-10-30 06:08:35,2025-10-30,"Significant"
32,2025-10-30 10:13:35,2025-10-30 06:13:35,2025-10-30,"Significant"
34,2025-10-30 10:18:35,2025-10-30 06:18:35,2025-10-30,"Significant"
38,2025-10-30 10:23:35,2025-10-30 06:23:35,2025-10-30,"Significant"
36,2025-10-30 10:28:35,2025-10-30 06:28:35,2025-10-30,"Significant"
34,2025-10-30 10:33:35,2025-10-30 06:33:35,2025-10-30,"Significant"
33,2025-10-30 10:38:35,2025-10-30 06:38:35,2025-10-30,"Significant"
34,2025-10-30 10:43:35,2025-10-30 06:43:35,2025-10-30,"Significant"
30,2025-10-30 10:48:35,2025-10-30 06:48:35,2025-10-30,"Significant"
24,2025-10-30 10:53:35,2025-10-30 06:53:35,2025-10-30,"Significant"
24,2025-10-30 10:58:35,2025-10-30 06:58:35,2025-10-30,"Significant"
23,2025-10-30 11:03:35,2025-10-30 07:03:35,2025-10-30,"Significant"
24,2025-10-30 11:08:35,2025-10-30 07:08:35,2025-10-30,"Significant"
29,2025-10-30 11:13:35,2025-10-30 07:13:35,2025-10-30,"Significant"
30,2025-10-30 11:18:35,2025-10-30 07:18:35,2025-10-30,"Significant"
31,2025-10-30 11:23:35,2025-10-30 07:23:35,2025-10-30,"Significant"
33,2025-10-30 11:28:35,2025-10-30 07:28:35,2025-10-30,"Significant"
31,2025-10-31 03:58:35,2025-10-30 23:58:35,2025-10-31,"Significant"
35,2025-10-31 04:03:35,2025-10-31 00:03:35,2025-10-31,"Significant"
26,2025-10-31 04:08:35,2025-10-31 00:08:35,2025-10-31,"Significant"
18,2025-10-31 04:13:35,2025-10-31 00:13:35,2025-10-31,"Significant"
21,2025-10-31 04:18:35,2025-10-31 00:18:35,2025-10-31,"Significant"
20,2025-10-31 04:23:35,2025-10-31 00:23:35,2025-10-31,"Significant"
20,2025-10-31 04:28:35,2025-10-31 00:28:35,2025-10-31,"Significant"
23,2025-10-31 04:33:35,2025-10-31 00:33:35,2025-10-31,"Significant"
21,2025-10-31 04:38:35,2025-10-31 00:38:35,2025-10-31,"Significant"
20,2025-10-31 04:43:35,2025-10-31 00:43:35,2025-10-31,"Significant"
28,2025-10-31 04:48:35,2025-10-31 00:48:35,2025-10-31,"Significant"
19,2025-10-31 04:53:35,2025-10-31 00:53:35,2025-10-31,"Significant"
24,2025-10-31 04:58:35,2025-10-31 00:58:35,2025-10-31,"Significant"
30,2025-10-31 05:03:35,2025-10-31 01:03:35,2025-10-31,"Significant"
27,2025-10-31 05:08:35,2025-10-31 01:08:35,2025-10-31,"Significant"
35,2025-10-31 05:13:35,2025-10-31 01:13:35,2025-10-31,"Significant"
37,2025-10-31 05:18:35,2025-10-31 01:18:35,2025-10-31,"Significant"
18,2025-10-31 05:23:35,2025-10-31 01:23:35,2025-10-31,"Significant"
21,2025-10-31 05:28:35,2025-10-31 01:28:35,2025-10-31,"Significant"
19,2025-10-31 05:33:35,2025-10-31 01:33:35,2025-10-31,"Significant"
23,2025-10-31 05:38:35,2025-10-31 01:38:35,2025-10-31,"Significant"
22,2025-10-31 05:43:35,2025-10-31 01:43:35,2025-10-31,"Significant"
25,2025-10-31 05:48:35,2025-10-31 01:48:35,2025-10-31,"Significant"
25,2025-10-31 05:53:35,2025-10-31 01:53:35,2025-10-31,"Significant"
25,2025-10-31 05:58:35,2025-10-31 01:58:35,2025-10-31,"Significant"
18,2025-10-31 06:03:35,2025-10-31 02:03:35,2025-10-31,"Significant"
19,2025-10-31 06:08:35,2025-10-31 02:08:35,2025-10-31,"Significant"
30,2025-10-31 06:13:35,2025-10-31 02:13:35,2025-10-31,"Significant"
36,2025-10-31 06:18:35,2025-10-31 02:18:35,2025-10-31,"Significant"
37,2025-10-31 06:23:35,2025-10-31 02:23:35,2025-10-31,"Significant"
35,2025-10-31 06:28:35,2025-10-31 02:28:35,2025-10-31,"Significant"
29,2025-10-31 06:33:35,2025-10-31 02:33:35,2025-10-31,"Significant"
44,2025-10-31 06:38:35,2025-10-31 02:38:35,2025-10-31,"Significant"
40,2025-10-31 06:43:35,2025-10-31 02:43:35,2025-10-31,"Significant"
42,2025-10-31 06:48:35,2025-10-31 02:48:35,2025-10-31,"Significant"
31,2025-10-31 06:53:35,2025-10-31 02:53:35,2025-10-31,"Significant"
35,2025-10-31 06:58:35,2025-10-31 02:58:35,2025-10-31,"Significant"
33,2025-10-31 07:03:35,2025-10-31 03:03:35,2025-10-31,"Significant"
34,2025-10-31 07:08:35,2025-10-31 03:08:35,2025-10-31,"Significant"
32,2025-10-31 07:13:35,2025-10-31 03:13:35,2025-10-31,"Significant"
37,2025-10-31 07:18:35,2025-10-31 03:18:35,2025-10-31,"Significant"
32,2025-10-31 07:23:35,2025-10-31 03:23:35,2025-10-31,"Significant"
32,2025-10-31 07:28:35,2025-10-31 03:28:35,2025-10-31,"Significant"
31,2025-10-31 07:33:35,2025-10-31 03:33:35,2025-10-31,"Significant"
34,2025-10-31 07:38:35,2025-10-31 03:38:35,2025-10-31,"Significant"
36,2025-10-31 07:43:35,2025-10-31 03:43:35,2025-10-31,"Significant"
35,2025-10-31 07:48:35,2025-10-31 03:48:35,2025-10-31,"Significant"
33,2025-10-31 07:53:35,2025-10-31 03:53:35,2025-10-31,"Significant"
41,2025-10-31 07:58:35,2025-10-31 03:58:35,2025-10-31,"Significant"
38,2025-10-31 08:03:35,2025-10-31 04:03:35,2025-10-31,"Significant"
43,2025-10-31 08:08:35,2025-10-31 04:08:35,2025-10-31,"Significant"
39,2025-10-31 08:13:35,2025-10-31 04:13:35,2025-10-31,"Significant"
27,2025-10-31 08:18:35,2025-10-31 04:18:35,2025-10-31,"Significant"
20,2025-10-31 08:23:35,2025-10-31 04:23:35,2025-10-31,"Significant"
23,2025-10-31 08:28:35,2025-10-31 04:28:35,2025-10-31,"Significant"
25,2025-10-31 08:33:35,2025-10-31 04:33:35,2025-10-31,"Significant"
23,2025-10-31 08:38:35,2025-10-31 04:38:35,2025-10-31,"Significant"
31,2025-10-31 08:43:35,2025-10-31 04:43:35,2025-10-31,"Significant"
33,2025-10-31 08:48:35,2025-10-31 04:48:35,2025-10-31,"Significant"
34,2025-10-31 08:53:35,2025-10-31 04:53:35,2025-10-31,"Significant"
30,2025-10-31 08:58:35,2025-10-31 04:58:35,2025-10-31,"Significant"
22,2025-10-31 09:03:35,2025-10-31 05:03:35,2025-10-31,"Significant"
18,2025-10-31 09:08:35,2025-10-31 05:08:35,2025-10-31,"Significant"
17,2025-10-31 09:13:35,2025-10-31 05:13:35,2025-10-31,"Significant"
28,2025-11-01 05:08:35,2025-11-01 01:08:35,2025-11-01,"Significant"
15,2025-11-01 05:13:35,2025-11-01 01:13:35,2025-11-01,"Significant"
14,2025-11-01 05:18:35,2025-11-01 01:18:35,2025-11-01,"Significant"
12,2025-11-01 05:23:35,2025-11-01 01:23:35,2025-11-01,"Significant"
14,2025-11-01 05:28:35,2025-11-01 01:28:35,2025-11-01,"Significant"
19,2025-11-01 05:33:35,2025-11-01 01:33:35,2025-11-01,"Significant"
16,2025-11-01 05:38:35,2025-11-01 01:38:35,2025-11-01,"Significant"
17,2025-11-01 05:43:35,2025-11-01 01:43:35,2025-11-01,"Significant"
18,2025-11-01 05:48:35,2025-11-01 01:48:35,2025-11-01,"Significant"
18,2025-11-01 05:53:35,2025-11-01 01:53:35,2025-11-01,"Significant"
17,2025-11-01 05:58:35,2025-11-01 01:58:35,2025-11-01,"Significant"
21,2025-11-01 06:03:35,2025-11-01 02:03:35,2025-11-01,"Significant"
33,2025-11-01 06:08:35,2025-11-01 02:08:35,2025-11-01,"Significant"
21,2025-11-01 06:13:35,2025-11-01 02:13:35,2025-11-01,"Significant"
19,2025-11-01 06:18:35,2025-11-01 02:18:35,2025-11-01,"Significant"
23,2025-11-01 06:23:35,2025-11-01 02:23:35,2025-11-01,"Significant"
20,2025-11-01 06:28:35,2025-11-01 02:28:35,2025-11-01,"Significant"
25,2025-11-01 06:33:35,2025-11-01 02:33:35,2025-11-01,"Significant"
21,2025-11-01 06:38:35,2025-11-01 02:38:35,2025-11-01,"Significant"
30,2025-11-01 06:43:35,2025-11-01 02:43:35,2025-11-01,"Significant"
25,2025-11-01 06:48:35,2025-11-01 02:48:35,2025-11-01,"Significant"
31,2025-11-01 06:53:35,2025-11-01 02:53:35,2025-11-01,"Significant"
27,2025-11-01 06:58:35,2025-11-01 02:58:35,2025-11-01,"Significant"
25,2025-11-01 07:03:35,2025-11-01 03:03:35,2025-11-01,"Significant"
26,2025-11-01 07:08:35,2025-11-01 03:08:35,2025-11-01,"Significant"
26,2025-11-01 07:13:35,2025-11-01 03:13:35,2025-11-01,"Significant"
27,2025-11-01 07:18:35,2025-11-01 03:18:35,2025-11-01,"Significant"
27,2025-11-01 07:23:35,2025-11-01 03:23:35,2025-11-01,"Significant"
28,2025-11-01 07:28:35,2025-11-01 03:28:35,2025-11-01,"Significant"
29,2025-11-01 07:33:35,2025-11-01 03:33:35,2025-11-01,"Significant"
32,2025-11-01 07:38:35,2025-11-01 03:38:35,2025-11-01,"Significant"
28,2025-11-01 07:43:35,2025-11-01 03:43:35,2025-11-01,"Significant"
29,2025-11-01 07:48:35,2025-11-01 03:48:35,2025-11-01,"Significant"
27,2025-11-01 07:53:35,2025-11-01 03:53:35,2025-11-01,"Significant"
29,2025-11-01 07:58:35,2025-11-01 03:58:35,2025-11-01,"Significant"
28,2025-11-01 08:03:35,2025-11-01 04:03:35,2025-11-01,"Significant"
31,2025-11-01 08:08:35,2025-11-01 04:08:35,2025-11-01,"Significant"
36,2025-11-01 08:13:35,2025-11-01 04:13:35,2025-11-01,"Significant"
28,2025-11-01 08:18:35,2025-11-01 04:18:35,2025-11-01,"Significant"
26,2025-11-01 08:23:35,2025-11-01 04:23:35,2025-11-01,"Significant"
27,2025-11-01 08:28:35,2025-11-01 04:28:35,2025-11-01,"Significant"
27,2025-11-01 08:33:35,2025-11-01 04:33:35,2025-11-01,"Significant"
27,2025-11-01 08:38:35,2025-11-01 04:38:35,2025-11-01,"Significant"
28,2025-11-01 08:43:35,2025-11-01 04:43:35,2025-11-01,"Significant"
28,2025-11-01 08:48:35,2025-11-01 04:48:35,2025-11-01,"Significant"
31,2025-11-01 08:53:35,2025-11-01 04:53:35,2025-11-01,"Significant"
30,2025-11-01 08:58:35,2025-11-01 04:58:35,2025-11-01,"Significant"
22,2025-11-01 09:03:35,2025-11-01 05:03:35,2025-11-01,"Significant"
25,2025-11-01 09:08:35,2025-11-01 05:08:35,2025-11-01,"Significant"
27,2025-11-01 09:13:35,2025-11-01 05:13:35,2025-11-01,"Significant"
33,2025-11-01 09:18:35,2025-11-01 05:18:35,2025-11-01,"Significant"
26,2025-11-01 09:23:35,2025-11-01 05:23:35,2025-11-01,"Significant"
21,2025-11-01 09:28:35,2025-11-01 05:28:35,2025-11-01,"Significant"
20,2025-11-01 09:33:35,2025-11-01 05:33:35,2025-11-01,"Significant"
18,2025-11-01 09:38:35,2025-11-01 05:38:35,2025-11-01,"Significant"
19,2025-11-01 09:43:35,2025-11-01 05:43:35,2025-11-01,"Significant"
20,2025-11-01 09:48:35,2025-11-01 05:48:35,2025-11-01,"Significant"
22,2025-11-01 09:53:35,2025-11-01 05:53:35,2025-11-01,"Significant"
26,2025-11-01 09:58:35,2025-11-01 05:58:35,2025-11-01,"Significant"
25,2025-11-02 03:08:35,2025-11-01 23:08:35,2025-11-02,"Significant"
21,2025-11-02 03:13:35,2025-11-01 23:13:35,2025-11-02,"Significant"
22,2025-11-02 03:18:35,2025-11-01 23:18:35,2025-11-02,"Significant"
22,2025-11-02 03:23:35,2025-11-01 23:23:35,2025-11-02,"Significant"
19,2025-11-02 03:28:35,2025-11-01 23:28:35,2025-11-02,"Significant"
19,2025-11-02 03:33:35,2025-11-01 23:33:35,2025-11-02,"Significant"
25,2025-11-02 03:38:35,2025-11-01 23:38:35,2025-11-02,"Significant"
25,2025-11-02 03:43:35,2025-11-01 23:43:35,2025-11-02,"Significant"
23,2025-11-02 03:48:35,2025-11-01 23:48:35,2025-11-02,"Significant"
20,2025-11-02 03:53:35,2025-11-01 23:53:35,2025-11-02,"Significant"
20,2025-11-02 03:58:35,2025-11-01 23:58:35,2025-11-02,"Significant"
29,2025-11-02 04:03:35,2025-11-02 00:03:35,2025-11-02,"Significant"
22,2025-11-02 04:08:35,2025-11-02 00:08:35,2025-11-02,"Significant"
23,2025-11-02 04:13:35,2025-11-02 00:13:35,2025-11-02,"Significant"
19,2025-11-02 04:18:35,2025-11-02 00:18:35,2025-11-02,"Significant"
25,2025-11-02 04:23:35,2025-11-02 00:23:35,2025-11-02,"Significant"
19,2025-11-02 04:28:35,2025-11-02 00:28:35,2025-11-02,"Significant"
26,2025-11-02 04:33:35,2025-11-02 00:33:35,2025-11-02,"Significant"
30,2025-11-02 04:38:35,2025-11-02 00:38:35,2025-11-02,"Significant"
22,2025-11-02 04:43:35,2025-11-02 00:43:35,2025-11-02,"Significant"
26,2025-11-02 04:48:35,2025-11-02 00:48:35,2025-11-02,"Significant"
24,2025-11-02 04:53:35,2025-11-02 00:53:35,2025-11-02,"Significant"
27,2025-11-02 04:58:35,2025-11-02 00:58:35,2025-11-02,"Significant"
29,2025-11-02 05:03:35,2025-11-02 01:03:35,2025-11-02,"Significant"
23,2025-11-02 05:08:35,2025-11-02 01:08:35,2025-11-02,"Significant"
27,2025-11-02 05:13:35,2025-11-02 01:13:35,2025-11-02,"Significant"
29,2025-11-02 05:18:35,2025-11-02 01:18:35,2025-11-02,"Significant"
30,2025-11-02 05:23:35,2025-11-02 01:23:35,2025-11-02,"Significant"
29,2025-11-02 05:28:35,2025-11-02 01:28:35,2025-11-02,"Significant"
31,2025-11-02 05:33:35,2025-11-02 01:33:35,2025-11-02,"Significant"
29,2025-11-02 05:38:35,2025-11-02 01:38:35,2025-11-02,"Significant"
27,2025-11-02 05:43:35,2025-11-02 01:43:35,2025-11-02,"Significant"
28,2025-11-02 05:48:35,2025-11-02 01:48:35,2025-11-02,"Significant"
43,2025-11-02 05:53:35,2025-11-02 01:53:35,2025-11-02,"Significant"
31,2025-11-02 05:58:35,2025-11-02 01:58:35,2025-11-02,"Significant"
27,2025-11-02 06:03:35,2025-11-02 01:03:35,2025-11-02,"Significant"
33,2025-11-02 06:08:35,2025-11-02 01:08:35,2025-11-02,"Significant"
30,2025-11-02 06:13:35,2025-11-02 01:13:35,2025-11-02,"Significant"
25,2025-11-02 06:18:35,2025-11-02 01:18:35,2025-11-02,"Significant"
32,2025-11-02 06:23:35,2025-11-02 01:23:35,2025-11-02,"Significant"
39,2025-11-02 06:28:35,2025-11-02 01:28:35,2025-11-02,"Significant"
34,2025-11-02 06:33:35,2025-11-02 01:33:35,2025-11-02,"Significant"
33,2025-11-02 06:38:35,2025-11-02 01:38:35,2025-11-02,"Significant"
30,2025-11-02 06:43:35,2025-11-02 01:43:35,2025-11-02,"Significant"
29,2025-11-02 06:48:35,2025-11-02 01:48:35,2025-11-02,"Significant"
25,2025-11-02 06:53:35,2025-11-02 01:53:35,2025-11-02,"Significant"
23,2025-11-02 06:58:35,2025-11-02 01:58:35,2025-11-02,"Significant"
22,2025-11-02 07:03:35,2025-11-02 02:03:35,2025-11-02,"Significant"
25,2025-11-02 07:08:35,2025-11-02 02:08:35,2025-11-02,"Significant"
25,2025-11-02 07:13:35,2025-11-02 02:13:35,2025-11-02,"Significant"
34,2025-11-02 07:18:35,2025-11-02 02:18:35,2025-11-02,"Significant"
26,2025-11-02 07:23:35,2025-11-02 02:23:35,2025-11-02,"Significant"
27,2025-11-02 07:28:35,2025-11-02 02:28:35,2025-11-02,"Significant"
47,2025-11-02 07:33:35,2025-11-02 02:33:35,2025-11-02,"Significant"
39,2025-11-02 07:38:35,2025-11-02 02:38:35,2025-11-02,"Significant"
35,2025-11-02 07:43:35,2025-11-02 02:43:35,2025-11-02,"Significant"
37,2025-11-02 07:48:35,2025-11-02 02:48:35,2025-11-02,"Significant"
38,2025-11-02 07:53:35,2025-11-02 02:53:35,2025-11-02,"Significant"
32,2025-11-02 07:58:35,2025-11-02 02:58:35,2025-11-02,"Significant"
37,2025-11-02 08:03:35,2025-11-02 03:03:35,2025-11-02,"Significant"
37,2025-11-02 08:08:35,2025-11-02 03:08:35,2025-11-02,"Significant"
37,2025-11-02 08:13:35,2025-11-02 03:13:35,2025-11-02,"Significant"
40,2025-11-02 08:18:35,2025-11-02 03:18:35,2025-11-02,"Significant"
29,2025-11-02 08:23:35,2025-11-02 03:23:35,2025-11-02,"Significant"
36,2025-11-02 08:28:35,2025-11-02 03:28:35,2025-11-02,"Significant"
30,2025-11-02 08:33:35,2025-11-02 03:33:35,2025-11-02,"Significant"
31,2025-11-02 08:38:35,2025-11-02 03:38:35,2025-11-02,"Significant"
37,2025-11-02 08:43:35,2025-11-02 03:43:35,2025-11-02,"Significant"
37,2025-11-02 08:48:35,2025-11-02 03:48:35,2025-11-02,"Significant"
28,2025-11-02 08:53:35,2025-11-02 03:53:35,2025-11-02,"Significant"
20,2025-11-02 08:58:35,2025-11-02 03:58:35,2025-11-02,"Significant"
32,2025-11-03 01:40:41,2025-11-02 20:40:41,2025-11-03,"Significant"
28,2025-11-03 01:45:41,2025-11-02 20:45:41,2025-11-03,"Significant"
28,2025-11-03 01:50:41,2025-11-02 20:50:41,2025-11-03,"Significant"
29,2025-11-03 01:55:41,2025-11-02 20:55:41,2025-11-03,"Significant"
30,2025-11-03 02:00:41,2025-11-02 21:00:41,2025-11-03,"Significant"
25,2025-11-03 02:05:41,2025-11-02 21:05:41,2025-11-03,"Significant"
29,2025-11-03 02:10:41,2025-11-02 21:10:41,2025-11-03,"Significant"
34,2025-11-03 02:15:41,2025-11-02 21:15:41,2025-11-03,"Significant"
34,2025-11-03 02:20:41,2025-11-02 21:20:41,2025-11-03,"Significant"
34,2025-11-03 02:25:41,2025-11-02 21:25:41,2025-11-03,"Significant"
39,2025-11-03 02:30:41,2025-11-02 21:30:41,2025-11-03,"Significant"
42,2025-11-03 02:35:41,2025-11-02 21:35:41,2025-11-03,"Significant"
49,2025-11-03 02:40:41,2025-11-02 21:40:41,2025-11-03,"Significant"
54,2025-11-03 02:45:41,2025-11-02 21:45:41,2025-11-03,"Significant"
55,2025-11-03 02:50:41,2025-11-02 21:50:41,2025-11-03,"Significant"
51,2025-11-03 02:55:41,2025-11-02 21:55:41,2025-11-03,"Significant"
40,2025-11-03 03:00:41,2025-11-02 22:00:41,2025-11-03,"Significant"
45,2025-11-03 03:05:41,2025-11-02 22:05:41,2025-11-03,"Significant"
46,2025-11-03 03:10:41,2025-11-02 22:10:41,2025-11-03,"Significant"
44,2025-11-03 03:15:41,2025-11-02 22:15:41,2025-11-03,"Significant"
42,2025-11-03 03:20:41,2025-11-02 22:20:41,2025-11-03,"Significant"
40,2025-11-03 03:25:41,2025-11-02 22:25:41,2025-11-03,"Significant"
38,2025-11-03 03:30:41,2025-11-02 22:30:41,2025-11-03,"Significant"
48,2025-11-03 03:35:41,2025-11-02 22:35:41,2025-11-03,"Significant"
47,2025-11-03 03:40:41,2025-11-02 22:40:41,2025-11-03,"Significant"
36,2025-11-03 03:45:41,2025-11-02 22:45:41,2025-11-03,"Significant"
34,2025-11-03 03:50:41,2025-11-02 22:50:41,2025-11-03,"Significant"
31,2025-11-03 03:55:41,2025-11-02 22:55:41,2025-11-03,"Significant"
35,2025-11-03 04:00:41,2025-11-02 23:00:41,2025-11-03,"Significant"
39,2025-11-03 04:05:41,2025-11-02 23:05:41,2025-11-03,"Significant"
40,2025-11-03 04:10:41,2025-11-02 23:10:41,2025-11-03,"Significant"
39,2025-11-03 04:15:41,2025-11-02 23:15:41,2025-11-03,"Significant"
39,2025-11-03 04:20:41,2025-11-02 23:20:41,2025-11-03,"Significant"
44,2025-11-03 04:25:41,2025-11-02 23:25:41,2025-11-03,"Significant"
42,2025-11-03 04:30:41,2025-11-02 23:30:41,2025-11-03,"Significant"
44,2025-11-03 04:35:41,2025-11-02 23:35:41,2025-11-03,"Significant"
45,2025-11-03 04:40:41,2025-11-02 23:40:41,2025-11-03,"Significant"
37,2025-11-03 04:45:41,2025-11-02 23:45:41,2025-11-03,"Significant"
36,2025-11-03 04:50:41,2025-11-02 23:50:41,2025-11-03,"Significant"
28,2025-11-03 04:55:41,2025-11-02 23:55:41,2025-11-03,"Significant"
38,2025-11-03 05:00:41,2025-11-03 00:00:41,2025-11-03,"Significant"
37,2025-11-03 05:05:41,2025-11-03 00:05:41,2025-11-03,"Significant"
41,2025-11-03 05:10:41,2025-11-03 00:10:41,2025-11-03,"Significant"
32,2025-11-03 05:15:41,2025-11-03 00:15:41,2025-11-03,"Significant"
31,2025-11-03 05:20:41,2025-11-03 00:20:41,2025-11-03,"Significant"
39,2025-11-03 05:25:41,2025-11-03 00:25:41,2025-11-03,"Significant"
39,2025-11-03 05:30:41,2025-11-03 00:30:41,2025-11-03,"Significant"
35,2025-11-03 05:35:41,2025-11-03 00:35:41,2025-11-03,"Significant"
37,2025-11-03 05:40:41,2025-11-03 00:40:41,2025-11-03,"Significant"
38,2025-11-03 05:45:41,2025-11-03 00:45:41,2025-11-03,"Significant"
39,2025-11-03 05:50:41,2025-11-03 00:50:41,2025-11-03,"Significant"
39,2025-11-03 05:55:41,2025-11-03 00:55:41,2025-11-03,"Significant"
44,2025-11-03 06:00:41,2025-11-03 01:00:41,2025-11-03,"Significant"
37,2025-11-03 06:05:41,2025-11-03 01:05:41,2025-11-03,"Significant"
42,2025-11-03 06:10:41,2025-11-03 01:10:41,2025-11-03,"Significant"
48,2025-11-03 06:15:41,2025-11-03 01:15:41,2025-11-03,"Significant"
50,2025-11-03 06:20:41,2025-11-03 01:20:41,2025-11-03,"Significant"
53,2025-11-03 06:25:41,2025-11-03 01:25:41,2025-11-03,"Significant"
40,2025-11-03 06:30:41,2025-11-03 01:30:41,2025-11-03,"Significant"
37,2025-11-03 06:35:41,2025-11-03 01:35:41,2025-11-03,"Significant"
39,2025-11-03 06:40:41,2025-11-03 01:40:41,2025-11-03,"Significant"
45,2025-11-03 06:45:41,2025-11-03 01:45:41,2025-11-03,"Significant"
38,2025-11-03 06:50:41,2025-11-03 01:50:41,2025-11-03,"Significant"
32,2025-11-03 06:55:41,2025-11-03 01:55:41,2025-11-03,"Significant"
27,2025-11-03 07:00:41,2025-11-03 02:00:41,2025-11-03,"Significant"
30,2025-11-03 07:05:41,2025-11-03 02:05:41,2025-11-03,"Significant"
34,2025-11-03 07:10:41,2025-11-03 02:10:41,2025-11-03,"Significant"
34,2025-11-03 07:15:41,2025-11-03 02:15:41,2025-11-03,"Significant"
25,2025-11-03 07:20:41,2025-11-03 02:20:41,2025-11-03,"Significant"
33,2025-11-03 07:25:41,2025-11-03 02:25:41,2025-11-03,"Significant"
33,2025-11-03 07:30:41,2025-11-03 02:30:41,2025-11-03,"Significant"
21,2025-11-03 07:35:41,2025-11-03 02:35:41,2025-11-03,"Significant"
28,2025-11-03 07:40:41,2025-11-03 02:40:41,2025-11-03,"Significant"
31,2025-11-03 07:45:41,2025-11-03 02:45:41,2025-11-03,"Significant"
32,2025-11-03 07:50:41,2025-11-03 02:50:41,2025-11-03,"Significant"
26,2025-11-03 07:55:41,2025-11-03 02:55:41,2025-11-03,"Significant"
27,2025-11-03 08:00:41,2025-11-03 03:00:41,2025-11-03,"Significant"
26,2025-11-03 08:05:41,2025-11-03 03:05:41,2025-11-03,"Significant"
41,2025-11-03 08:10:41,2025-11-03 03:10:41,2025-11-03,"Significant"
23,2025-11-03 08:15:41,2025-11-03 03:15:41,2025-11-03,"Significant"
34,2025-11-03 08:20:41,2025-11-03 03:20:41,2025-11-03,"Significant"
33,2025-11-03 08:25:41,2025-11-03 03:25:41,2025-11-03,"Significant"
34,2025-11-03 08:30:41,2025-11-03 03:30:41,2025-11-03,"Significant"
30,2025-11-03 08:35:41,2025-11-03 03:35:41,2025-11-03,"Significant"
29,2025-11-03 08:40:41,2025-11-03 03:40:41,2025-11-03,"Significant"
32,2025-11-03 08:45:41,2025-11-03 03:45:41,2025-11-03,"Significant"
29,2025-11-03 08:50:41,2025-11-03 03:50:41,2025-11-03,"Significant"
31,2025-11-03 08:55:41,2025-11-03 03:55:41,2025-11-03,"Significant"
35,2025-11-03 09:00:41,2025-11-03 04:00:41,2025-11-03,"Significant"
32,2025-11-03 09:05:41,2025-11-03 04:05:41,2025-11-03,"Significant"
38,2025-11-03 09:10:41,2025-11-03 04:10:41,2025-11-03,"Significant"
32,2025-11-03 09:15:41,2025-11-03 04:15:41,2025-11-03,"Significant"
26,2025-11-03 09:20:41,2025-11-03 04:20:41,2025-11-03,"Significant"
27,2025-11-03 09:25:41,2025-11-03 04:25:41,2025-11-03,"Significant"
36,2025-11-04 03:20:41,2025-11-03 22:20:41,2025-11-04,"Significant"
32,2025-11-04 03:25:41,2025-11-03 22:25:41,2025-11-04,"Significant"
29,2025-11-04 03:30:41,2025-11-03 22:30:41,2025-11-04,"Significant"
27,2025-11-04 03:35:41,2025-11-03 22:35:41,2025-11-04,"Significant"
28,2025-11-04 03:40:41,2025-11-03 22:40:41,2025-11-04,"Significant"
26,2025-11-04 03:45:41,2025-11-03 22:45:41,2025-11-04,"Significant"
27,2025-11-04 03:50:41,2025-11-03 22:50:41,2025-11-04,"Significant"
27,2025-11-04 03:55:41,2025-11-03 22:55:41,2025-11-04,"Significant"
29,2025-11-04 04:00:41,2025-11-03 23:00:41,2025-11-04,"Significant"
29,2025-11-04 04:05:41,2025-11-03 23:05:41,2025-11-04,"Significant"
60,2025-11-04 04:10:41,2025-11-03 23:10:41,2025-11-04,"Significant"
50,2025-11-04 04:15:41,2025-11-03 23:15:41,2025-11-04,"Significant"
53,2025-11-04 04:20:41,2025-11-03 23:20:41,2025-11-04,"Significant"
48,2025-11-04 04:25:41,2025-11-03 23:25:41,2025-11-04,"Significant"
52,2025-11-04 04:30:41,2025-11-03 23:30:41,2025-11-04,"Significant"
50,2025-11-04 04:35:41,2025-11-03 23:35:41,2025-11-04,"Significant"
53,2025-11-04 04:40:41,2025-11-03 23:40:41,2025-11-04,"Significant"
62,2025-11-04 04:45:41,2025-11-03 23:45:41,2025-11-04,"Significant"
64,2025-11-04 04:50:41,2025-11-03 23:50:41,2025-11-04,"Significant"
55,2025-11-04 04:55:41,2025-11-03 23:55:41,2025-11-04,"Significant"
38,2025-11-04 05:00:41,2025-11-04 00:00:41,2025-11-04,"Significant"
40,2025-11-04 05:05:41,2025-11-04 00:05:41,2025-11-04,"Significant"
44,2025-11-04 05:10:41,2025-11-04 00:10:41,2025-11-04,"Significant"
45,2025-11-04 05:15:41,2025-11-04 00:15:41,2025-11-04,"Significant"
44,2025-11-04 05:20:41,2025-11-04 00:20:41,2025-11-04,"Significant"
46,2025-11-04 05:25:41,2025-11-04 00:25:41,2025-11-04,"Significant"
43,2025-11-04 05:30:41,2025-11-04 00:30:41,2025-11-04,"Significant"
42,2025-11-04 05:35:41,2025-11-04 00:35:41,2025-11-04,"Significant"
42,2025-11-04 05:40:41,2025-11-04 00:40:41,2025-11-04,"Significant"
40,2025-11-04 05:45:41,2025-11-04 00:45:41,2025-11-04,"Significant"
42,2025-11-04 05:50:41,2025-11-04 00:50:41,2025-11-04,"Significant"
48,2025-11-04 05:55:41,2025-11-04 00:55:41,2025-11-04,"Significant"
47,2025-11-04 06:00:41,2025-11-04 01:00:41,2025-11-04,"Significant"
50,2025-11-04 06:05:41,2025-11-04 01:05:41,2025-11-04,"Significant"
46,2025-11-04 06:10:41,2025-11-04 01:10:41,2025-11-04,"Significant"
47,2025-11-04 06:15:41,2025-11-04 01:15:41,2025-11-04,"Significant"
44,2025-11-04 06:20:41,2025-11-04 01:20:41,2025-11-04,"Significant"
42,2025-11-04 06:25:41,2025-11-04 01:25:41,2025-11-04,"Significant"
45,2025-11-04 06:30:41,2025-11-04 01:30:41,2025-11-04,"Significant"
47,2025-11-04 06:35:41,2025-11-04 01:35:41,2025-11-04,"Significant"
45,2025-11-04 06:40:41,2025-11-04 01:40:41,2025-11-04,"Significant"
40,2025-11-04 06:45:41,2025-11-04 01:45:41,2025-11-04,"Significant"
35,2025-11-04 06:50:41,2025-11-04 01:50:41,2025-11-04,"Significant"
25,2025-11-04 06:55:41,2025-11-04 01:55:41,2025-11-04,"Significant"
29,2025-11-04 07:00:41,2025-11-04 02:00:41,2025-11-04,"Significant"
29,2025-11-04 07:05:41,2025-11-04 02:05:41,2025-11-04,"Significant"
36,2025-11-04 07:10:41,2025-11-04 02:10:41,2025-11-04,"Significant"
41,2025-11-04 07:15:41,2025-11-04 02:15:41,2025-11-04,"Significant"
42,2025-11-04 07:20:41,2025-11-04 02:20:41,2025-11-04,"Significant"
37,2025-11-04 07:25:41,2025-11-04 02:25:41,2025-11-04,"Significant"
41,2025-11-04 07:30:41,2025-11-04 02:30:41,2025-11-04,"Significant"
31,2025-11-04 07:35:41,2025-11-04 02:35:41,2025-11-04,"Significant"
37,2025-11-04 07:40:41,2025-11-04 02:40:41,2025-11-04,"Significant"
30,2025-11-04 07:45:41,2025-11-04 02:45:41,2025-11-04,"Significant"
35,2025-11-04 07:50:41,2025-11-04 02:50:41,2025-11-04,"Significant"
34,2025-11-04 07:55:41,2025-11-04 02:55:41,2025-11-04,"Significant"
63,2025-11-04 08:00:41,2025-11-04 03:00:41,2025-11-04,"Significant"
31,2025-11-04 08:05:41,2025-11-04 03:05:41,2025-11-04,"Significant"
27,2025-11-04 08:10:41,2025-11-04 03:10:41,2025-11-04,"Significant"
25,2025-11-04 08:15:41,2025-11-04 03:15:41,2025-11-04,"Significant"
26,2025-11-04 08:20:41,2025-11-04 03:20:41,2025-11-04,"Significant"
25,2025-11-04 08:25:41,2025-11-04 03:25:41,2025-11-04,"Significant"
29,2025-11-04 08:30:41,2025-11-04 03:30:41,2025-11-04,"Significant"
25,2025-11-04 08:35:41,2025-11-04 03:35:41,2025-11-04,"Significant"
25,2025-11-04 08:40:41,2025-11-04 03:40:41,2025-11-04,"Significant"
24,2025-11-04 08:45:41,2025-11-04 03:45:41,2025-11-04,"Significant"
25,2025-11-04 08:50:41,2025-11-04 03:50:41,2025-11-04,"Significant"
29,2025-11-04 08:55:41,2025-11-04 03:55:41,2025-11-04,"Significant"
42,2025-11-04 09:00:41,2025-11-04 04:00:41,2025-11-04,"Significant"
42,2025-11-04 09:05:41,2025-11-04 04:05:41,2025-11-04,"Significant"
37,2025-11-04 09:10:41,2025-11-04 04:10:41,2025-11-04,"Significant"
38,2025-11-04 09:15:41,2025-11-04 04:15:41,2025-11-04,"Significant"
45,2025-11-04 09:20:41,2025-11-04 04:20:41,2025-11-04,"Significant"
61,2025-11-04 09:25:41,2025-11-04 04:25:41,2025-11-04,"Significant"
29,2025-11-04 09:30:41,2025-11-04 04:30:41,2025-11-04,"Significant"
38,2025-11-04 09:35:41,2025-11-04 04:35:41,2025-11-04,"Significant"
37,2025-11-04 09:40:41,2025-11-04 04:40:41,2025-11-04,"Significant"
39,2025-11-04 09:45:41,2025-11-04 04:45:41,2025-11-04,"Significant"
37,2025-11-04 09:50:41,2025-11-04 04:50:41,2025-11-04,"Significant"
38,2025-11-04 09:55:41,2025-11-04 04:55:41,2025-11-04,"Significant"
35,2025-11-04 10:00:41,2025-11-04 05:00:41,2025-11-04,"Significant"
30,2025-11-04 10:05:41,2025-11-04 05:05:41,2025-11-04,"Significant"
32,2025-11-04 10:10:41,2025-11-04 05:10:41,2025-11-04,"Significant"
33,2025-11-04 10:15:41,2025-11-04 05:15:41,2025-11-04,"Significant"
36,2025-11-04 10:20:41,2025-11-04 05:20:41,2025-11-04,"Significant"
34,2025-11-04 10:25:41,2025-11-04 05:25:41,2025-11-04,"Significant"
29,2025-11-04 10:30:41,2025-11-04 05:30:41,2025-11-04,"Significant"
32,2025-11-04 10:35:41,2025-11-04 05:35:41,2025-11-04,"Significant"
38,2025-11-04 10:40:41,2025-11-04 05:40:41,2025-11-04,"Significant"
37,2025-11-04 10:45:41,2025-11-04 05:45:41,2025-11-04,"Significant"
38,2025-11-04 10:50:41,2025-11-04 05:50:41,2025-11-04,"Significant"
64,2025-11-05 04:05:41,2025-11-04 23:05:41,2025-11-05,"Significant"
82,2025-11-05 04:10:41,2025-11-04 23:10:41,2025-11-05,"Significant"
84,2025-11-05 04:15:41,2025-11-04 23:15:41,2025-11-05,"Significant"
74,2025-11-05 04:20:41,2025-11-04 23:20:41,2025-11-05,"Significant"
65,2025-11-05 04:25:41,2025-11-04 23:25:41,2025-11-05,"Significant"
55,2025-11-05 04:30:41,2025-11-04 23:30:41,2025-11-05,"Significant"
52,2025-11-05 04:35:41,2025-11-04 23:35:41,2025-11-05,"Significant"
52,2025-11-05 04:40:41,2025-11-04 23:40:41,2025-11-05,"Significant"
48,2025-11-05 04:45:41,2025-11-04 23:45:41,2025-11-05,"Significant"
40,2025-11-05 04:50:41,2025-11-04 23:50:41,2025-11-05,"Significant"
47,2025-11-05 04:55:41,2025-11-04 23:55:41,2025-11-05,"Significant"
60,2025-11-05 05:00:41,2025-11-05 00:00:41,2025-11-05,"Significant"
60,2025-11-05 05:05:41,2025-11-05 00:05:41,2025-11-05,"Significant"
45,2025-11-05 05:10:41,2025-11-05 00:10:41,2025-11-05,"Significant"
59,2025-11-05 05:15:41,2025-11-05 00:15:41,2025-11-05,"Significant"
44,2025-11-05 05:20:41,2025-11-05 00:20:41,2025-11-05,"Significant"
36,2025-11-05 05:25:41,2025-11-05 00:25:41,2025-11-05,"Significant"
32,2025-11-05 05:30:41,2025-11-05 00:30:41,2025-11-05,"Significant"
47,2025-11-05 05:35:41,2025-11-05 00:35:41,2025-11-05,"Significant"
36,2025-11-05 05:40:41,2025-11-05 00:40:41,2025-11-05,"Significant"
48,2025-11-05 05:45:41,2025-11-05 00:45:41,2025-11-05,"Significant"
30,2025-11-05 05:50:41,2025-11-05 00:50:41,2025-11-05,"Significant"
27,2025-11-05 05:55:41,2025-11-05 00:55:41,2025-11-05,"Significant"
28,2025-11-05 06:00:41,2025-11-05 01:00:41,2025-11-05,"Significant"
30,2025-11-05 06:05:41,2025-11-05 01:05:41,2025-11-05,"Significant"
32,2025-11-05 06:10:41,2025-11-05 01:10:41,2025-11-05,"Significant"
36,2025-11-05 06:15:41,2025-11-05 01:15:41,2025-11-05,"Significant"
43,2025-11-05 06:20:41,2025-11-05 01:20:41,2025-11-05,"Significant"
53,2025-11-05 06:25:41,2025-11-05 01:25:41,2025-11-05,"Significant"
38,2025-11-05 06:30:41,2025-11-05 01:30:41,2025-11-05,"Significant"
32,2025-11-05 06:35:41,2025-11-05 01:35:41,2025-11-05,"Significant"
41,2025-11-05 06:40:41,2025-11-05 01:40:41,2025-11-05,"Significant"
39,2025-11-05 06:45:41,2025-11-05 01:45:41,2025-11-05,"Significant"
42,2025-11-05 06:50:41,2025-11-05 01:50:41,2025-11-05,"Significant"
40,2025-11-05 06:55:41,2025-11-05 01:55:41,2025-11-05,"Significant"
28,2025-11-05 07:00:41,2025-11-05 02:00:41,2025-11-05,"Significant"
23,2025-11-05 07:05:41,2025-11-05 02:05:41,2025-11-05,"Significant"
23,2025-11-05 07:10:41,2025-11-05 02:10:41,2025-11-05,"Significant"
24,2025-11-05 07:15:41,2025-11-05 02:15:41,2025-11-05,"Significant"
27,2025-11-05 07:20:41,2025-11-05 02:20:41,2025-11-05,"Significant"
25,2025-11-05 07:25:41,2025-11-05 02:25:41,2025-11-05,"Significant"
25,2025-11-05 07:30:41,2025-11-05 02:30:41,2025-11-05,"Significant"
35,2025-11-05 07:35:41,2025-11-05 02:35:41,2025-11-05,"Significant"
39,2025-11-05 07:40:41,2025-11-05 02:40:41,2025-11-05,"Significant"
33,2025-11-05 07:45:41,2025-11-05 02:45:41,2025-11-05,"Significant"
33,2025-11-05 07:50:41,2025-11-05 02:50:41,2025-11-05,"Significant"
39,2025-11-05 07:55:41,2025-11-05 02:55:41,2025-11-05,"Significant"
45,2025-11-05 08:00:41,2025-11-05 03:00:41,2025-11-05,"Significant"
37,2025-11-05 08:05:41,2025-11-05 03:05:41,2025-11-05,"Significant"
35,2025-11-05 08:10:41,2025-11-05 03:10:41,2025-11-05,"Significant"
41,2025-11-05 08:15:41,2025-11-05 03:15:41,2025-11-05,"Significant"
39,2025-11-05 08:20:41,2025-11-05 03:20:41,2025-11-05,"Significant"
41,2025-11-05 08:25:41,2025-11-05 03:25:41,2025-11-05,"Significant"
49,2025-11-05 08:30:41,2025-11-05 03:30:41,2025-11-05,"Significant"
41,2025-11-05 08:35:41,2025-11-05 03:35:41,2025-11-05,"Significant"
41,2025-11-05 08:40:41,2025-11-05 03:40:41,2025-11-05,"Significant"
38,2025-11-05 08:45:41,2025-11-05 03:45:41,2025-11-05,"Significant"
48,2025-11-05 08:50:41,2025-11-05 03:50:41,2025-11-05,"Significant"
36,2025-11-05 08:55:41,2025-11-05 03:55:41,2025-11-05,"Significant"
35,2025-11-05 09:00:41,2025-11-05 04:00:41,2025-11-05,"Significant"
38,2025-11-05 09:05:41,2025-11-05 04:05:41,2025-11-05,"Significant"
36,2025-11-05 09:10:41,2025-11-05 04:10:41,2025-11-05,"Significant"
40,2025-11-05 09:15:41,2025-11-05 04:15:41,2025-11-05,"Significant"
40,2025-11-05 09:20:41,2025-11-05 04:20:41,2025-11-05,"Significant"
38,2025-11-05 09:25:41,2025-11-05 04:25:41,2025-11-05,"Significant"
44,2025-11-05 09:30:41,2025-11-05 04:30:41,2025-11-05,"Significant"
40,2025-11-05 09:35:41,2025-11-05 04:35:41,2025-11-05,"Significant"
46,2025-11-05 09:40:41,2025-11-05 04:40:41,2025-11-05,"Significant"
43,2025-11-05 09:45:41,2025-11-05 04:45:41,2025-11-05,"Significant"
39,2025-11-05 09:50:41,2025-11-05 04:50:41,2025-11-05,"Significant"
34,2025-11-05 09:55:41,2025-11-05 04:55:41,2025-11-05,"Significant"
31,2025-11-05 10:00:41,2025-11-05 05:00:41,2025-11-05,"Significant"
33,2025-11-05 10:05:41,2025-11-05 05:05:41,2025-11-05,"Significant"
44,2025-11-05 10:10:41,2025-11-05 05:10:41,2025-11-05,"Significant"
48,2025-11-05 10:15:41,2025-11-05 05:15:41,2025-11-05,"Significant"
51,2025-11-05 10:20:41,2025-11-05 05:20:41,2025-11-05,"Significant"
49,2025-11-05 10:25:41,2025-11-05 05:25:41,2025-11-05,"Significant"
45,2025-11-05 10:30:41,2025-11-05 05:30:41,2025-11-05,"Significant"
46,2025-11-05 10:35:41,2025-11-05 05:35:41,2025-11-05,"Significant"
46,2025-11-05 10:40:41,2025-11-05 05:40:41,2025-11-05,"Significant"
43,2025-11-05 10:45:41,2025-11-05 05:45:41,2025-11-05,"Significant"
41,2025-11-05 10:50:41,2025-11-05 05:50:41,2025-11-05,"Significant"
31,2025-11-05 10:55:41,2025-11-05 05:55:41,2025-11-05,"Significant"
39,2025-11-05 11:00:41,2025-11-05 06:00:41,2025-11-05,"Significant"
41,2025-11-05 11:05:41,2025-11-05 06:05:41,2025-11-05,"Significant"
42,2025-11-05 11:10:41,2025-11-05 06:10:41,2025-11-05,"Significant"
