"calendarDate","startGMT","endGMT","activityLevel","key","startTimeGMT","endTimeGMT","startTimeLocal","endTimeLocal"
2025-08-20,"2025-08-20T05:03:40.0","2025-08-20T05:13:40.0",1,1,2025-08-20 05:03:40,2025-08-20 05:13:40,2025-08-20 01:03:40,2025-08-20 01:13:40
2025-08-20,"2025-08-20T05:13:40.0","2025-08-20T05:44:40.0",0,2,2025-08-20 05:13:40,2025-08-20 05:44:40,2025-08-20 01:13:40,2025-08-20 01:44:40
2025-08-20,"2025-08-20T05:44:40.0","2025-08-20T05:45:40.0",3,3,2025-08-20 05:44:40,2025-08-20 05:45:40,2025-08-20 01:44:40,2025-08-20 01:45:40
2025-08-20,"2025-08-20T05:45:40.0","2025-08-20T06:00:40.0",1,4,2025-08-20 05:45:40,2025-08-20 06:00:40,2025-08-20 01:45:40,2025-08-20 02:00:40
2025-08-20,"2025-08-20T06:00:40.0","2025-08-20T06:18:40.0",0,5,2025-08-20 06:00:40,2025-08-20 06:18:40,2025-08-20 02:00:40,2025-08-20 02:18:40
2025-08-20,"2025-08-20T06:18:40.0","2025-08-20T06:58:40.0",1,6,2025-08-20 06:18:40,2025-08-20 06:58:40,2025-08-20 02:18:40,2025-08-20 02:58:40
2025-08-20,"2025-08-20T06:58:40.0","2025-08-20T07:10:40.0",2,7,2025-08-20 06:58:40,2025-08-20 07:10:40,2025-08-20 02:58:40,2025-08-20 03:10:40
2025-08-20,"2025-08-20T07:10:40.0","2025-08-20T07:30:40.0",1,8,2025-08-20 07:10:40,2025-08-20 07:30:40,2025-08-20 03:10:40,2025-08-20 03:30:40
2025-08-20,"2025-08-20T07:30:40.0","2025-08-20T07:38:40.0",0,9,2025-08-20 07:30:40,2025-08-20 07:38:40,2025-08-20 03:30:40,2025-08-20 03:38:40
2025-08-20,"2025-08-20T07:38:40.0","2025-08-20T07:58:40.0",1,10,2025-08-20 07:38:40,2025-08-20 07:58:40,2025-08-20 03:38:40,2025-08-20 03:58:40
2025-08-20,"2025-08-20T07:58:40.0","2025-08-20T08:05:40.0",3,11,2025-08-20 07:58:40,2025-08-20 08:05:40,2025-08-20 03:58:40,2025-08-20 04:05:40
2025-08-20,"2025-08-20T08:05:40.0","2025-08-20T08:18:40.0",1,12,2025-08-20 08:05:40,2025-08-20 08:18:40,2025-08-20 04:05:40,2025-08-20 04:18:40
2025-08-20,"2025-08-20T08:18:40.0","2025-08-20T08:46:40.0",0,13,2025-08-20 08:18:40,2025-08-20 08:46:40,2025-08-20 04:18:40,2025-08-20 04:46:40
2025-08-20,"2025-08-20T08:46:40.0","2025-08-20T09:05:40.0",1,14,2025-08-20 08:46:40,2025-08-20 09:05:40,2025-08-20 04:46:40,2025-08-20 05:05:40
2025-08-20,"2025-08-20T09:05:40.0","2025-08-20T09:12:40.0",2,15,2025-08-20 09:05:40,2025-08-20 09:12:40,2025-08-20 05:05:40,2025-08-20 05:12:40
2025-08-20,"2025-08-20T09:12:40.0","2025-08-20T09:51:40.0",1,16,2025-08-20 09:12:40,2025-08-20 09:51:40,2025-08-20 05:12:40,2025-08-20 05:51:40
2025-08-20,"2025-08-20T09:51:40.0","2025-08-20T10:01:40.0",2,17,2025-08-20 09:51:40,2025-08-20 10:01:40,2025-08-20 05:51:40,2025-08-20 06:01:40
2025-08-20,"2025-08-20T10:01:40.0","2025-08-20T10:50:40.0",1,18,2025-08-20 10:01:40,2025-08-20 10:50:40,2025-08-20 06:01:40,2025-08-20 06:50:40
2025-08-20,"2025-08-20T10:50:40.0","2025-08-20T11:14:40.0",2,19,2025-08-20 10:50:40,2025-08-20 11:14:40,2025-08-20 06:50:40,2025-08-20 07:14:40
2025-08-20,"2025-08-20T11:14:40.0","2025-08-20T11:44:40.0",1,20,2025-08-20 11:14:40,2025-08-20 11:44:40,2025-08-20 07:14:40,2025-08-20 07:44:40
2025-08-21,"2025-08-21T04:38:17.0","2025-08-21T04:47:17.0",1,1,2025-08-21 04:38:17,2025-08-21 04:47:17,2025-08-21 00:38:17,2025-08-21 00:47:17
2025-08-21,"2025-08-21T04:47:17.0","2025-08-21T05:47:17.0",0,2,2025-08-21 04:47:17,2025-08-21 05:47:17,2025-08-21 00:47:17,2025-08-21 01:47:17
2025-08-21,"2025-08-21T05:47:17.0","2025-08-21T06:15:17.0",1,3,2025-08-21 05:47:17,2025-08-21 06:15:17,2025-08-21 01:47:17,2025-08-21 02:15:17
2025-08-21,"2025-08-21T06:15:17.0","2025-08-21T06:36:17.0",3,4,2025-08-21 06:15:17,2025-08-21 06:36:17,2025-08-21 02:15:17,2025-08-21 02:36:17
2025-08-21,"2025-08-21T06:36:17.0","2025-08-21T06:54:17.0",1,5,2025-08-21 06:36:17,2025-08-21 06:54:17,2025-08-21 02:36:17,2025-08-21 02:54:17
2025-08-21,"2025-08-21T06:54:17.0","2025-08-21T07:34:17.0",0,6,2025-08-21 06:54:17,2025-08-21 07:34:17,2025-08-21 02:54:17,2025-08-21 03:34:17
2025-08-21,"2025-08-21T07:34:17.0","2025-08-21T08:37:17.0",1,7,2025-08-21 07:34:17,2025-08-21 08:37:17,2025-08-21 03:34:17,2025-08-21 04:37:17
2025-08-21,"2025-08-21T08:37:17.0","2025-08-21T08:48:17.0",0,8,2025-08-21 08:37:17,2025-08-21 08:48:17,2025-08-21 04:37:17,2025-08-21 04:48:17
2025-08-21,"2025-08-21T08:48:17.0","2025-08-21T09:45:17.0",1,9,2025-08-21 08:48:17,2025-08-21 09:45:17,2025-08-21 04:48:17,2025-08-21 05:45:17
2025-08-21,"2025-08-21T09:45:17.0","2025-08-21T09:48:17.0",3,10,2025-08-21 09:45:17,2025-08-21 09:48:17,2025-08-21 05:45:17,2025-08-21 05:48:17
2025-08-21,"2025-08-21T09:48:17.0","2025-08-21T10:07:17.0",1,11,2025-08-21 09:48:17,2025-08-21 10:07:17,2025-08-21 05:48:17,2025-08-21 06:07:17
2025-08-21,"2025-08-21T10:07:17.0","2025-08-21T10:17:17.0",0,12,2025-08-21 10:07:17,2025-08-21 10:17:17,2025-08-21 06:07:17,2025-08-21 06:17:17
2025-08-21,"2025-08-21T10:17:17.0","2025-08-21T10:41:17.0",1,13,2025-08-21 10:17:17,2025-08-21 10:41:17,2025-08-21 06:17:17,2025-08-21 06:41:17
2025-08-21,"2025-08-21T10:41:17.0","2025-08-21T10:49:17.0",2,14,2025-08-21 10:41:17,2025-08-21 10:49:17,2025-08-21 06:41:17,2025-08-21 06:49:17
2025-08-21,"2025-08-21T10:49:17.0","2025-08-21T11:07:17.0",1,15,2025-08-21 10:49:17,2025-08-21 11:07:17,2025-08-21 06:49:17,2025-08-21 07:07:17
2025-08-21,"2025-08-21T11:07:17.0","2025-08-21T11:11:17.0",3,16,2025-08-21 11:07:17,2025-08-21 11:11:17,2025-08-21 07:07:17,2025-08-21 07:11:17
2025-08-21,"2025-08-21T11:11:17.0","2025-08-21T11:40:17.0",1,17,2025-08-21 11:11:17,2025-08-21 11:40:17,2025-08-21 07:11:17,2025-08-21 07:40:17
2025-08-22,"2025-08-22T04:54:54.0","2025-08-22T07:45:54.0",1,1,2025-08-22 04:54:54,2025-08-22 07:45:54,2025-08-22 00:54:54,2025-08-22 03:45:54
2025-08-22,"2025-08-22T07:45:54.0","2025-08-22T08:12:54.0",0,2,2025-08-22 07:45:54,2025-08-22 08:12:54,2025-08-22 03:45:54,2025-08-22 04:12:54
2025-08-22,"2025-08-22T08:12:54.0","2025-08-22T09:41:54.0",1,3,2025-08-22 08:12:54,2025-08-22 09:41:54,2025-08-22 04:12:54,2025-08-22 05:41:54
2025-08-22,"2025-08-22T09:41:54.0","2025-08-22T10:10:54.0",2,4,2025-08-22 09:41:54,2025-08-22 10:10:54,2025-08-22 05:41:54,2025-08-22 06:10:54
2025-08-22,"2025-08-22T10:10:54.0","2025-08-22T10:51:54.0",1,5,2025-08-22 10:10:54,2025-08-22 10:51:54,2025-08-22 06:10:54,2025-08-22 06:51:54
2025-08-22,"2025-08-22T10:51:54.0","2025-08-22T11:36:16.0",2,6,2025-08-22 10:51:54,2025-08-22 11:36:16,2025-08-22 06:51:54,2025-08-22 07:36:16
2025-08-23,"2025-08-23T04:38:11.0","2025-08-23T04:53:11.0",1,1,2025-08-23 04:38:11,2025-08-23 04:53:11,2025-08-23 00:38:11,2025-08-23 00:53:11
2025-08-23,"2025-08-23T04:53:11.0","2025-08-23T05:29:11.0",0,2,2025-08-23 04:53:11,2025-08-23 05:29:11,2025-08-23 00:53:11,2025-08-23 01:29:11
2025-08-23,"2025-08-23T05:29:11.0","2025-08-23T06:47:11.0",1,3,2025-08-23 05:29:11,2025-08-23 06:47:11,2025-08-23 01:29:11,2025-08-23 02:47:11
2025-08-23,"2025-08-23T06:47:11.0","2025-08-23T07:22:11.0",0,4,2025-08-23 06:47:11,2025-08-23 07:22:11,2025-08-23 02:47:11,2025-08-23 03:22:11
2025-08-23,"2025-08-23T07:22:11.0","2025-08-23T07:32:11.0",1,5,2025-08-23 07:22:11,2025-08-23 07:32:11,2025-08-23 03:22:11,2025-08-23 03:32:11
2025-08-23,"2025-08-23T07:32:11.0","2025-08-23T07:53:11.0",2,6,2025-08-23 07:32:11,2025-08-23 07:53:11,2025-08-23 03:32:11,2025-08-23 03:53:11
2025-08-23,"2025-08-23T07:53:11.0","2025-08-23T08:34:11.0",1,7,2025-08-23 07:53:11,2025-08-23 08:34:11,2025-08-23 03:53:11,2025-08-23 04:34:11
2025-08-23,"2025-08-23T08:34:11.0","2025-08-23T09:05:11.0",0,8,2025-08-23 08:34:11,2025-08-23 09:05:11,2025-08-23 04:34:11,2025-08-23 05:05:11
2025-08-23,"2025-08-23T09:05:11.0","2025-08-23T09:19:11.0",1,9,2025-08-23 09:05:11,2025-08-23 09:19:11,2025-08-23 05:05:11,2025-08-23 05:19:11
2025-08-23,"2025-08-23T09:19:11.0","2025-08-23T09:45:11.0",2,10,2025-08-23 09:19:11,2025-08-23 09:45:11,2025-08-23 05:19:11,2025-08-23 05:45:11
2025-08-23,"2025-08-23T09:45:11.0","2025-08-23T09:54:11.0",1,11,2025-08-23 09:45:11,2025-08-23 09:54:11,2025-08-23 05:45:11,2025-08-23 05:54:11
2025-08-23,"2025-08-23T09:54:11.0","2025-08-23T10:03:11.0",2,12,2025-08-23 09:54:11,2025-08-23 10:03:11,2025-08-23 05:54:11,2025-08-23 06:03:11
2025-08-23,"2025-08-23T10:03:11.0","2025-08-23T10:28:11.0",1,13,2025-08-23 10:03:11,2025-08-23 10:28:11,2025-08-23 06:03:11,2025-08-23 06:28:11
2025-08-23,"2025-08-23T10:28:11.0","2025-08-23T10:35:11.0",0,14,2025-08-23 10:28:11,2025-08-23 10:35:11,2025-08-23 06:28:11,2025-08-23 06:35:11
2025-08-23,"2025-08-23T10:35:11.0","2025-08-23T10:55:11.0",1,15,2025-08-23 10:35:11,2025-08-23 10:55:11,2025-08-23 06:35:11,2025-08-23 06:55:11
2025-08-23,"2025-08-23T10:55:11.0","2025-08-23T11:26:11.0",2,16,2025-08-23 10:55:11,2025-08-23 11:26:11,2025-08-23 06:55:11,2025-08-23 07:26:11
2025-08-23,"2025-08-23T11:26:11.0","2025-08-23T11:41:11.0",1,17,2025-08-23 11:26:11,2025-08-23 11:41:11,2025-08-23 07:26:11,2025-08-23 07:41:11
2025-08-23,"2025-08-23T11:41:11.0","2025-08-23T11:42:11.0",3,18,2025-08-23 11:41:11,2025-08-23 11:42:11,2025-08-23 07:41:11,2025-08-23 07:42:11
2025-08-23,"2025-08-23T11:42:11.0","2025-08-23T12:01:11.0",1,19,2025-08-23 11:42:11,2025-08-23 12:01:11,2025-08-23 07:42:11,2025-08-23 08:01:11
2025-08-23,"2025-08-23T12:01:11.0","2025-08-23T12:07:11.0",2,20,2025-08-23 12:01:11,2025-08-23 12:07:11,2025-08-23 08:01:11,2025-08-23 08:07:11
2025-08-23,"2025-08-23T12:07:11.0","2025-08-23T12:22:11.0",1,21,2025-08-23 12:07:11,2025-08-23 12:22:11,2025-08-23 08:07:11,2025-08-23 08:22:11
2025-08-23,"2025-08-23T12:22:11.0","2025-08-23T12:39:11.0",2,22,2025-08-23 12:22:11,2025-08-23 12:39:11,2025-08-23 08:22:11,2025-08-23 08:39:11
2025-08-24,"2025-08-24T05:10:39.0","2025-08-24T05:20:39.0",1,1,2025-08-24 05:10:39,2025-08-24 05:20:39,2025-08-24 01:10:39,2025-08-24 01:20:39
2025-08-24,"2025-08-24T05:20:39.0","2025-08-24T05:43:39.0",0,2,2025-08-24 05:20:39,2025-08-24 05:43:39,2025-08-24 01:20:39,2025-08-24 01:43:39
2025-08-24,"2025-08-24T05:43:39.0","2025-08-24T05:44:39.0",3,3,2025-08-24 05:43:39,2025-08-24 05:44:39,2025-08-24 01:43:39,2025-08-24 01:44:39
2025-08-24,"2025-08-24T05:44:39.0","2025-08-24T05:58:39.0",1,4,2025-08-24 05:44:39,2025-08-24 05:58:39,2025-08-24 01:44:39,2025-08-24 01:58:39
2025-08-24,"2025-08-24T05:58:39.0","2025-08-24T06:12:39.0",3,5,2025-08-24 05:58:39,2025-08-24 06:12:39,2025-08-24 01:58:39,2025-08-24 02:12:39
2025-08-24,"2025-08-24T06:12:39.0","2025-08-24T07:14:39.0",1,6,2025-08-24 06:12:39,2025-08-24 07:14:39,2025-08-24 02:12:39,2025-08-24 03:14:39
2025-08-24,"2025-08-24T07:14:39.0","2025-08-24T07:21:39.0",0,7,2025-08-24 07:14:39,2025-08-24 07:21:39,2025-08-24 03:14:39,2025-08-24 03:21:39
2025-08-24,"2025-08-24T07:21:39.0","2025-08-24T07:31:39.0",1,8,2025-08-24 07:21:39,2025-08-24 07:31:39,2025-08-24 03:21:39,2025-08-24 03:31:39
2025-08-24,"2025-08-24T07:31:39.0","2025-08-24T07:32:39.0",3,9,2025-08-24 07:31:39,2025-08-24 07:32:39,2025-08-24 03:31:39,2025-08-24 03:32:39
2025-08-24,"2025-08-24T07:32:39.0","2025-08-24T07:43:39.0",1,10,2025-08-24 07:32:39,2025-08-24 07:43:39,2025-08-24 03:32:39,2025-08-24 03:43:39
2025-08-24,"2025-08-24T07:43:39.0","2025-08-24T08:00:39.0",2,11,2025-08-24 07:43:39,2025-08-24 08:00:39,2025-08-24 03:43:39,2025-08-24 04:00:39
2025-08-24,"2025-08-24T08:00:39.0","2025-08-24T08:46:39.0",1,12,2025-08-24 08:00:39,2025-08-24 08:46:39,2025-08-24 04:00:39,2025-08-24 04:46:39
2025-08-24,"2025-08-24T08:46:39.0","2025-08-24T09:07:39.0",0,13,2025-08-24 08:46:39,2025-08-24 09:07:39,2025-08-24 04:46:39,2025-08-24 05:07:39
2025-08-24,"2025-08-24T09:07:39.0","2025-08-24T09:14:39.0",1,14,2025-08-24 09:07:39,2025-08-24 09:14:39,2025-08-24 05:07:39,2025-08-24 05:14:39
2025-08-24,"2025-08-24T09:14:39.0","2025-08-24T09:22:39.0",2,15,2025-08-24 09:14:39,2025-08-24 09:22:39,2025-08-24 05:14:39,2025-08-24 05:22:39
2025-08-24,"2025-08-24T09:22:39.0","2025-08-24T10:51:39.0",1,16,2025-08-24 09:22:39,2025-08-24 10:51:39,2025-08-24 05:22:39,2025-08-24 06:51:39
2025-08-24,"2025-08-24T10:51:39.0","2025-08-24T11:25:39.0",2,17,2025-08-24 10:51:39,2025-08-24 11:25:39,2025-08-24 06:51:39,2025-08-24 07:25:39
2025-08-24,"2025-08-24T11:25:39.0","2025-08-24T11:27:39.0",3,18,2025-08-24 11:25:39,2025-08-24 11:27:39,2025-08-24 07:25:39,2025-08-24 07:27:39
2025-08-24,"2025-08-24T11:27:39.0","2025-08-24T11:55:39.0",1,19,2025-08-24 11:27:39,2025-08-24 11:55:39,2025-08-24 07:27:39,2025-08-24 07:55:39
2025-08-25,"2025-08-25T04:52:18.0","2025-08-25T05:04:18.0",1,1,2025-08-25 04:52:18,2025-08-25 05:04:18,2025-08-25 00:52:18,2025-08-25 01:04:18
2025-08-25,"2025-08-25T05:04:18.0","2025-08-25T05:12:18.0",0,2,2025-08-25 05:04:18,2025-08-25 05:12:18,2025-08-25 01:04:18,2025-08-25 01:12:18
2025-08-25,"2025-08-25T05:12:18.0","2025-08-25T05:22:18.0",1,3,2025-08-25 05:12:18,2025-08-25 05:22:18,2025-08-25 01:12:18,2025-08-25 01:22:18
2025-08-25,"2025-08-25T05:22:18.0","2025-08-25T05:33:18.0",0,4,2025-08-25 05:22:18,2025-08-25 05:33:18,2025-08-25 01:22:18,2025-08-25 01:33:18
2025-08-25,"2025-08-25T05:33:18.0","2025-08-25T05:54:18.0",1,5,2025-08-25 05:33:18,2025-08-25 05:54:18,2025-08-25 01:33:18,2025-08-25 01:54:18
2025-08-25,"2025-08-25T05:54:18.0","2025-08-25T06:07:18.0",0,6,2025-08-25 05:54:18,2025-08-25 06:07:18,2025-08-25 01:54:18,2025-08-25 02:07:18
2025-08-25,"2025-08-25T06:07:18.0","2025-08-25T07:14:18.0",1,7,2025-08-25 06:07:18,2025-08-25 07:14:18,2025-08-25 02:07:18,2025-08-25 03:14:18
2025-08-25,"2025-08-25T07:14:18.0","2025-08-25T07:25:18.0",0,8,2025-08-25 07:14:18,2025-08-25 07:25:18,2025-08-25 03:14:18,2025-08-25 03:25:18
2025-08-25,"2025-08-25T07:25:18.0","2025-08-25T07:33:18.0",1,9,2025-08-25 07:25:18,2025-08-25 07:33:18,2025-08-25 03:25:18,2025-08-25 03:33:18
2025-08-25,"2025-08-25T07:33:18.0","2025-08-25T07:54:18.0",0,10,2025-08-25 07:33:18,2025-08-25 07:54:18,2025-08-25 03:33:18,2025-08-25 03:54:18
2025-08-25,"2025-08-25T07:54:18.0","2025-08-25T07:55:18.0",3,11,2025-08-25 07:54:18,2025-08-25 07:55:18,2025-08-25 03:54:18,2025-08-25 03:55:18
2025-08-25,"2025-08-25T07:55:18.0","2025-08-25T08:18:18.0",1,12,2025-08-25 07:55:18,2025-08-25 08:18:18,2025-08-25 03:55:18,2025-08-25 04:18:18
2025-08-25,"2025-08-25T08:18:18.0","2025-08-25T09:15:18.0",2,13,2025-08-25 08:18:18,2025-08-25 09:15:18,2025-08-25 04:18:18,2025-08-25 05:15:18
2025-08-25,"2025-08-25T09:15:18.0","2025-08-25T10:08:18.0",1,14,2025-08-25 09:15:18,2025-08-25 10:08:18,2025-08-25 05:15:18,2025-08-25 06:08:18
2025-08-25,"2025-08-25T10:08:18.0","2025-08-25T10:18:18.0",2,15,2025-08-25 10:08:18,2025-08-25 10:18:18,2025-08-25 06:08:18,2025-08-25 06:18:18
2025-08-26,"2025-08-26T03:54:29.0","2025-08-26T03:57:29.0",1,1,2025-08-26 03:54:29,2025-08-26 03:57:29,2025-08-25 23:54:29,2025-08-25 23:57:29
2025-08-26,"2025-08-26T03:57:29.0","2025-08-26T04:57:29.0",0,2,2025-08-26 03:57:29,2025-08-26 04:57:29,2025-08-25 23:57:29,2025-08-26 00:57:29
2025-08-26,"2025-08-26T04:57:29.0","2025-08-26T05:32:29.0",1,3,2025-08-26 04:57:29,2025-08-26 05:32:29,2025-08-26 00:57:29,2025-08-26 01:32:29
2025-08-26,"2025-08-26T05:32:29.0","2025-08-26T05:33:29.0",3,4,2025-08-26 05:32:29,2025-08-26 05:33:29,2025-08-26 01:32:29,2025-08-26 01:33:29
2025-08-26,"2025-08-26T05:33:29.0","2025-08-26T05:57:29.0",1,5,2025-08-26 05:33:29,2025-08-26 05:57:29,2025-08-26 01:33:29,2025-08-26 01:57:29
2025-08-26,"2025-08-26T05:57:29.0","2025-08-26T06:21:29.0",0,6,2025-08-26 05:57:29,2025-08-26 06:21:29,2025-08-26 01:57:29,2025-08-26 02:21:29
2025-08-26,"2025-08-26T06:21:29.0","2025-08-26T07:06:29.0",1,7,2025-08-26 06:21:29,2025-08-26 07:06:29,2025-08-26 02:21:29,2025-08-26 03:06:29
2025-08-26,"2025-08-26T07:06:29.0","2025-08-26T07:29:29.0",0,8,2025-08-26 07:06:29,2025-08-26 07:29:29,2025-08-26 03:06:29,2025-08-26 03:29:29
2025-08-26,"2025-08-26T07:29:29.0","2025-08-26T08:41:29.0",1,9,2025-08-26 07:29:29,2025-08-26 08:41:29,2025-08-26 03:29:29,2025-08-26 04:41:29
2025-08-26,"2025-08-26T08:41:29.0","2025-08-26T09:08:29.0",2,10,2025-08-26 08:41:29,2025-08-26 09:08:29,2025-08-26 04:41:29,2025-08-26 05:08:29
2025-08-26,"2025-08-26T09:08:29.0","2025-08-26T09:36:29.0",3,11,2025-08-26 09:08:29,2025-08-26 09:36:29,2025-08-26 05:08:29,2025-08-26 05:36:29
2025-08-26,"2025-08-26T09:36:29.0","2025-08-26T09:47:43.0",1,12,2025-08-26 09:36:29,2025-08-26 09:47:43,2025-08-26 05:36:29,2025-08-26 05:47:43
2025-08-27,"2025-08-27T05:58:04.0","2025-08-27T06:00:04.0",1,1,2025-08-27 05:58:04,2025-08-27 06:00:04,2025-08-27 01:58:04,2025-08-27 02:00:04
2025-08-27,"2025-08-27T06:00:04.0","2025-08-27T06:36:04.0",0,2,2025-08-27 06:00:04,2025-08-27 06:36:04,2025-08-27 02:00:04,2025-08-27 02:36:04
2025-08-27,"2025-08-27T06:36:04.0","2025-08-27T06:38:04.0",3,3,2025-08-27 06:36:04,2025-08-27 06:38:04,2025-08-27 02:36:04,2025-08-27 02:38:04
2025-08-27,"2025-08-27T06:38:04.0","2025-08-27T06:58:04.0",1,4,2025-08-27 06:38:04,2025-08-27 06:58:04,2025-08-27 02:38:04,2025-08-27 02:58:04
2025-08-27,"2025-08-27T06:58:04.0","2025-08-27T07:33:04.0",0,5,2025-08-27 06:58:04,2025-08-27 07:33:04,2025-08-27 02:58:04,2025-08-27 03:33:04
2025-08-27,"2025-08-27T07:33:04.0","2025-08-27T07:42:04.0",1,6,2025-08-27 07:33:04,2025-08-27 07:42:04,2025-08-27 03:33:04,2025-08-27 03:42:04
2025-08-27,"2025-08-27T07:42:04.0","2025-08-27T07:58:04.0",2,7,2025-08-27 07:42:04,2025-08-27 07:58:04,2025-08-27 03:42:04,2025-08-27 03:58:04
2025-08-27,"2025-08-27T07:58:04.0","2025-08-27T08:11:04.0",1,8,2025-08-27 07:58:04,2025-08-27 08:11:04,2025-08-27 03:58:04,2025-08-27 04:11:04
2025-08-27,"2025-08-27T08:11:04.0","2025-08-27T08:12:04.0",3,9,2025-08-27 08:11:04,2025-08-27 08:12:04,2025-08-27 04:11:04,2025-08-27 04:12:04
2025-08-27,"2025-08-27T08:12:04.0","2025-08-27T08:22:04.0",1,10,2025-08-27 08:12:04,2025-08-27 08:22:04,2025-08-27 04:12:04,2025-08-27 04:22:04
2025-08-27,"2025-08-27T08:22:04.0","2025-08-27T08:43:04.0",0,11,2025-08-27 08:22:04,2025-08-27 08:43:04,2025-08-27 04:22:04,2025-08-27 04:43:04
2025-08-27,"2025-08-27T08:43:04.0","2025-08-27T09:10:04.0",1,12,2025-08-27 08:43:04,2025-08-27 09:10:04,2025-08-27 04:43:04,2025-08-27 05:10:04
2025-08-27,"2025-08-27T09:10:04.0","2025-08-27T09:20:04.0",3,13,2025-08-27 09:10:04,2025-08-27 09:20:04,2025-08-27 05:10:04,2025-08-27 05:20:04
2025-08-27,"2025-08-27T09:20:04.0","2025-08-27T10:57:04.0",1,14,2025-08-27 09:20:04,2025-08-27 10:57:04,2025-08-27 05:20:04,2025-08-27 06:57:04
2025-08-27,"2025-08-27T10:57:04.0","2025-08-27T11:12:04.0",2,15,2025-08-27 10:57:04,2025-08-27 11:12:04,2025-08-27 06:57:04,2025-08-27 07:12:04
2025-08-27,"2025-08-27T11:12:04.0","2025-08-27T11:43:04.0",1,16,2025-08-27 11:12:04,2025-08-27 11:43:04,2025-08-27 07:12:04,2025-08-27 07:43:04
2025-08-27,"2025-08-27T11:43:04.0","2025-08-27T11:57:04.0",3,17,2025-08-27 11:43:04,2025-08-27 11:57:04,2025-08-27 07:43:04,2025-08-27 07:57:04
2025-08-27,"2025-08-27T11:57:04.0","2025-08-27T12:12:04.0",1,18,2025-08-27 11:57:04,2025-08-27 12:12:04,2025-08-27 07:57:04,2025-08-27 08:12:04
2025-08-27,"2025-08-27T12:12:04.0","2025-08-27T12:14:04.0",3,19,2025-08-27 12:12:04,2025-08-27 12:14:04,2025-08-27 08:12:04,2025-08-27 08:14:04
2025-08-27,"2025-08-27T12:14:04.0","2025-08-27T12:57:04.0",1,20,2025-08-27 12:14:04,2025-08-27 12:57:04,2025-08-27 08:14:04,2025-08-27 08:57:04
2025-08-27,"2025-08-27T12:57:04.0","2025-08-27T13:07:04.0",3,21,2025-08-27 12:57:04,2025-08-27 13:07:04,2025-08-27 08:57:04,2025-08-27 09:07:04
2025-08-27,"2025-08-27T13:07:04.0","2025-08-27T13:33:04.0",1,22,2025-08-27 13:07:04,2025-08-27 13:33:04,2025-08-27 09:07:04,2025-08-27 09:33:04
2025-08-27,"2025-08-27T13:33:04.0","2025-08-27T13:49:04.0",3,23,2025-08-27 13:33:04,2025-08-27 13:49:04,2025-08-27 09:33:04,2025-08-27 09:49:04
2025-08-27,"2025-08-27T13:49:04.0","2025-08-27T13:59:04.0",1,24,2025-08-27 13:49:04,2025-08-27 13:59:04,2025-08-27 09:49:04,2025-08-27 09:59:04
2025-08-27,"2025-08-27T13:59:04.0","2025-08-27T14:19:04.0",2,25,2025-08-27 13:59:04,2025-08-27 14:19:04,2025-08-27 09:59:04,2025-08-27 10:19:04
2025-08-27,"2025-08-27T14:19:04.0","2025-08-27T14:35:04.0",1,26,2025-08-27 14:19:04,2025-08-27 14:35:04,2025-08-27 10:19:04,2025-08-27 10:35:04
2025-08-28,"2025-08-28T04:18:24.0","2025-08-28T04:28:24.0",1,1,2025-08-28 04:18:24,2025-08-28 04:28:24,2025-08-28 00:18:24,2025-08-28 00:28:24
2025-08-28,"2025-08-28T04:28:24.0","2025-08-28T05:21:24.0",0,2,2025-08-28 04:28:24,2025-08-28 05:21:24,2025-08-28 00:28:24,2025-08-28 01:21:24
2025-08-28,"2025-08-28T05:21:24.0","2025-08-28T05:50:24.0",1,3,2025-08-28 05:21:24,2025-08-28 05:50:24,2025-08-28 01:21:24,2025-08-28 01:50:24
2025-08-28,"2025-08-28T05:50:24.0","2025-08-28T05:56:24.0",0,4,2025-08-28 05:50:24,2025-08-28 05:56:24,2025-08-28 01:50:24,2025-08-28 01:56:24
2025-08-28,"2025-08-28T05:56:24.0","2025-08-28T06:06:24.0",3,5,2025-08-28 05:56:24,2025-08-28 06:06:24,2025-08-28 01:56:24,2025-08-28 02:06:24
2025-08-28,"2025-08-28T06:06:24.0","2025-08-28T07:17:24.0",1,6,2025-08-28 06:06:24,2025-08-28 07:17:24,2025-08-28 02:06:24,2025-08-28 03:17:24
2025-08-28,"2025-08-28T07:17:24.0","2025-08-28T07:40:24.0",0,7,2025-08-28 07:17:24,2025-08-28 07:40:24,2025-08-28 03:17:24,2025-08-28 03:40:24
2025-08-28,"2025-08-28T07:40:24.0","2025-08-28T07:43:24.0",3,8,2025-08-28 07:40:24,2025-08-28 07:43:24,2025-08-28 03:40:24,2025-08-28 03:43:24
2025-08-28,"2025-08-28T07:43:24.0","2025-08-28T08:19:24.0",1,9,2025-08-28 07:43:24,2025-08-28 08:19:24,2025-08-28 03:43:24,2025-08-28 04:19:24
2025-08-28,"2025-08-28T08:19:24.0","2025-08-28T08:36:24.0",3,10,2025-08-28 08:19:24,2025-08-28 08:36:24,2025-08-28 04:19:24,2025-08-28 04:36:24
2025-08-28,"2025-08-28T08:36:24.0","2025-08-28T09:36:24.0",1,11,2025-08-28 08:36:24,2025-08-28 09:36:24,2025-08-28 04:36:24,2025-08-28 05:36:24
2025-08-28,"2025-08-28T09:36:24.0","2025-08-28T10:01:24.0",2,12,2025-08-28 09:36:24,2025-08-28 10:01:24,2025-08-28 05:36:24,2025-08-28 06:01:24
2025-08-28,"2025-08-28T10:01:24.0","2025-08-28T10:02:24.0",1,13,2025-08-28 10:01:24,2025-08-28 10:02:24,2025-08-28 06:01:24,2025-08-28 06:02:24
2025-08-28,"2025-08-28T10:02:24.0","2025-08-28T10:04:24.0",3,14,2025-08-28 10:02:24,2025-08-28 10:04:24,2025-08-28 06:02:24,2025-08-28 06:04:24
2025-08-28,"2025-08-28T10:04:24.0","2025-08-28T10:40:24.0",1,15,2025-08-28 10:04:24,2025-08-28 10:40:24,2025-08-28 06:04:24,2025-08-28 06:40:24
2025-08-30,"2025-08-30T06:16:14.0","2025-08-30T06:23:14.0",1,1,2025-08-30 06:16:14,2025-08-30 06:23:14,2025-08-30 02:16:14,2025-08-30 02:23:14
2025-08-30,"2025-08-30T06:23:14.0","2025-08-30T06:58:14.0",0,2,2025-08-30 06:23:14,2025-08-30 06:58:14,2025-08-30 02:23:14,2025-08-30 02:58:14
2025-08-30,"2025-08-30T06:58:14.0","2025-08-30T07:04:14.0",1,3,2025-08-30 06:58:14,2025-08-30 07:04:14,2025-08-30 02:58:14,2025-08-30 03:04:14
2025-08-30,"2025-08-30T07:04:14.0","2025-08-30T07:29:14.0",0,4,2025-08-30 07:04:14,2025-08-30 07:29:14,2025-08-30 03:04:14,2025-08-30 03:29:14
2025-08-30,"2025-08-30T07:29:14.0","2025-08-30T08:22:14.0",1,5,2025-08-30 07:29:14,2025-08-30 08:22:14,2025-08-30 03:29:14,2025-08-30 04:22:14
2025-08-30,"2025-08-30T08:22:14.0","2025-08-30T08:52:14.0",0,6,2025-08-30 08:22:14,2025-08-30 08:52:14,2025-08-30 04:22:14,2025-08-30 04:52:14
2025-08-30,"2025-08-30T08:52:14.0","2025-08-30T09:16:14.0",1,7,2025-08-30 08:52:14,2025-08-30 09:16:14,2025-08-30 04:52:14,2025-08-30 05:16:14
2025-08-30,"2025-08-30T09:16:14.0","2025-08-30T09:30:14.0",0,8,2025-08-30 09:16:14,2025-08-30 09:30:14,2025-08-30 05:16:14,2025-08-30 05:30:14
2025-08-30,"2025-08-30T09:30:14.0","2025-08-30T09:46:14.0",1,9,2025-08-30 09:30:14,2025-08-30 09:46:14,2025-08-30 05:30:14,2025-08-30 05:46:14
2025-08-30,"2025-08-30T09:46:14.0","2025-08-30T10:05:14.0",2,10,2025-08-30 09:46:14,2025-08-30 10:05:14,2025-08-30 05:46:14,2025-08-30 06:05:14
2025-08-30,"2025-08-30T10:05:14.0","2025-08-30T10:13:14.0",1,11,2025-08-30 10:05:14,2025-08-30 10:13:14,2025-08-30 06:05:14,2025-08-30 06:13:14
2025-08-30,"2025-08-30T10:13:14.0","2025-08-30T10:20:14.0",2,12,2025-08-30 10:13:14,2025-08-30 10:20:14,2025-08-30 06:13:14,2025-08-30 06:20:14
2025-08-30,"2025-08-30T10:20:14.0","2025-08-30T10:43:14.0",1,13,2025-08-30 10:20:14,2025-08-30 10:43:14,2025-08-30 06:20:14,2025-08-30 06:43:14
2025-08-30,"2025-08-30T10:43:14.0","2025-08-30T10:48:14.0",2,14,2025-08-30 10:43:14,2025-08-30 10:48:14,2025-08-30 06:43:14,2025-08-30 06:48:14
2025-08-30,"2025-08-30T10:48:14.0","2025-08-30T11:02:14.0",1,15,2025-08-30 10:48:14,2025-08-30 11:02:14,2025-08-30 06:48:14,2025-08-30 07:02:14
2025-08-30,"2025-08-30T11:02:14.0","2025-08-30T11:03:14.0",3,16,2025-08-30 11:02:14,2025-08-30 11:03:14,2025-08-30 07:02:14,2025-08-30 07:03:14
2025-08-30,"2025-08-30T11:03:14.0","2025-08-30T11:18:14.0",1,17,2025-08-30 11:03:14,2025-08-30 11:18:14,2025-08-30 07:03:14,2025-08-30 07:18:14
2025-08-30,"2025-08-30T11:18:14.0","2025-08-30T12:05:14.0",2,18,2025-08-30 11:18:14,2025-08-30 12:05:14,2025-08-30 07:18:14,2025-08-30 08:05:14
2025-08-30,"2025-08-30T12:05:14.0","2025-08-30T12:31:14.0",1,19,2025-08-30 12:05:14,2025-08-30 12:31:14,2025-08-30 08:05:14,2025-08-30 08:31:14
2025-08-30,"2025-08-30T12:31:14.0","2025-08-30T12:39:14.0",3,20,2025-08-30 12:31:14,2025-08-30 12:39:14,2025-08-30 08:31:14,2025-08-30 08:39:14
2025-08-30,"2025-08-30T12:39:14.0","2025-08-30T12:49:14.0",1,21,2025-08-30 12:39:14,2025-08-30 12:49:14,2025-08-30 08:39:14,2025-08-30 08:49:14
2025-08-30,"2025-08-30T12:49:14.0","2025-08-30T13:07:14.0",2,22,2025-08-30 12:49:14,2025-08-30 13:07:14,2025-08-30 08:49:14,2025-08-30 09:07:14
2025-08-31,"2025-08-31T05:21:55.0","2025-08-31T05:31:55.0",1,1,2025-08-31 05:21:55,2025-08-31 05:31:55,2025-08-31 01:21:55,2025-08-31 01:31:55
2025-08-31,"2025-08-31T05:31:55.0","2025-08-31T06:09:55.0",0,2,2025-08-31 05:31:55,2025-08-31 06:09:55,2025-08-31 01:31:55,2025-08-31 02:09:55
2025-08-31,"2025-08-31T06:09:55.0","2025-08-31T06:14:55.0",3,3,2025-08-31 06:09:55,2025-08-31 06:14:55,2025-08-31 02:09:55,2025-08-31 02:14:55
2025-08-31,"2025-08-31T06:14:55.0","2025-08-31T06:30:55.0",1,4,2025-08-31 06:14:55,2025-08-31 06:30:55,2025-08-31 02:14:55,2025-08-31 02:30:55
2025-08-31,"2025-08-31T06:30:55.0","2025-08-31T06:31:55.0",3,5,2025-08-31 06:30:55,2025-08-31 06:31:55,2025-08-31 02:30:55,2025-08-31 02:31:55
2025-08-31,"2025-08-31T06:31:55.0","2025-08-31T06:37:55.0",1,6,2025-08-31 06:31:55,2025-08-31 06:37:55,2025-08-31 02:31:55,2025-08-31 02:37:55
2025-08-31,"2025-08-31T06:37:55.0","2025-08-31T06:49:55.0",0,7,2025-08-31 06:37:55,2025-08-31 06:49:55,2025-08-31 02:37:55,2025-08-31 02:49:55
2025-08-31,"2025-08-31T06:49:55.0","2025-08-31T07:15:55.0",1,8,2025-08-31 06:49:55,2025-08-31 07:15:55,2025-08-31 02:49:55,2025-08-31 03:15:55
2025-08-31,"2025-08-31T07:15:55.0","2025-08-31T07:30:55.0",2,9,2025-08-31 07:15:55,2025-08-31 07:30:55,2025-08-31 03:15:55,2025-08-31 03:30:55
2025-08-31,"2025-08-31T07:30:55.0","2025-08-31T08:04:55.0",1,10,2025-08-31 07:30:55,2025-08-31 08:04:55,2025-08-31 03:30:55,2025-08-31 04:04:55
2025-08-31,"2025-08-31T08:04:55.0","2025-08-31T08:42:55.0",0,11,2025-08-31 08:04:55,2025-08-31 08:42:55,2025-08-31 04:04:55,2025-08-31 04:42:55
2025-08-31,"2025-08-31T08:42:55.0","2025-08-31T08:46:55.0",3,12,2025-08-31 08:42:55,2025-08-31 08:46:55,2025-08-31 04:42:55,2025-08-31 04:46:55
2025-08-31,"2025-08-31T08:46:55.0","2025-08-31T09:38:55.0",1,13,2025-08-31 08:46:55,2025-08-31 09:38:55,2025-08-31 04:46:55,2025-08-31 05:38:55
2025-09-01,"2025-09-01T04:43:58.0","2025-09-01T04:55:58.0",1,1,2025-09-01 04:43:58,2025-09-01 04:55:58,2025-09-01 00:43:58,2025-09-01 00:55:58
2025-09-01,"2025-09-01T04:55:58.0","2025-09-01T05:38:58.0",0,2,2025-09-01 04:55:58,2025-09-01 05:38:58,2025-09-01 00:55:58,2025-09-01 01:38:58
2025-09-01,"2025-09-01T05:38:58.0","2025-09-01T05:51:58.0",1,3,2025-09-01 05:38:58,2025-09-01 05:51:58,2025-09-01 01:38:58,2025-09-01 01:51:58
2025-09-01,"2025-09-01T05:51:58.0","2025-09-01T06:02:58.0",2,4,2025-09-01 05:51:58,2025-09-01 06:02:58,2025-09-01 01:51:58,2025-09-01 02:02:58
2025-09-01,"2025-09-01T06:02:58.0","2025-09-01T06:11:58.0",1,5,2025-09-01 06:02:58,2025-09-01 06:11:58,2025-09-01 02:02:58,2025-09-01 02:11:58
2025-09-01,"2025-09-01T06:11:58.0","2025-09-01T06:32:58.0",0,6,2025-09-01 06:11:58,2025-09-01 06:32:58,2025-09-01 02:11:58,2025-09-01 02:32:58
2025-09-01,"2025-09-01T06:32:58.0","2025-09-01T06:49:58.0",1,7,2025-09-01 06:32:58,2025-09-01 06:49:58,2025-09-01 02:32:58,2025-09-01 02:49:58
2025-09-01,"2025-09-01T06:49:58.0","2025-09-01T07:18:58.0",0,8,2025-09-01 06:49:58,2025-09-01 07:18:58,2025-09-01 02:49:58,2025-09-01 03:18:58
2025-09-01,"2025-09-01T07:18:58.0","2025-09-01T07:53:58.0",1,9,2025-09-01 07:18:58,2025-09-01 07:53:58,2025-09-01 03:18:58,2025-09-01 03:53:58
2025-09-01,"2025-09-01T07:53:58.0","2025-09-01T08:08:58.0",2,10,2025-09-01 07:53:58,2025-09-01 08:08:58,2025-09-01 03:53:58,2025-09-01 04:08:58
2025-09-01,"2025-09-01T08:08:58.0","2025-09-01T08:09:58.0",3,11,2025-09-01 08:08:58,2025-09-01 08:09:58,2025-09-01 04:08:58,2025-09-01 04:09:58
2025-09-01,"2025-09-01T08:09:58.0","2025-09-01T08:30:58.0",1,12,2025-09-01 08:09:58,2025-09-01 08:30:58,2025-09-01 04:09:58,2025-09-01 04:30:58
2025-09-01,"2025-09-01T08:30:58.0","2025-09-01T08:41:58.0",0,13,2025-09-01 08:30:58,2025-09-01 08:41:58,2025-09-01 04:30:58,2025-09-01 04:41:58
2025-09-01,"2025-09-01T08:41:58.0","2025-09-01T09:38:58.0",1,14,2025-09-01 08:41:58,2025-09-01 09:38:58,2025-09-01 04:41:58,2025-09-01 05:38:58
2025-09-01,"2025-09-01T09:38:58.0","2025-09-01T09:49:58.0",2,15,2025-09-01 09:38:58,2025-09-01 09:49:58,2025-09-01 05:38:58,2025-09-01 05:49:58
2025-09-01,"2025-09-01T09:49:58.0","2025-09-01T10:10:58.0",1,16,2025-09-01 09:49:58,2025-09-01 10:10:58,2025-09-01 05:49:58,2025-09-01 06:10:58
2025-09-01,"2025-09-01T10:10:58.0","2025-09-01T10:18:58.0",3,17,2025-09-01 10:10:58,2025-09-01 10:18:58,2025-09-01 06:10:58,2025-09-01 06:18:58
2025-09-01,"2025-09-01T10:18:58.0","2025-09-01T10:35:58.0",1,18,2025-09-01 10:18:58,2025-09-01 10:35:58,2025-09-01 06:18:58,2025-09-01 06:35:58
2025-09-01,"2025-09-01T10:35:58.0","2025-09-01T10:39:58.0",3,19,2025-09-01 10:35:58,2025-09-01 10:39:58,2025-09-01 06:35:58,2025-09-01 06:39:58
2025-09-01,"2025-09-01T10:39:58.0","2025-09-01T11:21:58.0",1,20,2025-09-01 10:39:58,2025-09-01 11:21:58,2025-09-01 06:39:58,2025-09-01 07:21:58
2025-09-01,"2025-09-01T11:21:58.0","2025-09-01T11:36:58.0",2,21,2025-09-01 11:21:58,2025-09-01 11:36:58,2025-09-01 07:21:58,2025-09-01 07:36:58
2025-09-01,"2025-09-01T11:36:58.0","2025-09-01T12:21:58.0",1,22,2025-09-01 11:36:58,2025-09-01 12:21:58,2025-09-01 07:36:58,2025-09-01 08:21:58
2025-09-02,"2025-09-02T01:41:59.0","2025-09-02T01:51:59.0",1,1,2025-09-02 01:41:59,2025-09-02 01:51:59,2025-09-01 21:41:59,2025-09-01 21:51:59
2025-09-02,"2025-09-02T01:51:59.0","2025-09-02T02:20:59.0",0,2,2025-09-02 01:51:59,2025-09-02 02:20:59,2025-09-01 21:51:59,2025-09-01 22:20:59
2025-09-02,"2025-09-02T02:20:59.0","2025-09-02T02:26:59.0",1,3,2025-09-02 02:20:59,2025-09-02 02:26:59,2025-09-01 22:20:59,2025-09-01 22:26:59
2025-09-02,"2025-09-02T02:26:59.0","2025-09-02T02:48:59.0",0,4,2025-09-02 02:26:59,2025-09-02 02:48:59,2025-09-01 22:26:59,2025-09-01 22:48:59
2025-09-02,"2025-09-02T02:48:59.0","2025-09-02T03:42:59.0",1,5,2025-09-02 02:48:59,2025-09-02 03:42:59,2025-09-01 22:48:59,2025-09-01 23:42:59
2025-09-02,"2025-09-02T03:42:59.0","2025-09-02T04:02:59.0",0,6,2025-09-02 03:42:59,2025-09-02 04:02:59,2025-09-01 23:42:59,2025-09-02 00:02:59
2025-09-02,"2025-09-02T04:02:59.0","2025-09-02T05:39:59.0",1,7,2025-09-02 04:02:59,2025-09-02 05:39:59,2025-09-02 00:02:59,2025-09-02 01:39:59
2025-09-02,"2025-09-02T05:39:59.0","2025-09-02T05:52:59.0",0,8,2025-09-02 05:39:59,2025-09-02 05:52:59,2025-09-02 01:39:59,2025-09-02 01:52:59
2025-09-02,"2025-09-02T05:52:59.0","2025-09-02T06:02:59.0",1,9,2025-09-02 05:52:59,2025-09-02 06:02:59,2025-09-02 01:52:59,2025-09-02 02:02:59
2025-09-02,"2025-09-02T06:02:59.0","2025-09-02T06:12:59.0",2,10,2025-09-02 06:02:59,2025-09-02 06:12:59,2025-09-02 02:02:59,2025-09-02 02:12:59
2025-09-02,"2025-09-02T06:12:59.0","2025-09-02T06:22:59.0",1,11,2025-09-02 06:12:59,2025-09-02 06:22:59,2025-09-02 02:12:59,2025-09-02 02:22:59
2025-09-02,"2025-09-02T06:22:59.0","2025-09-02T06:31:59.0",0,12,2025-09-02 06:22:59,2025-09-02 06:31:59,2025-09-02 02:22:59,2025-09-02 02:31:59
2025-09-02,"2025-09-02T06:31:59.0","2025-09-02T06:43:59.0",1,13,2025-09-02 06:31:59,2025-09-02 06:43:59,2025-09-02 02:31:59,2025-09-02 02:43:59
2025-09-02,"2025-09-02T06:43:59.0","2025-09-02T07:22:59.0",2,14,2025-09-02 06:43:59,2025-09-02 07:22:59,2025-09-02 02:43:59,2025-09-02 03:22:59
2025-09-02,"2025-09-02T07:22:59.0","2025-09-02T07:27:59.0",1,15,2025-09-02 07:22:59,2025-09-02 07:27:59,2025-09-02 03:22:59,2025-09-02 03:27:59
2025-09-03,"2025-09-03T02:09:14.0","2025-09-03T02:12:14.0",1,1,2025-09-03 02:09:14,2025-09-03 02:12:14,2025-09-02 22:09:14,2025-09-02 22:12:14
2025-09-03,"2025-09-03T02:12:14.0","2025-09-03T03:07:14.0",0,2,2025-09-03 02:12:14,2025-09-03 03:07:14,2025-09-02 22:12:14,2025-09-02 23:07:14
2025-09-03,"2025-09-03T03:07:14.0","2025-09-03T03:20:14.0",1,3,2025-09-03 03:07:14,2025-09-03 03:20:14,2025-09-02 23:07:14,2025-09-02 23:20:14
2025-09-03,"2025-09-03T03:20:14.0","2025-09-03T03:26:14.0",2,4,2025-09-03 03:20:14,2025-09-03 03:26:14,2025-09-02 23:20:14,2025-09-02 23:26:14
2025-09-03,"2025-09-03T03:26:14.0","2025-09-03T03:33:14.0",1,5,2025-09-03 03:26:14,2025-09-03 03:33:14,2025-09-02 23:26:14,2025-09-02 23:33:14
2025-09-03,"2025-09-03T03:33:14.0","2025-09-03T03:41:14.0",0,6,2025-09-03 03:33:14,2025-09-03 03:41:14,2025-09-02 23:33:14,2025-09-02 23:41:14
2025-09-03,"2025-09-03T03:41:14.0","2025-09-03T03:48:14.0",1,7,2025-09-03 03:41:14,2025-09-03 03:48:14,2025-09-02 23:41:14,2025-09-02 23:48:14
2025-09-03,"2025-09-03T03:48:14.0","2025-09-03T03:55:14.0",0,8,2025-09-03 03:48:14,2025-09-03 03:55:14,2025-09-02 23:48:14,2025-09-02 23:55:14
2025-09-03,"2025-09-03T03:55:14.0","2025-09-03T03:56:14.0",3,9,2025-09-03 03:55:14,2025-09-03 03:56:14,2025-09-02 23:55:14,2025-09-02 23:56:14
2025-09-03,"2025-09-03T03:56:14.0","2025-09-03T04:06:14.0",1,10,2025-09-03 03:56:14,2025-09-03 04:06:14,2025-09-02 23:56:14,2025-09-03 00:06:14
2025-09-03,"2025-09-03T04:06:14.0","2025-09-03T04:20:14.0",0,11,2025-09-03 04:06:14,2025-09-03 04:20:14,2025-09-03 00:06:14,2025-09-03 00:20:14
2025-09-03,"2025-09-03T04:20:14.0","2025-09-03T04:21:14.0",3,12,2025-09-03 04:20:14,2025-09-03 04:21:14,2025-09-03 00:20:14,2025-09-03 00:21:14
2025-09-03,"2025-09-03T04:21:14.0","2025-09-03T07:20:14.0",1,13,2025-09-03 04:21:14,2025-09-03 07:20:14,2025-09-03 00:21:14,2025-09-03 03:20:14
2025-09-03,"2025-09-03T07:20:14.0","2025-09-03T07:33:14.0",0,14,2025-09-03 07:20:14,2025-09-03 07:33:14,2025-09-03 03:20:14,2025-09-03 03:33:14
2025-09-03,"2025-09-03T07:33:14.0","2025-09-03T07:46:14.0",1,15,2025-09-03 07:33:14,2025-09-03 07:46:14,2025-09-03 03:33:14,2025-09-03 03:46:14
2025-09-03,"2025-09-03T07:46:14.0","2025-09-03T07:47:14.0",3,16,2025-09-03 07:46:14,2025-09-03 07:47:14,2025-09-03 03:46:14,2025-09-03 03:47:14
2025-09-03,"2025-09-03T07:47:14.0","2025-09-03T08:51:14.0",1,17,2025-09-03 07:47:14,2025-09-03 08:51:14,2025-09-03 03:47:14,2025-09-03 04:51:14
2025-09-03,"2025-09-03T08:51:14.0","2025-09-03T09:05:14.0",2,18,2025-09-03 08:51:14,2025-09-03 09:05:14,2025-09-03 04:51:14,2025-09-03 05:05:14
2025-09-03,"2025-09-03T09:05:14.0","2025-09-03T09:55:14.0",1,19,2025-09-03 09:05:14,2025-09-03 09:55:14,2025-09-03 05:05:14,2025-09-03 05:55:14
2025-09-03,"2025-09-03T09:55:14.0","2025-09-03T09:56:14.0",3,20,2025-09-03 09:55:14,2025-09-03 09:56:14,2025-09-03 05:55:14,2025-09-03 05:56:14
2025-09-03,"2025-09-03T09:56:14.0","2025-09-03T10:06:14.0",1,21,2025-09-03 09:56:14,2025-09-03 10:06:14,2025-09-03 05:56:14,2025-09-03 06:06:14
2025-09-03,"2025-09-03T10:06:14.0","2025-09-03T10:55:14.0",2,22,2025-09-03 10:06:14,2025-09-03 10:55:14,2025-09-03 06:06:14,2025-09-03 06:55:14
2025-09-03,"2025-09-03T10:55:14.0","2025-09-03T11:02:14.0",1,23,2025-09-03 10:55:14,2025-09-03 11:02:14,2025-09-03 06:55:14,2025-09-03 07:02:14
2025-09-03,"2025-09-03T11:02:14.0","2025-09-03T11:03:14.0",3,24,2025-09-03 11:02:14,2025-09-03 11:03:14,2025-09-03 07:02:14,2025-09-03 07:03:14
2025-09-03,"2025-09-03T11:03:14.0","2025-09-03T11:19:14.0",1,25,2025-09-03 11:03:14,2025-09-03 11:19:14,2025-09-03 07:03:14,2025-09-03 07:19:14
2025-09-03,"2025-09-03T11:19:14.0","2025-09-03T11:32:14.0",2,26,2025-09-03 11:19:14,2025-09-03 11:32:14,2025-09-03 07:19:14,2025-09-03 07:32:14
2025-09-04,"2025-09-04T00:53:35.0","2025-09-04T01:31:35.0",1,1,2025-09-04 00:53:35,2025-09-04 01:31:35,2025-09-03 20:53:35,2025-09-03 21:31:35
2025-09-04,"2025-09-04T01:31:35.0","2025-09-04T01:35:35.0",3,2,2025-09-04 01:31:35,2025-09-04 01:35:35,2025-09-03 21:31:35,2025-09-03 21:35:35
2025-09-04,"2025-09-04T01:35:35.0","2025-09-04T01:45:35.0",1,3,2025-09-04 01:35:35,2025-09-04 01:45:35,2025-09-03 21:35:35,2025-09-03 21:45:35
2025-09-04,"2025-09-04T01:45:35.0","2025-09-04T01:57:35.0",0,4,2025-09-04 01:45:35,2025-09-04 01:57:35,2025-09-03 21:45:35,2025-09-03 21:57:35
2025-09-04,"2025-09-04T01:57:35.0","2025-09-04T02:02:35.0",1,5,2025-09-04 01:57:35,2025-09-04 02:02:35,2025-09-03 21:57:35,2025-09-03 22:02:35
2025-09-04,"2025-09-04T02:02:35.0","2025-09-04T03:09:35.0",3,6,2025-09-04 02:02:35,2025-09-04 03:09:35,2025-09-03 22:02:35,2025-09-03 23:09:35
2025-09-04,"2025-09-04T03:09:35.0","2025-09-04T03:19:35.0",1,7,2025-09-04 03:09:35,2025-09-04 03:19:35,2025-09-03 23:09:35,2025-09-03 23:19:35
2025-09-04,"2025-09-04T03:19:35.0","2025-09-04T03:28:35.0",0,8,2025-09-04 03:19:35,2025-09-04 03:28:35,2025-09-03 23:19:35,2025-09-03 23:28:35
2025-09-04,"2025-09-04T03:28:35.0","2025-09-04T03:29:35.0",3,9,2025-09-04 03:28:35,2025-09-04 03:29:35,2025-09-03 23:28:35,2025-09-03 23:29:35
2025-09-04,"2025-09-04T03:29:35.0","2025-09-04T04:43:35.0",1,10,2025-09-04 03:29:35,2025-09-04 04:43:35,2025-09-03 23:29:35,2025-09-04 00:43:35
2025-09-04,"2025-09-04T04:43:35.0","2025-09-04T04:58:35.0",3,11,2025-09-04 04:43:35,2025-09-04 04:58:35,2025-09-04 00:43:35,2025-09-04 00:58:35
2025-09-04,"2025-09-04T04:58:35.0","2025-09-04T05:09:35.0",1,12,2025-09-04 04:58:35,2025-09-04 05:09:35,2025-09-04 00:58:35,2025-09-04 01:09:35
2025-09-04,"2025-09-04T05:09:35.0","2025-09-04T05:28:35.0",0,13,2025-09-04 05:09:35,2025-09-04 05:28:35,2025-09-04 01:09:35,2025-09-04 01:28:35
2025-09-04,"2025-09-04T05:28:35.0","2025-09-04T05:32:35.0",3,14,2025-09-04 05:28:35,2025-09-04 05:32:35,2025-09-04 01:28:35,2025-09-04 01:32:35
2025-09-04,"2025-09-04T05:32:35.0","2025-09-04T06:21:35.0",1,15,2025-09-04 05:32:35,2025-09-04 06:21:35,2025-09-04 01:32:35,2025-09-04 02:21:35
2025-09-04,"2025-09-04T06:21:35.0","2025-09-04T06:46:35.0",0,16,2025-09-04 06:21:35,2025-09-04 06:46:35,2025-09-04 02:21:35,2025-09-04 02:46:35
2025-09-04,"2025-09-04T06:46:35.0","2025-09-04T07:43:35.0",1,17,2025-09-04 06:46:35,2025-09-04 07:43:35,2025-09-04 02:46:35,2025-09-04 03:43:35
2025-09-04,"2025-09-04T07:43:35.0","2025-09-04T07:48:35.0",2,18,2025-09-04 07:43:35,2025-09-04 07:48:35,2025-09-04 03:43:35,2025-09-04 03:48:35
2025-09-04,"2025-09-04T07:48:35.0","2025-09-04T08:07:35.0",1,19,2025-09-04 07:48:35,2025-09-04 08:07:35,2025-09-04 03:48:35,2025-09-04 04:07:35
2025-09-04,"2025-09-04T08:07:35.0","2025-09-04T08:08:35.0",3,20,2025-09-04 08:07:35,2025-09-04 08:08:35,2025-09-04 04:07:35,2025-09-04 04:08:35
2025-09-04,"2025-09-04T08:08:35.0","2025-09-04T08:24:35.0",1,21,2025-09-04 08:08:35,2025-09-04 08:24:35,2025-09-04 04:08:35,2025-09-04 04:24:35
2025-09-04,"2025-09-04T08:24:35.0","2025-09-04T08:30:35.0",3,22,2025-09-04 08:24:35,2025-09-04 08:30:35,2025-09-04 04:24:35,2025-09-04 04:30:35
2025-09-04,"2025-09-04T08:30:35.0","2025-09-04T08:41:35.0",1,23,2025-09-04 08:30:35,2025-09-04 08:41:35,2025-09-04 04:30:35,2025-09-04 04:41:35
2025-09-04,"2025-09-04T08:41:35.0","2025-09-04T08:58:35.0",3,24,2025-09-04 08:41:35,2025-09-04 08:58:35,2025-09-04 04:41:35,2025-09-04 04:58:35
2025-09-04,"2025-09-04T08:58:35.0","2025-09-04T09:56:35.0",1,25,2025-09-04 08:58:35,2025-09-04 09:56:35,2025-09-04 04:58:35,2025-09-04 05:56:35
2025-09-04,"2025-09-04T09:56:35.0","2025-09-04T10:14:35.0",2,26,2025-09-04 09:56:35,2025-09-04 10:14:35,2025-09-04 05:56:35,2025-09-04 06:14:35
2025-09-04,"2025-09-04T10:14:35.0","2025-09-04T10:46:35.0",1,27,2025-09-04 10:14:35,2025-09-04 10:46:35,2025-09-04 06:14:35,2025-09-04 06:46:35
2025-09-04,"2025-09-04T10:46:35.0","2025-09-04T11:09:35.0",2,28,2025-09-04 10:46:35,2025-09-04 11:09:35,2025-09-04 06:46:35,2025-09-04 07:09:35
2025-09-04,"2025-09-04T11:09:35.0","2025-09-04T11:48:28.0",1,29,2025-09-04 11:09:35,2025-09-04 11:48:28,2025-09-04 07:09:35,2025-09-04 07:48:28
2025-09-05,"2025-09-05T03:03:56.0","2025-09-05T03:17:56.0",1,1,2025-09-05 03:03:56,2025-09-05 03:17:56,2025-09-04 23:03:56,2025-09-04 23:17:56
2025-09-05,"2025-09-05T03:17:56.0","2025-09-05T03:24:56.0",0,2,2025-09-05 03:17:56,2025-09-05 03:24:56,2025-09-04 23:17:56,2025-09-04 23:24:56
2025-09-05,"2025-09-05T03:24:56.0","2025-09-05T03:25:56.0",3,3,2025-09-05 03:24:56,2025-09-05 03:25:56,2025-09-04 23:24:56,2025-09-04 23:25:56
2025-09-05,"2025-09-05T03:25:56.0","2025-09-05T03:35:56.0",1,4,2025-09-05 03:25:56,2025-09-05 03:35:56,2025-09-04 23:25:56,2025-09-04 23:35:56
2025-09-05,"2025-09-05T03:35:56.0","2025-09-05T04:03:56.0",0,5,2025-09-05 03:35:56,2025-09-05 04:03:56,2025-09-04 23:35:56,2025-09-05 00:03:56
2025-09-05,"2025-09-05T04:03:56.0","2025-09-05T05:34:56.0",1,6,2025-09-05 04:03:56,2025-09-05 05:34:56,2025-09-05 00:03:56,2025-09-05 01:34:56
2025-09-05,"2025-09-05T05:34:56.0","2025-09-05T05:40:56.0",0,7,2025-09-05 05:34:56,2025-09-05 05:40:56,2025-09-05 01:34:56,2025-09-05 01:40:56
2025-09-05,"2025-09-05T05:40:56.0","2025-09-05T05:57:56.0",1,8,2025-09-05 05:40:56,2025-09-05 05:57:56,2025-09-05 01:40:56,2025-09-05 01:57:56
2025-09-05,"2025-09-05T05:57:56.0","2025-09-05T06:24:56.0",0,9,2025-09-05 05:57:56,2025-09-05 06:24:56,2025-09-05 01:57:56,2025-09-05 02:24:56
2025-09-05,"2025-09-05T06:24:56.0","2025-09-05T06:39:56.0",1,10,2025-09-05 06:24:56,2025-09-05 06:39:56,2025-09-05 02:24:56,2025-09-05 02:39:56
2025-09-05,"2025-09-05T06:39:56.0","2025-09-05T06:54:56.0",2,11,2025-09-05 06:39:56,2025-09-05 06:54:56,2025-09-05 02:39:56,2025-09-05 02:54:56
2025-09-05,"2025-09-05T06:54:56.0","2025-09-05T07:11:56.0",1,12,2025-09-05 06:54:56,2025-09-05 07:11:56,2025-09-05 02:54:56,2025-09-05 03:11:56
2025-09-05,"2025-09-05T07:11:56.0","2025-09-05T07:32:56.0",2,13,2025-09-05 07:11:56,2025-09-05 07:32:56,2025-09-05 03:11:56,2025-09-05 03:32:56
2025-09-05,"2025-09-05T07:32:56.0","2025-09-05T08:21:56.0",1,14,2025-09-05 07:32:56,2025-09-05 08:21:56,2025-09-05 03:32:56,2025-09-05 04:21:56
2025-09-05,"2025-09-05T08:21:56.0","2025-09-05T08:43:56.0",2,15,2025-09-05 08:21:56,2025-09-05 08:43:56,2025-09-05 04:21:56,2025-09-05 04:43:56
2025-09-05,"2025-09-05T08:43:56.0","2025-09-05T09:42:56.0",1,16,2025-09-05 08:43:56,2025-09-05 09:42:56,2025-09-05 04:43:56,2025-09-05 05:42:56
2025-09-05,"2025-09-05T09:42:56.0","2025-09-05T09:59:56.0",2,17,2025-09-05 09:42:56,2025-09-05 09:59:56,2025-09-05 05:42:56,2025-09-05 05:59:56
2025-09-06,"2025-09-06T06:43:05.0","2025-09-06T06:58:05.0",1,1,2025-09-06 06:43:05,2025-09-06 06:58:05,2025-09-06 02:43:05,2025-09-06 02:58:05
2025-09-06,"2025-09-06T06:58:05.0","2025-09-06T07:23:05.0",0,2,2025-09-06 06:58:05,2025-09-06 07:23:05,2025-09-06 02:58:05,2025-09-06 03:23:05
2025-09-06,"2025-09-06T07:23:05.0","2025-09-06T07:28:05.0",3,3,2025-09-06 07:23:05,2025-09-06 07:28:05,2025-09-06 03:23:05,2025-09-06 03:28:05
2025-09-06,"2025-09-06T07:28:05.0","2025-09-06T08:27:05.0",1,4,2025-09-06 07:28:05,2025-09-06 08:27:05,2025-09-06 03:28:05,2025-09-06 04:27:05
2025-09-06,"2025-09-06T08:27:05.0","2025-09-06T09:05:05.0",0,5,2025-09-06 08:27:05,2025-09-06 09:05:05,2025-09-06 04:27:05,2025-09-06 05:05:05
2025-09-06,"2025-09-06T09:05:05.0","2025-09-06T09:16:05.0",1,6,2025-09-06 09:05:05,2025-09-06 09:16:05,2025-09-06 05:05:05,2025-09-06 05:16:05
2025-09-06,"2025-09-06T09:16:05.0","2025-09-06T10:00:05.0",2,7,2025-09-06 09:16:05,2025-09-06 10:00:05,2025-09-06 05:16:05,2025-09-06 06:00:05
2025-09-06,"2025-09-06T10:00:05.0","2025-09-06T10:26:05.0",1,8,2025-09-06 10:00:05,2025-09-06 10:26:05,2025-09-06 06:00:05,2025-09-06 06:26:05
2025-09-06,"2025-09-06T10:26:05.0","2025-09-06T10:33:05.0",2,9,2025-09-06 10:26:05,2025-09-06 10:33:05,2025-09-06 06:26:05,2025-09-06 06:33:05
2025-09-06,"2025-09-06T10:33:05.0","2025-09-06T10:50:05.0",1,10,2025-09-06 10:33:05,2025-09-06 10:50:05,2025-09-06 06:33:05,2025-09-06 06:50:05
2025-09-06,"2025-09-06T10:50:05.0","2025-09-06T10:55:05.0",2,11,2025-09-06 10:50:05,2025-09-06 10:55:05,2025-09-06 06:50:05,2025-09-06 06:55:05
2025-09-06,"2025-09-06T10:55:05.0","2025-09-06T11:05:05.0",1,12,2025-09-06 10:55:05,2025-09-06 11:05:05,2025-09-06 06:55:05,2025-09-06 07:05:05
2025-09-06,"2025-09-06T11:05:05.0","2025-09-06T11:19:05.0",2,13,2025-09-06 11:05:05,2025-09-06 11:19:05,2025-09-06 07:05:05,2025-09-06 07:19:05
2025-09-06,"2025-09-06T11:19:05.0","2025-09-06T11:42:05.0",1,14,2025-09-06 11:19:05,2025-09-06 11:42:05,2025-09-06 07:19:05,2025-09-06 07:42:05
2025-09-06,"2025-09-06T11:42:05.0","2025-09-06T11:52:05.0",3,15,2025-09-06 11:42:05,2025-09-06 11:52:05,2025-09-06 07:42:05,2025-09-06 07:52:05
2025-09-06,"2025-09-06T11:52:05.0","2025-09-06T12:02:05.0",1,16,2025-09-06 11:52:05,2025-09-06 12:02:05,2025-09-06 07:52:05,2025-09-06 08:02:05
2025-09-06,"2025-09-06T12:02:05.0","2025-09-06T12:15:05.0",2,17,2025-09-06 12:02:05,2025-09-06 12:15:05,2025-09-06 08:02:05,2025-09-06 08:15:05
2025-09-06,"2025-09-06T12:15:05.0","2025-09-06T12:29:05.0",1,18,2025-09-06 12:15:05,2025-09-06 12:29:05,2025-09-06 08:15:05,2025-09-06 08:29:05
2025-09-06,"2025-09-06T12:29:05.0","2025-09-06T12:34:05.0",2,19,2025-09-06 12:29:05,2025-09-06 12:34:05,2025-09-06 08:29:05,2025-09-06 08:34:05
2025-09-06,"2025-09-06T12:34:05.0","2025-09-06T12:43:05.0",1,20,2025-09-06 12:34:05,2025-09-06 12:43:05,2025-09-06 08:34:05,2025-09-06 08:43:05
2025-09-07,"2025-09-07T02:25:05.0","2025-09-07T02:34:05.0",1,1,2025-09-07 02:25:05,2025-09-07 02:34:05,2025-09-06 22:25:05,2025-09-06 22:34:05
2025-09-07,"2025-09-07T02:34:05.0","2025-09-07T03:19:05.0",0,2,2025-09-07 02:34:05,2025-09-07 03:19:05,2025-09-06 22:34:05,2025-09-06 23:19:05
2025-09-07,"2025-09-07T03:19:05.0","2025-09-07T03:55:05.0",1,3,2025-09-07 03:19:05,2025-09-07 03:55:05,2025-09-06 23:19:05,2025-09-06 23:55:05
2025-09-07,"2025-09-07T03:55:05.0","2025-09-07T03:57:05.0",3,4,2025-09-07 03:55:05,2025-09-07 03:57:05,2025-09-06 23:55:05,2025-09-06 23:57:05
2025-09-07,"2025-09-07T03:57:05.0","2025-09-07T04:15:05.0",1,5,2025-09-07 03:57:05,2025-09-07 04:15:05,2025-09-06 23:57:05,2025-09-07 00:15:05
2025-09-07,"2025-09-07T04:15:05.0","2025-09-07T04:16:05.0",3,6,2025-09-07 04:15:05,2025-09-07 04:16:05,2025-09-07 00:15:05,2025-09-07 00:16:05
2025-09-07,"2025-09-07T04:16:05.0","2025-09-07T04:32:05.0",1,7,2025-09-07 04:16:05,2025-09-07 04:32:05,2025-09-07 00:16:05,2025-09-07 00:32:05
2025-09-07,"2025-09-07T04:32:05.0","2025-09-07T04:49:05.0",0,8,2025-09-07 04:32:05,2025-09-07 04:49:05,2025-09-07 00:32:05,2025-09-07 00:49:05
2025-09-07,"2025-09-07T04:49:05.0","2025-09-07T05:26:05.0",1,9,2025-09-07 04:49:05,2025-09-07 05:26:05,2025-09-07 00:49:05,2025-09-07 01:26:05
2025-09-07,"2025-09-07T05:26:05.0","2025-09-07T05:36:05.0",2,10,2025-09-07 05:26:05,2025-09-07 05:36:05,2025-09-07 01:26:05,2025-09-07 01:36:05
2025-09-07,"2025-09-07T05:36:05.0","2025-09-07T06:07:05.0",1,11,2025-09-07 05:36:05,2025-09-07 06:07:05,2025-09-07 01:36:05,2025-09-07 02:07:05
2025-09-07,"2025-09-07T06:07:05.0","2025-09-07T06:24:05.0",0,12,2025-09-07 06:07:05,2025-09-07 06:24:05,2025-09-07 02:07:05,2025-09-07 02:24:05
2025-09-07,"2025-09-07T06:24:05.0","2025-09-07T06:25:05.0",3,13,2025-09-07 06:24:05,2025-09-07 06:25:05,2025-09-07 02:24:05,2025-09-07 02:25:05
2025-09-07,"2025-09-07T06:25:05.0","2025-09-07T07:39:05.0",1,14,2025-09-07 06:25:05,2025-09-07 07:39:05,2025-09-07 02:25:05,2025-09-07 03:39:05
2025-09-07,"2025-09-07T07:39:05.0","2025-09-07T08:44:05.0",3,15,2025-09-07 07:39:05,2025-09-07 08:44:05,2025-09-07 03:39:05,2025-09-07 04:44:05
2025-09-07,"2025-09-07T08:44:05.0","2025-09-07T10:06:05.0",1,16,2025-09-07 08:44:05,2025-09-07 10:06:05,2025-09-07 04:44:05,2025-09-07 06:06:05
2025-09-07,"2025-09-07T10:06:05.0","2025-09-07T10:48:05.0",2,17,2025-09-07 10:06:05,2025-09-07 10:48:05,2025-09-07 06:06:05,2025-09-07 06:48:05
2025-09-07,"2025-09-07T10:48:05.0","2025-09-07T11:32:05.0",1,18,2025-09-07 10:48:05,2025-09-07 11:32:05,2025-09-07 06:48:05,2025-09-07 07:32:05
2025-09-08,"2025-09-08T04:08:41.0","2025-09-08T04:27:41.0",1,1,2025-09-08 04:08:41,2025-09-08 04:27:41,2025-09-08 00:08:41,2025-09-08 00:27:41
2025-09-08,"2025-09-08T04:27:41.0","2025-09-08T04:38:41.0",0,2,2025-09-08 04:27:41,2025-09-08 04:38:41,2025-09-08 00:27:41,2025-09-08 00:38:41
2025-09-08,"2025-09-08T04:38:41.0","2025-09-08T04:48:41.0",1,3,2025-09-08 04:38:41,2025-09-08 04:48:41,2025-09-08 00:38:41,2025-09-08 00:48:41
2025-09-08,"2025-09-08T04:48:41.0","2025-09-08T04:53:41.0",3,4,2025-09-08 04:48:41,2025-09-08 04:53:41,2025-09-08 00:48:41,2025-09-08 00:53:41
2025-09-08,"2025-09-08T04:53:41.0","2025-09-08T05:14:41.0",1,5,2025-09-08 04:53:41,2025-09-08 05:14:41,2025-09-08 00:53:41,2025-09-08 01:14:41
2025-09-08,"2025-09-08T05:14:41.0","2025-09-08T05:29:41.0",0,6,2025-09-08 05:14:41,2025-09-08 05:29:41,2025-09-08 01:14:41,2025-09-08 01:29:41
2025-09-08,"2025-09-08T05:29:41.0","2025-09-08T05:34:41.0",1,7,2025-09-08 05:29:41,2025-09-08 05:34:41,2025-09-08 01:29:41,2025-09-08 01:34:41
2025-09-08,"2025-09-08T05:34:41.0","2025-09-08T05:48:41.0",0,8,2025-09-08 05:34:41,2025-09-08 05:48:41,2025-09-08 01:34:41,2025-09-08 01:48:41
2025-09-08,"2025-09-08T05:48:41.0","2025-09-08T06:41:41.0",1,9,2025-09-08 05:48:41,2025-09-08 06:41:41,2025-09-08 01:48:41,2025-09-08 02:41:41
2025-09-08,"2025-09-08T06:41:41.0","2025-09-08T07:09:41.0",2,10,2025-09-08 06:41:41,2025-09-08 07:09:41,2025-09-08 02:41:41,2025-09-08 03:09:41
2025-09-08,"2025-09-08T07:09:41.0","2025-09-08T07:23:41.0",1,11,2025-09-08 07:09:41,2025-09-08 07:23:41,2025-09-08 03:09:41,2025-09-08 03:23:41
2025-09-08,"2025-09-08T07:23:41.0","2025-09-08T07:50:41.0",0,12,2025-09-08 07:23:41,2025-09-08 07:50:41,2025-09-08 03:23:41,2025-09-08 03:50:41
2025-09-08,"2025-09-08T07:50:41.0","2025-09-08T07:59:41.0",1,13,2025-09-08 07:50:41,2025-09-08 07:59:41,2025-09-08 03:50:41,2025-09-08 03:59:41
2025-09-08,"2025-09-08T07:59:41.0","2025-09-08T08:05:41.0",2,14,2025-09-08 07:59:41,2025-09-08 08:05:41,2025-09-08 03:59:41,2025-09-08 04:05:41
2025-09-08,"2025-09-08T08:05:41.0","2025-09-08T08:50:41.0",1,15,2025-09-08 08:05:41,2025-09-08 08:50:41,2025-09-08 04:05:41,2025-09-08 04:50:41
2025-09-08,"2025-09-08T08:50:41.0","2025-09-08T09:00:16.0",2,16,2025-09-08 08:50:41,2025-09-08 09:00:16,2025-09-08 04:50:41,2025-09-08 05:00:16
2025-09-09,"2025-09-09T01:10:16.0","2025-09-09T01:21:16.0",1,1,2025-09-09 01:10:16,2025-09-09 01:21:16,2025-09-08 21:10:16,2025-09-08 21:21:16
2025-09-09,"2025-09-09T01:21:16.0","2025-09-09T01:26:16.0",0,2,2025-09-09 01:21:16,2025-09-09 01:26:16,2025-09-08 21:21:16,2025-09-08 21:26:16
2025-09-09,"2025-09-09T01:26:16.0","2025-09-09T01:30:16.0",3,3,2025-09-09 01:26:16,2025-09-09 01:30:16,2025-09-08 21:26:16,2025-09-08 21:30:16
2025-09-09,"2025-09-09T01:30:16.0","2025-09-09T01:49:16.0",1,4,2025-09-09 01:30:16,2025-09-09 01:49:16,2025-09-08 21:30:16,2025-09-08 21:49:16
2025-09-09,"2025-09-09T01:49:16.0","2025-09-09T02:04:16.0",0,5,2025-09-09 01:49:16,2025-09-09 02:04:16,2025-09-08 21:49:16,2025-09-08 22:04:16
2025-09-09,"2025-09-09T02:04:16.0","2025-09-09T02:27:16.0",1,6,2025-09-09 02:04:16,2025-09-09 02:27:16,2025-09-08 22:04:16,2025-09-08 22:27:16
2025-09-09,"2025-09-09T02:27:16.0","2025-09-09T03:04:16.0",0,7,2025-09-09 02:27:16,2025-09-09 03:04:16,2025-09-08 22:27:16,2025-09-08 23:04:16
2025-09-09,"2025-09-09T03:04:16.0","2025-09-09T03:05:16.0",3,8,2025-09-09 03:04:16,2025-09-09 03:05:16,2025-09-08 23:04:16,2025-09-08 23:05:16
2025-09-09,"2025-09-09T03:05:16.0","2025-09-09T03:36:16.0",1,9,2025-09-09 03:05:16,2025-09-09 03:36:16,2025-09-08 23:05:16,2025-09-08 23:36:16
2025-09-09,"2025-09-09T03:36:16.0","2025-09-09T04:24:16.0",0,10,2025-09-09 03:36:16,2025-09-09 04:24:16,2025-09-08 23:36:16,2025-09-09 00:24:16
2025-09-09,"2025-09-09T04:24:16.0","2025-09-09T04:34:16.0",1,11,2025-09-09 04:24:16,2025-09-09 04:34:16,2025-09-09 00:24:16,2025-09-09 00:34:16
2025-09-09,"2025-09-09T04:34:16.0","2025-09-09T05:07:16.0",2,12,2025-09-09 04:34:16,2025-09-09 05:07:16,2025-09-09 00:34:16,2025-09-09 01:07:16
2025-09-09,"2025-09-09T05:07:16.0","2025-09-09T06:10:16.0",1,13,2025-09-09 05:07:16,2025-09-09 06:10:16,2025-09-09 01:07:16,2025-09-09 02:10:16
2025-09-09,"2025-09-09T06:10:16.0","2025-09-09T06:29:16.0",2,14,2025-09-09 06:10:16,2025-09-09 06:29:16,2025-09-09 02:10:16,2025-09-09 02:29:16
2025-09-09,"2025-09-09T06:29:16.0","2025-09-09T07:41:16.0",1,15,2025-09-09 06:29:16,2025-09-09 07:41:16,2025-09-09 02:29:16,2025-09-09 03:41:16
2025-09-09,"2025-09-09T07:41:16.0","2025-09-09T07:46:16.0",2,16,2025-09-09 07:41:16,2025-09-09 07:46:16,2025-09-09 03:41:16,2025-09-09 03:46:16
2025-09-09,"2025-09-09T07:46:16.0","2025-09-09T07:56:16.0",1,17,2025-09-09 07:46:16,2025-09-09 07:56:16,2025-09-09 03:46:16,2025-09-09 03:56:16
2025-09-09,"2025-09-09T07:56:16.0","2025-09-09T08:06:16.0",2,18,2025-09-09 07:56:16,2025-09-09 08:06:16,2025-09-09 03:56:16,2025-09-09 04:06:16
2025-09-10,"2025-09-10T00:54:56.0","2025-09-10T01:01:56.0",1,1,2025-09-10 00:54:56,2025-09-10 01:01:56,2025-09-09 20:54:56,2025-09-09 21:01:56
2025-09-10,"2025-09-10T01:01:56.0","2025-09-10T01:33:56.0",0,2,2025-09-10 01:01:56,2025-09-10 01:33:56,2025-09-09 21:01:56,2025-09-09 21:33:56
2025-09-10,"2025-09-10T01:33:56.0","2025-09-10T01:34:56.0",3,3,2025-09-10 01:33:56,2025-09-10 01:34:56,2025-09-09 21:33:56,2025-09-09 21:34:56
2025-09-10,"2025-09-10T01:34:56.0","2025-09-10T01:48:56.0",1,4,2025-09-10 01:34:56,2025-09-10 01:48:56,2025-09-09 21:34:56,2025-09-09 21:48:56
2025-09-10,"2025-09-10T01:48:56.0","2025-09-10T02:12:56.0",0,5,2025-09-10 01:48:56,2025-09-10 02:12:56,2025-09-09 21:48:56,2025-09-09 22:12:56
2025-09-10,"2025-09-10T02:12:56.0","2025-09-10T02:55:56.0",1,6,2025-09-10 02:12:56,2025-09-10 02:55:56,2025-09-09 22:12:56,2025-09-09 22:55:56
2025-09-10,"2025-09-10T02:55:56.0","2025-09-10T03:22:56.0",0,7,2025-09-10 02:55:56,2025-09-10 03:22:56,2025-09-09 22:55:56,2025-09-09 23:22:56
2025-09-10,"2025-09-10T03:22:56.0","2025-09-10T03:34:56.0",-1,8,2025-09-10 03:22:56,2025-09-10 03:34:56,2025-09-09 23:22:56,2025-09-09 23:34:56
2025-09-10,"2025-09-10T03:34:56.0","2025-09-10T04:34:56.0",1,9,2025-09-10 03:34:56,2025-09-10 04:34:56,2025-09-09 23:34:56,2025-09-10 00:34:56
2025-09-10,"2025-09-10T04:34:56.0","2025-09-10T04:44:56.0",0,10,2025-09-10 04:34:56,2025-09-10 04:44:56,2025-09-10 00:34:56,2025-09-10 00:44:56
2025-09-10,"2025-09-10T04:44:56.0","2025-09-10T05:23:56.0",1,11,2025-09-10 04:44:56,2025-09-10 05:23:56,2025-09-10 00:44:56,2025-09-10 01:23:56
2025-09-10,"2025-09-10T05:23:56.0","2025-09-10T05:56:56.0",2,12,2025-09-10 05:23:56,2025-09-10 05:56:56,2025-09-10 01:23:56,2025-09-10 01:56:56
2025-09-10,"2025-09-10T05:56:56.0","2025-09-10T05:57:56.0",3,13,2025-09-10 05:56:56,2025-09-10 05:57:56,2025-09-10 01:56:56,2025-09-10 01:57:56
2025-09-10,"2025-09-10T05:57:56.0","2025-09-10T06:14:56.0",1,14,2025-09-10 05:57:56,2025-09-10 06:14:56,2025-09-10 01:57:56,2025-09-10 02:14:56
2025-09-10,"2025-09-10T06:14:56.0","2025-09-10T06:34:56.0",3,15,2025-09-10 06:14:56,2025-09-10 06:34:56,2025-09-10 02:14:56,2025-09-10 02:34:56
2025-09-10,"2025-09-10T06:34:56.0","2025-09-10T06:45:56.0",1,16,2025-09-10 06:34:56,2025-09-10 06:45:56,2025-09-10 02:34:56,2025-09-10 02:45:56
2025-09-10,"2025-09-10T06:45:56.0","2025-09-10T07:23:56.0",3,17,2025-09-10 06:45:56,2025-09-10 07:23:56,2025-09-10 02:45:56,2025-09-10 03:23:56
2025-09-10,"2025-09-10T07:23:56.0","2025-09-10T08:50:56.0",1,18,2025-09-10 07:23:56,2025-09-10 08:50:56,2025-09-10 03:23:56,2025-09-10 04:50:56
2025-09-10,"2025-09-10T08:50:56.0","2025-09-10T08:59:56.0",2,19,2025-09-10 08:50:56,2025-09-10 08:59:56,2025-09-10 04:50:56,2025-09-10 04:59:56
2025-09-10,"2025-09-10T08:59:56.0","2025-09-10T09:09:56.0",1,20,2025-09-10 08:59:56,2025-09-10 09:09:56,2025-09-10 04:59:56,2025-09-10 05:09:56
2025-09-10,"2025-09-10T09:09:56.0","2025-09-10T09:28:56.0",2,21,2025-09-10 09:09:56,2025-09-10 09:28:56,2025-09-10 05:09:56,2025-09-10 05:28:56
2025-09-10,"2025-09-10T09:28:56.0","2025-09-10T09:29:56.0",3,22,2025-09-10 09:28:56,2025-09-10 09:29:56,2025-09-10 05:28:56,2025-09-10 05:29:56
2025-09-10,"2025-09-10T09:29:56.0","2025-09-10T10:44:56.0",1,23,2025-09-10 09:29:56,2025-09-10 10:44:56,2025-09-10 05:29:56,2025-09-10 06:44:56
2025-09-11,"2025-09-11T01:25:57.0","2025-09-11T01:42:57.0",1,1,2025-09-11 01:25:57,2025-09-11 01:42:57,2025-09-10 21:25:57,2025-09-10 21:42:57
2025-09-11,"2025-09-11T01:42:57.0","2025-09-11T02:13:57.0",0,2,2025-09-11 01:42:57,2025-09-11 02:13:57,2025-09-10 21:42:57,2025-09-10 22:13:57
2025-09-11,"2025-09-11T02:13:57.0","2025-09-11T02:43:57.0",1,3,2025-09-11 02:13:57,2025-09-11 02:43:57,2025-09-10 22:13:57,2025-09-10 22:43:57
2025-09-11,"2025-09-11T02:43:57.0","2025-09-11T02:44:57.0",3,4,2025-09-11 02:43:57,2025-09-11 02:44:57,2025-09-10 22:43:57,2025-09-10 22:44:57
2025-09-11,"2025-09-11T02:44:57.0","2025-09-11T02:56:57.0",1,5,2025-09-11 02:44:57,2025-09-11 02:56:57,2025-09-10 22:44:57,2025-09-10 22:56:57
2025-09-11,"2025-09-11T02:56:57.0","2025-09-11T03:05:57.0",2,6,2025-09-11 02:56:57,2025-09-11 03:05:57,2025-09-10 22:56:57,2025-09-10 23:05:57
2025-09-11,"2025-09-11T03:05:57.0","2025-09-11T03:08:57.0",1,7,2025-09-11 03:05:57,2025-09-11 03:08:57,2025-09-10 23:05:57,2025-09-10 23:08:57
2025-09-11,"2025-09-11T03:08:57.0","2025-09-11T03:10:57.0",3,8,2025-09-11 03:08:57,2025-09-11 03:10:57,2025-09-10 23:08:57,2025-09-10 23:10:57
2025-09-11,"2025-09-11T03:10:57.0","2025-09-11T04:17:57.0",1,9,2025-09-11 03:10:57,2025-09-11 04:17:57,2025-09-10 23:10:57,2025-09-11 00:17:57
2025-09-11,"2025-09-11T04:17:57.0","2025-09-11T04:35:57.0",2,10,2025-09-11 04:17:57,2025-09-11 04:35:57,2025-09-11 00:17:57,2025-09-11 00:35:57
2025-09-11,"2025-09-11T04:35:57.0","2025-09-11T04:44:57.0",1,11,2025-09-11 04:35:57,2025-09-11 04:44:57,2025-09-11 00:35:57,2025-09-11 00:44:57
2025-09-11,"2025-09-11T04:44:57.0","2025-09-11T05:08:57.0",0,12,2025-09-11 04:44:57,2025-09-11 05:08:57,2025-09-11 00:44:57,2025-09-11 01:08:57
2025-09-11,"2025-09-11T05:08:57.0","2025-09-11T05:45:57.0",1,13,2025-09-11 05:08:57,2025-09-11 05:45:57,2025-09-11 01:08:57,2025-09-11 01:45:57
2025-09-11,"2025-09-11T05:45:57.0","2025-09-11T06:05:57.0",2,14,2025-09-11 05:45:57,2025-09-11 06:05:57,2025-09-11 01:45:57,2025-09-11 02:05:57
2025-09-11,"2025-09-11T06:05:57.0","2025-09-11T06:27:57.0",1,15,2025-09-11 06:05:57,2025-09-11 06:27:57,2025-09-11 02:05:57,2025-09-11 02:27:57
2025-09-11,"2025-09-11T06:27:57.0","2025-09-11T06:51:57.0",3,16,2025-09-11 06:27:57,2025-09-11 06:51:57,2025-09-11 02:27:57,2025-09-11 02:51:57
2025-09-11,"2025-09-11T06:51:57.0","2025-09-11T07:04:57.0",1,17,2025-09-11 06:51:57,2025-09-11 07:04:57,2025-09-11 02:51:57,2025-09-11 03:04:57
2025-09-11,"2025-09-11T07:04:57.0","2025-09-11T07:18:57.0",3,18,2025-09-11 07:04:57,2025-09-11 07:18:57,2025-09-11 03:04:57,2025-09-11 03:18:57
2025-09-11,"2025-09-11T07:18:57.0","2025-09-11T07:39:57.0",1,19,2025-09-11 07:18:57,2025-09-11 07:39:57,2025-09-11 03:18:57,2025-09-11 03:39:57
2025-09-12,"2025-09-12T02:19:41.0","2025-09-12T02:37:41.0",1,1,2025-09-12 02:19:41,2025-09-12 02:37:41,2025-09-11 22:19:41,2025-09-11 22:37:41
2025-09-12,"2025-09-12T02:37:41.0","2025-09-12T03:08:41.0",0,2,2025-09-12 02:37:41,2025-09-12 03:08:41,2025-09-11 22:37:41,2025-09-11 23:08:41
2025-09-12,"2025-09-12T03:08:41.0","2025-09-12T04:16:41.0",1,3,2025-09-12 03:08:41,2025-09-12 04:16:41,2025-09-11 23:08:41,2025-09-12 00:16:41
2025-09-12,"2025-09-12T04:16:41.0","2025-09-12T04:37:41.0",0,4,2025-09-12 04:16:41,2025-09-12 04:37:41,2025-09-12 00:16:41,2025-09-12 00:37:41
2025-09-12,"2025-09-12T04:37:41.0","2025-09-12T05:33:41.0",1,5,2025-09-12 04:37:41,2025-09-12 05:33:41,2025-09-12 00:37:41,2025-09-12 01:33:41
2025-09-12,"2025-09-12T05:33:41.0","2025-09-12T05:39:41.0",0,6,2025-09-12 05:33:41,2025-09-12 05:39:41,2025-09-12 01:33:41,2025-09-12 01:39:41
2025-09-12,"2025-09-12T05:39:41.0","2025-09-12T05:58:41.0",1,7,2025-09-12 05:39:41,2025-09-12 05:58:41,2025-09-12 01:39:41,2025-09-12 01:58:41
2025-09-12,"2025-09-12T05:58:41.0","2025-09-12T06:25:41.0",2,8,2025-09-12 05:58:41,2025-09-12 06:25:41,2025-09-12 01:58:41,2025-09-12 02:25:41
2025-09-12,"2025-09-12T06:25:41.0","2025-09-12T06:46:41.0",1,9,2025-09-12 06:25:41,2025-09-12 06:46:41,2025-09-12 02:25:41,2025-09-12 02:46:41
2025-09-12,"2025-09-12T06:46:41.0","2025-09-12T06:57:41.0",0,10,2025-09-12 06:46:41,2025-09-12 06:57:41,2025-09-12 02:46:41,2025-09-12 02:57:41
2025-09-12,"2025-09-12T06:57:41.0","2025-09-12T07:20:41.0",1,11,2025-09-12 06:57:41,2025-09-12 07:20:41,2025-09-12 02:57:41,2025-09-12 03:20:41
2025-09-12,"2025-09-12T07:20:41.0","2025-09-12T07:38:41.0",2,12,2025-09-12 07:20:41,2025-09-12 07:38:41,2025-09-12 03:20:41,2025-09-12 03:38:41
2025-09-12,"2025-09-12T07:38:41.0","2025-09-12T09:13:41.0",1,13,2025-09-12 07:38:41,2025-09-12 09:13:41,2025-09-12 03:38:41,2025-09-12 05:13:41
2025-09-12,"2025-09-12T09:13:41.0","2025-09-12T09:42:41.0",2,14,2025-09-12 09:13:41,2025-09-12 09:42:41,2025-09-12 05:13:41,2025-09-12 05:42:41
2025-09-12,"2025-09-12T09:42:41.0","2025-09-12T10:16:41.0",1,15,2025-09-12 09:42:41,2025-09-12 10:16:41,2025-09-12 05:42:41,2025-09-12 06:16:41
2025-09-12,"2025-09-12T10:16:41.0","2025-09-12T10:36:41.0",2,16,2025-09-12 10:16:41,2025-09-12 10:36:41,2025-09-12 06:16:41,2025-09-12 06:36:41
2025-09-13,"2025-09-13T03:29:03.0","2025-09-13T03:36:03.0",1,1,2025-09-13 03:29:03,2025-09-13 03:36:03,2025-09-12 23:29:03,2025-09-12 23:36:03
2025-09-13,"2025-09-13T03:36:03.0","2025-09-13T03:58:03.0",0,2,2025-09-13 03:36:03,2025-09-13 03:58:03,2025-09-12 23:36:03,2025-09-12 23:58:03
2025-09-13,"2025-09-13T03:58:03.0","2025-09-13T03:59:03.0",3,3,2025-09-13 03:58:03,2025-09-13 03:59:03,2025-09-12 23:58:03,2025-09-12 23:59:03
2025-09-13,"2025-09-13T03:59:03.0","2025-09-13T04:10:03.0",1,4,2025-09-13 03:59:03,2025-09-13 04:10:03,2025-09-12 23:59:03,2025-09-13 00:10:03
2025-09-13,"2025-09-13T04:10:03.0","2025-09-13T04:11:03.0",3,5,2025-09-13 04:10:03,2025-09-13 04:11:03,2025-09-13 00:10:03,2025-09-13 00:11:03
2025-09-13,"2025-09-13T04:11:03.0","2025-09-13T04:21:03.0",1,6,2025-09-13 04:11:03,2025-09-13 04:21:03,2025-09-13 00:11:03,2025-09-13 00:21:03
2025-09-13,"2025-09-13T04:21:03.0","2025-09-13T04:34:03.0",0,7,2025-09-13 04:21:03,2025-09-13 04:34:03,2025-09-13 00:21:03,2025-09-13 00:34:03
2025-09-13,"2025-09-13T04:34:03.0","2025-09-13T04:56:03.0",1,8,2025-09-13 04:34:03,2025-09-13 04:56:03,2025-09-13 00:34:03,2025-09-13 00:56:03
2025-09-13,"2025-09-13T04:56:03.0","2025-09-13T05:01:03.0",3,9,2025-09-13 04:56:03,2025-09-13 05:01:03,2025-09-13 00:56:03,2025-09-13 01:01:03
2025-09-13,"2025-09-13T05:01:03.0","2025-09-13T05:12:03.0",1,10,2025-09-13 05:01:03,2025-09-13 05:12:03,2025-09-13 01:01:03,2025-09-13 01:12:03
2025-09-13,"2025-09-13T05:12:03.0","2025-09-13T05:41:03.0",0,11,2025-09-13 05:12:03,2025-09-13 05:41:03,2025-09-13 01:12:03,2025-09-13 01:41:03
2025-09-13,"2025-09-13T05:41:03.0","2025-09-13T05:44:03.0",3,12,2025-09-13 05:41:03,2025-09-13 05:44:03,2025-09-13 01:41:03,2025-09-13 01:44:03
2025-09-13,"2025-09-13T05:44:03.0","2025-09-13T06:31:03.0",1,13,2025-09-13 05:44:03,2025-09-13 06:31:03,2025-09-13 01:44:03,2025-09-13 02:31:03
2025-09-13,"2025-09-13T06:31:03.0","2025-09-13T06:42:03.0",3,14,2025-09-13 06:31:03,2025-09-13 06:42:03,2025-09-13 02:31:03,2025-09-13 02:42:03
2025-09-13,"2025-09-13T06:42:03.0","2025-09-13T06:52:03.0",1,15,2025-09-13 06:42:03,2025-09-13 06:52:03,2025-09-13 02:42:03,2025-09-13 02:52:03
2025-09-13,"2025-09-13T06:52:03.0","2025-09-13T07:02:03.0",3,16,2025-09-13 06:52:03,2025-09-13 07:02:03,2025-09-13 02:52:03,2025-09-13 03:02:03
2025-09-13,"2025-09-13T07:02:03.0","2025-09-13T07:11:03.0",1,17,2025-09-13 07:02:03,2025-09-13 07:11:03,2025-09-13 03:02:03,2025-09-13 03:11:03
2025-09-13,"2025-09-13T07:11:03.0","2025-09-13T07:33:03.0",0,18,2025-09-13 07:11:03,2025-09-13 07:33:03,2025-09-13 03:11:03,2025-09-13 03:33:03
2025-09-13,"2025-09-13T07:33:03.0","2025-09-13T07:37:03.0",3,19,2025-09-13 07:33:03,2025-09-13 07:37:03,2025-09-13 03:33:03,2025-09-13 03:37:03
2025-09-13,"2025-09-13T07:37:03.0","2025-09-13T08:53:03.0",1,20,2025-09-13 07:37:03,2025-09-13 08:53:03,2025-09-13 03:37:03,2025-09-13 04:53:03
2025-09-13,"2025-09-13T08:53:03.0","2025-09-13T09:15:03.0",0,21,2025-09-13 08:53:03,2025-09-13 09:15:03,2025-09-13 04:53:03,2025-09-13 05:15:03
2025-09-13,"2025-09-13T09:15:03.0","2025-09-13T09:38:03.0",1,22,2025-09-13 09:15:03,2025-09-13 09:38:03,2025-09-13 05:15:03,2025-09-13 05:38:03
2025-09-13,"2025-09-13T09:38:03.0","2025-09-13T10:01:03.0",2,23,2025-09-13 09:38:03,2025-09-13 10:01:03,2025-09-13 05:38:03,2025-09-13 06:01:03
2025-09-14,"2025-09-14T02:35:04.0","2025-09-14T02:41:04.0",1,1,2025-09-14 02:35:04,2025-09-14 02:41:04,2025-09-13 22:35:04,2025-09-13 22:41:04
2025-09-14,"2025-09-14T02:41:04.0","2025-09-14T03:22:04.0",0,2,2025-09-14 02:41:04,2025-09-14 03:22:04,2025-09-13 22:41:04,2025-09-13 23:22:04
2025-09-14,"2025-09-14T03:22:04.0","2025-09-14T04:04:04.0",1,3,2025-09-14 03:22:04,2025-09-14 04:04:04,2025-09-13 23:22:04,2025-09-14 00:04:04
2025-09-14,"2025-09-14T04:04:04.0","2025-09-14T04:34:04.0",0,4,2025-09-14 04:04:04,2025-09-14 04:34:04,2025-09-14 00:04:04,2025-09-14 00:34:04
2025-09-14,"2025-09-14T04:34:04.0","2025-09-14T04:51:04.0",1,5,2025-09-14 04:34:04,2025-09-14 04:51:04,2025-09-14 00:34:04,2025-09-14 00:51:04
2025-09-14,"2025-09-14T04:51:04.0","2025-09-14T05:01:04.0",0,6,2025-09-14 04:51:04,2025-09-14 05:01:04,2025-09-14 00:51:04,2025-09-14 01:01:04
2025-09-14,"2025-09-14T05:01:04.0","2025-09-14T05:49:04.0",1,7,2025-09-14 05:01:04,2025-09-14 05:49:04,2025-09-14 01:01:04,2025-09-14 01:49:04
2025-09-14,"2025-09-14T05:49:04.0","2025-09-14T06:09:04.0",0,8,2025-09-14 05:49:04,2025-09-14 06:09:04,2025-09-14 01:49:04,2025-09-14 02:09:04
2025-09-14,"2025-09-14T06:09:04.0","2025-09-14T06:22:04.0",1,9,2025-09-14 06:09:04,2025-09-14 06:22:04,2025-09-14 02:09:04,2025-09-14 02:22:04
2025-09-14,"2025-09-14T06:22:04.0","2025-09-14T06:41:04.0",0,10,2025-09-14 06:22:04,2025-09-14 06:41:04,2025-09-14 02:22:04,2025-09-14 02:41:04
2025-09-14,"2025-09-14T06:41:04.0","2025-09-14T06:58:04.0",1,11,2025-09-14 06:41:04,2025-09-14 06:58:04,2025-09-14 02:41:04,2025-09-14 02:58:04
2025-09-14,"2025-09-14T06:58:04.0","2025-09-14T07:11:04.0",0,12,2025-09-14 06:58:04,2025-09-14 07:11:04,2025-09-14 02:58:04,2025-09-14 03:11:04
2025-09-14,"2025-09-14T07:11:04.0","2025-09-14T07:21:04.0",1,13,2025-09-14 07:11:04,2025-09-14 07:21:04,2025-09-14 03:11:04,2025-09-14 03:21:04
2025-09-14,"2025-09-14T07:21:04.0","2025-09-14T08:04:04.0",2,14,2025-09-14 07:21:04,2025-09-14 08:04:04,2025-09-14 03:21:04,2025-09-14 04:04:04
2025-09-14,"2025-09-14T08:04:04.0","2025-09-14T08:35:04.0",1,15,2025-09-14 08:04:04,2025-09-14 08:35:04,2025-09-14 04:04:04,2025-09-14 04:35:04
2025-09-14,"2025-09-14T08:35:04.0","2025-09-14T08:56:04.0",2,16,2025-09-14 08:35:04,2025-09-14 08:56:04,2025-09-14 04:35:04,2025-09-14 04:56:04
2025-09-15,"2025-09-15T03:01:12.0","2025-09-15T03:17:12.0",1,1,2025-09-15 03:01:12,2025-09-15 03:17:12,2025-09-14 23:01:12,2025-09-14 23:17:12
2025-09-15,"2025-09-15T03:17:12.0","2025-09-15T03:57:12.0",0,2,2025-09-15 03:17:12,2025-09-15 03:57:12,2025-09-14 23:17:12,2025-09-14 23:57:12
2025-09-15,"2025-09-15T03:57:12.0","2025-09-15T04:39:12.0",1,3,2025-09-15 03:57:12,2025-09-15 04:39:12,2025-09-14 23:57:12,2025-09-15 00:39:12
2025-09-15,"2025-09-15T04:39:12.0","2025-09-15T04:55:12.0",0,4,2025-09-15 04:39:12,2025-09-15 04:55:12,2025-09-15 00:39:12,2025-09-15 00:55:12
2025-09-15,"2025-09-15T04:55:12.0","2025-09-15T05:22:12.0",1,5,2025-09-15 04:55:12,2025-09-15 05:22:12,2025-09-15 00:55:12,2025-09-15 01:22:12
2025-09-15,"2025-09-15T05:22:12.0","2025-09-15T05:41:12.0",0,6,2025-09-15 05:22:12,2025-09-15 05:41:12,2025-09-15 01:22:12,2025-09-15 01:41:12
2025-09-15,"2025-09-15T05:41:12.0","2025-09-15T06:26:12.0",1,7,2025-09-15 05:41:12,2025-09-15 06:26:12,2025-09-15 01:41:12,2025-09-15 02:26:12
2025-09-15,"2025-09-15T06:26:12.0","2025-09-15T06:49:12.0",0,8,2025-09-15 06:26:12,2025-09-15 06:49:12,2025-09-15 02:26:12,2025-09-15 02:49:12
2025-09-15,"2025-09-15T06:49:12.0","2025-09-15T06:50:12.0",1,9,2025-09-15 06:49:12,2025-09-15 06:50:12,2025-09-15 02:49:12,2025-09-15 02:50:12
2025-09-15,"2025-09-15T06:50:12.0","2025-09-15T07:08:12.0",2,10,2025-09-15 06:50:12,2025-09-15 07:08:12,2025-09-15 02:50:12,2025-09-15 03:08:12
2025-09-15,"2025-09-15T07:08:12.0","2025-09-15T07:23:12.0",1,11,2025-09-15 07:08:12,2025-09-15 07:23:12,2025-09-15 03:08:12,2025-09-15 03:23:12
2025-09-15,"2025-09-15T07:23:12.0","2025-09-15T07:31:12.0",2,12,2025-09-15 07:23:12,2025-09-15 07:31:12,2025-09-15 03:23:12,2025-09-15 03:31:12
2025-09-15,"2025-09-15T07:31:12.0","2025-09-15T07:39:12.0",1,13,2025-09-15 07:31:12,2025-09-15 07:39:12,2025-09-15 03:31:12,2025-09-15 03:39:12
2025-09-15,"2025-09-15T07:39:12.0","2025-09-15T08:43:12.0",3,14,2025-09-15 07:39:12,2025-09-15 08:43:12,2025-09-15 03:39:12,2025-09-15 04:43:12
2025-09-15,"2025-09-15T08:43:12.0","2025-09-15T09:16:12.0",1,15,2025-09-15 08:43:12,2025-09-15 09:16:12,2025-09-15 04:43:12,2025-09-15 05:16:12
2025-09-15,"2025-09-15T09:16:12.0","2025-09-15T09:17:12.0",3,16,2025-09-15 09:16:12,2025-09-15 09:17:12,2025-09-15 05:16:12,2025-09-15 05:17:12
2025-09-15,"2025-09-15T09:17:12.0","2025-09-15T09:55:12.0",1,17,2025-09-15 09:17:12,2025-09-15 09:55:12,2025-09-15 05:17:12,2025-09-15 05:55:12
2025-09-15,"2025-09-15T09:55:12.0","2025-09-15T10:09:12.0",2,18,2025-09-15 09:55:12,2025-09-15 10:09:12,2025-09-15 05:55:12,2025-09-15 06:09:12
2025-09-15,"2025-09-15T10:09:12.0","2025-09-15T10:26:12.0",1,19,2025-09-15 10:09:12,2025-09-15 10:26:12,2025-09-15 06:09:12,2025-09-15 06:26:12
2025-09-15,"2025-09-15T10:26:12.0","2025-09-15T10:32:12.0",2,20,2025-09-15 10:26:12,2025-09-15 10:32:12,2025-09-15 06:26:12,2025-09-15 06:32:12
2025-09-15,"2025-09-15T10:32:12.0","2025-09-15T11:22:12.0",1,21,2025-09-15 10:32:12,2025-09-15 11:22:12,2025-09-15 06:32:12,2025-09-15 07:22:12
2025-09-16,"2025-09-16T03:42:14.0","2025-09-16T03:46:14.0",1,1,2025-09-16 03:42:14,2025-09-16 03:46:14,2025-09-15 23:42:14,2025-09-15 23:46:14
2025-09-16,"2025-09-16T03:46:14.0","2025-09-16T04:17:14.0",0,2,2025-09-16 03:46:14,2025-09-16 04:17:14,2025-09-15 23:46:14,2025-09-16 00:17:14
2025-09-16,"2025-09-16T04:17:14.0","2025-09-16T04:21:14.0",3,3,2025-09-16 04:17:14,2025-09-16 04:21:14,2025-09-16 00:17:14,2025-09-16 00:21:14
2025-09-16,"2025-09-16T04:21:14.0","2025-09-16T04:30:14.0",1,4,2025-09-16 04:21:14,2025-09-16 04:30:14,2025-09-16 00:21:14,2025-09-16 00:30:14
2025-09-16,"2025-09-16T04:30:14.0","2025-09-16T05:14:14.0",0,5,2025-09-16 04:30:14,2025-09-16 05:14:14,2025-09-16 00:30:14,2025-09-16 01:14:14
2025-09-16,"2025-09-16T05:14:14.0","2025-09-16T05:31:14.0",1,6,2025-09-16 05:14:14,2025-09-16 05:31:14,2025-09-16 01:14:14,2025-09-16 01:31:14
2025-09-16,"2025-09-16T05:31:14.0","2025-09-16T05:38:14.0",0,7,2025-09-16 05:31:14,2025-09-16 05:38:14,2025-09-16 01:31:14,2025-09-16 01:38:14
2025-09-16,"2025-09-16T05:38:14.0","2025-09-16T06:22:14.0",1,8,2025-09-16 05:38:14,2025-09-16 06:22:14,2025-09-16 01:38:14,2025-09-16 02:22:14
2025-09-16,"2025-09-16T06:22:14.0","2025-09-16T06:34:14.0",0,9,2025-09-16 06:22:14,2025-09-16 06:34:14,2025-09-16 02:22:14,2025-09-16 02:34:14
2025-09-16,"2025-09-16T06:34:14.0","2025-09-16T06:44:14.0",1,10,2025-09-16 06:34:14,2025-09-16 06:44:14,2025-09-16 02:34:14,2025-09-16 02:44:14
2025-09-16,"2025-09-16T06:44:14.0","2025-09-16T07:06:14.0",0,11,2025-09-16 06:44:14,2025-09-16 07:06:14,2025-09-16 02:44:14,2025-09-16 03:06:14
2025-09-16,"2025-09-16T07:06:14.0","2025-09-16T07:49:14.0",1,12,2025-09-16 07:06:14,2025-09-16 07:49:14,2025-09-16 03:06:14,2025-09-16 03:49:14
2025-09-16,"2025-09-16T07:49:14.0","2025-09-16T08:07:14.0",2,13,2025-09-16 07:49:14,2025-09-16 08:07:14,2025-09-16 03:49:14,2025-09-16 04:07:14
2025-09-16,"2025-09-16T08:07:14.0","2025-09-16T08:22:14.0",1,14,2025-09-16 08:07:14,2025-09-16 08:22:14,2025-09-16 04:07:14,2025-09-16 04:22:14
2025-09-16,"2025-09-16T08:22:14.0","2025-09-16T08:43:14.0",0,15,2025-09-16 08:22:14,2025-09-16 08:43:14,2025-09-16 04:22:14,2025-09-16 04:43:14
2025-09-16,"2025-09-16T08:43:14.0","2025-09-16T09:01:14.0",1,16,2025-09-16 08:43:14,2025-09-16 09:01:14,2025-09-16 04:43:14,2025-09-16 05:01:14
2025-09-16,"2025-09-16T09:01:14.0","2025-09-16T09:18:14.0",3,17,2025-09-16 09:01:14,2025-09-16 09:18:14,2025-09-16 05:01:14,2025-09-16 05:18:14
2025-09-16,"2025-09-16T09:18:14.0","2025-09-16T09:53:14.0",1,18,2025-09-16 09:18:14,2025-09-16 09:53:14,2025-09-16 05:18:14,2025-09-16 05:53:14
2025-09-16,"2025-09-16T09:53:14.0","2025-09-16T09:54:14.0",3,19,2025-09-16 09:53:14,2025-09-16 09:54:14,2025-09-16 05:53:14,2025-09-16 05:54:14
2025-09-16,"2025-09-16T09:54:14.0","2025-09-16T10:24:06.0",1,20,2025-09-16 09:54:14,2025-09-16 10:24:06,2025-09-16 05:54:14,2025-09-16 06:24:06
2025-09-17,"2025-09-17T02:51:06.0","2025-09-17T03:05:06.0",1,1,2025-09-17 02:51:06,2025-09-17 03:05:06,2025-09-16 22:51:06,2025-09-16 23:05:06
2025-09-17,"2025-09-17T03:05:06.0","2025-09-17T03:39:06.0",0,2,2025-09-17 03:05:06,2025-09-17 03:39:06,2025-09-16 23:05:06,2025-09-16 23:39:06
2025-09-17,"2025-09-17T03:39:06.0","2025-09-17T04:24:06.0",1,3,2025-09-17 03:39:06,2025-09-17 04:24:06,2025-09-16 23:39:06,2025-09-17 00:24:06
2025-09-17,"2025-09-17T04:24:06.0","2025-09-17T04:34:06.0",0,4,2025-09-17 04:24:06,2025-09-17 04:34:06,2025-09-17 00:24:06,2025-09-17 00:34:06
2025-09-17,"2025-09-17T04:34:06.0","2025-09-17T05:11:06.0",1,5,2025-09-17 04:34:06,2025-09-17 05:11:06,2025-09-17 00:34:06,2025-09-17 01:11:06
2025-09-17,"2025-09-17T05:11:06.0","2025-09-17T05:25:06.0",2,6,2025-09-17 05:11:06,2025-09-17 05:25:06,2025-09-17 01:11:06,2025-09-17 01:25:06
2025-09-17,"2025-09-17T05:25:06.0","2025-09-17T05:33:06.0",3,7,2025-09-17 05:25:06,2025-09-17 05:33:06,2025-09-17 01:25:06,2025-09-17 01:33:06
2025-09-17,"2025-09-17T05:33:06.0","2025-09-17T06:06:06.0",1,8,2025-09-17 05:33:06,2025-09-17 06:06:06,2025-09-17 01:33:06,2025-09-17 02:06:06
2025-09-17,"2025-09-17T06:06:06.0","2025-09-17T06:07:06.0",3,9,2025-09-17 06:06:06,2025-09-17 06:07:06,2025-09-17 02:06:06,2025-09-17 02:07:06
2025-09-17,"2025-09-17T06:07:06.0","2025-09-17T07:48:06.0",1,10,2025-09-17 06:07:06,2025-09-17 07:48:06,2025-09-17 02:07:06,2025-09-17 03:48:06
2025-09-17,"2025-09-17T07:48:06.0","2025-09-17T07:58:06.0",0,11,2025-09-17 07:48:06,2025-09-17 07:58:06,2025-09-17 03:48:06,2025-09-17 03:58:06
2025-09-17,"2025-09-17T07:58:06.0","2025-09-17T08:16:06.0",1,12,2025-09-17 07:58:06,2025-09-17 08:16:06,2025-09-17 03:58:06,2025-09-17 04:16:06
2025-09-17,"2025-09-17T08:16:06.0","2025-09-17T08:32:06.0",2,13,2025-09-17 08:16:06,2025-09-17 08:32:06,2025-09-17 04:16:06,2025-09-17 04:32:06
2025-09-17,"2025-09-17T08:32:06.0","2025-09-17T09:04:06.0",1,14,2025-09-17 08:32:06,2025-09-17 09:04:06,2025-09-17 04:32:06,2025-09-17 05:04:06
2025-09-17,"2025-09-17T09:04:06.0","2025-09-17T09:22:06.0",0,15,2025-09-17 09:04:06,2025-09-17 09:22:06,2025-09-17 05:04:06,2025-09-17 05:22:06
2025-09-17,"2025-09-17T09:22:06.0","2025-09-17T09:44:06.0",1,16,2025-09-17 09:22:06,2025-09-17 09:44:06,2025-09-17 05:22:06,2025-09-17 05:44:06
2025-09-17,"2025-09-17T09:44:06.0","2025-09-17T09:58:06.0",2,17,2025-09-17 09:44:06,2025-09-17 09:58:06,2025-09-17 05:44:06,2025-09-17 05:58:06
2025-09-17,"2025-09-17T09:58:06.0","2025-09-17T10:00:06.0",3,18,2025-09-17 09:58:06,2025-09-17 10:00:06,2025-09-17 05:58:06,2025-09-17 06:00:06
2025-09-17,"2025-09-17T10:00:06.0","2025-09-17T10:13:06.0",1,19,2025-09-17 10:00:06,2025-09-17 10:13:06,2025-09-17 06:00:06,2025-09-17 06:13:06
2025-09-19,"2025-09-19T03:11:37.0","2025-09-19T03:23:37.0",1,1,2025-09-19 03:11:37,2025-09-19 03:23:37,2025-09-18 23:11:37,2025-09-18 23:23:37
2025-09-19,"2025-09-19T03:23:37.0","2025-09-19T04:04:37.0",0,2,2025-09-19 03:23:37,2025-09-19 04:04:37,2025-09-18 23:23:37,2025-09-19 00:04:37
2025-09-19,"2025-09-19T04:04:37.0","2025-09-19T04:35:37.0",1,3,2025-09-19 04:04:37,2025-09-19 04:35:37,2025-09-19 00:04:37,2025-09-19 00:35:37
2025-09-19,"2025-09-19T04:35:37.0","2025-09-19T04:40:37.0",2,4,2025-09-19 04:35:37,2025-09-19 04:40:37,2025-09-19 00:35:37,2025-09-19 00:40:37
2025-09-19,"2025-09-19T04:40:37.0","2025-09-19T04:49:37.0",1,5,2025-09-19 04:40:37,2025-09-19 04:49:37,2025-09-19 00:40:37,2025-09-19 00:49:37
2025-09-19,"2025-09-19T04:49:37.0","2025-09-19T05:08:37.0",2,6,2025-09-19 04:49:37,2025-09-19 05:08:37,2025-09-19 00:49:37,2025-09-19 01:08:37
2025-09-19,"2025-09-19T05:08:37.0","2025-09-19T05:38:37.0",3,7,2025-09-19 05:08:37,2025-09-19 05:38:37,2025-09-19 01:08:37,2025-09-19 01:38:37
2025-09-19,"2025-09-19T05:38:37.0","2025-09-19T06:00:37.0",1,8,2025-09-19 05:38:37,2025-09-19 06:00:37,2025-09-19 01:38:37,2025-09-19 02:00:37
2025-09-19,"2025-09-19T06:00:37.0","2025-09-19T06:05:37.0",3,9,2025-09-19 06:00:37,2025-09-19 06:05:37,2025-09-19 02:00:37,2025-09-19 02:05:37
2025-09-19,"2025-09-19T06:05:37.0","2025-09-19T06:20:37.0",1,10,2025-09-19 06:05:37,2025-09-19 06:20:37,2025-09-19 02:05:37,2025-09-19 02:20:37
2025-09-19,"2025-09-19T06:20:37.0","2025-09-19T06:31:37.0",3,11,2025-09-19 06:20:37,2025-09-19 06:31:37,2025-09-19 02:20:37,2025-09-19 02:31:37
2025-09-19,"2025-09-19T06:31:37.0","2025-09-19T07:09:37.0",1,12,2025-09-19 06:31:37,2025-09-19 07:09:37,2025-09-19 02:31:37,2025-09-19 03:09:37
2025-09-19,"2025-09-19T07:09:37.0","2025-09-19T07:24:37.0",0,13,2025-09-19 07:09:37,2025-09-19 07:24:37,2025-09-19 03:09:37,2025-09-19 03:24:37
2025-09-19,"2025-09-19T07:24:37.0","2025-09-19T07:52:37.0",1,14,2025-09-19 07:24:37,2025-09-19 07:52:37,2025-09-19 03:24:37,2025-09-19 03:52:37
2025-09-19,"2025-09-19T07:52:37.0","2025-09-19T08:38:37.0",2,15,2025-09-19 07:52:37,2025-09-19 08:38:37,2025-09-19 03:52:37,2025-09-19 04:38:37
2025-09-19,"2025-09-19T08:38:37.0","2025-09-19T08:54:37.0",1,16,2025-09-19 08:38:37,2025-09-19 08:54:37,2025-09-19 04:38:37,2025-09-19 04:54:37
2025-09-19,"2025-09-19T08:54:37.0","2025-09-19T09:20:37.0",2,17,2025-09-19 08:54:37,2025-09-19 09:20:37,2025-09-19 04:54:37,2025-09-19 05:20:37
2025-09-20,"2025-09-20T04:49:01.0","2025-09-20T05:18:01.0",1,1,2025-09-20 04:49:01,2025-09-20 05:18:01,2025-09-20 00:49:01,2025-09-20 01:18:01
2025-09-20,"2025-09-20T05:18:01.0","2025-09-20T05:35:01.0",0,2,2025-09-20 05:18:01,2025-09-20 05:35:01,2025-09-20 01:18:01,2025-09-20 01:35:01
2025-09-20,"2025-09-20T05:35:01.0","2025-09-20T05:54:01.0",1,3,2025-09-20 05:35:01,2025-09-20 05:54:01,2025-09-20 01:35:01,2025-09-20 01:54:01
2025-09-20,"2025-09-20T05:54:01.0","2025-09-20T06:31:01.0",0,4,2025-09-20 05:54:01,2025-09-20 06:31:01,2025-09-20 01:54:01,2025-09-20 02:31:01
2025-09-20,"2025-09-20T06:31:01.0","2025-09-20T06:40:01.0",1,5,2025-09-20 06:31:01,2025-09-20 06:40:01,2025-09-20 02:31:01,2025-09-20 02:40:01
2025-09-20,"2025-09-20T06:40:01.0","2025-09-20T06:54:01.0",2,6,2025-09-20 06:40:01,2025-09-20 06:54:01,2025-09-20 02:40:01,2025-09-20 02:54:01
2025-09-20,"2025-09-20T06:54:01.0","2025-09-20T07:41:01.0",1,7,2025-09-20 06:54:01,2025-09-20 07:41:01,2025-09-20 02:54:01,2025-09-20 03:41:01
2025-09-20,"2025-09-20T07:41:01.0","2025-09-20T08:21:01.0",0,8,2025-09-20 07:41:01,2025-09-20 08:21:01,2025-09-20 03:41:01,2025-09-20 04:21:01
2025-09-20,"2025-09-20T08:21:01.0","2025-09-20T08:45:01.0",1,9,2025-09-20 08:21:01,2025-09-20 08:45:01,2025-09-20 04:21:01,2025-09-20 04:45:01
2025-09-20,"2025-09-20T08:45:01.0","2025-09-20T09:00:01.0",2,10,2025-09-20 08:45:01,2025-09-20 09:00:01,2025-09-20 04:45:01,2025-09-20 05:00:01
2025-09-20,"2025-09-20T09:00:01.0","2025-09-20T09:33:01.0",1,11,2025-09-20 09:00:01,2025-09-20 09:33:01,2025-09-20 05:00:01,2025-09-20 05:33:01
2025-09-20,"2025-09-20T09:33:01.0","2025-09-20T10:06:01.0",2,12,2025-09-20 09:33:01,2025-09-20 10:06:01,2025-09-20 05:33:01,2025-09-20 06:06:01
2025-09-21,"2025-09-21T03:58:37.0","2025-09-21T04:11:37.0",1,1,2025-09-21 03:58:37,2025-09-21 04:11:37,2025-09-20 23:58:37,2025-09-21 00:11:37
2025-09-21,"2025-09-21T04:11:37.0","2025-09-21T04:31:37.0",0,2,2025-09-21 04:11:37,2025-09-21 04:31:37,2025-09-21 00:11:37,2025-09-21 00:31:37
2025-09-21,"2025-09-21T04:31:37.0","2025-09-21T04:40:37.0",1,3,2025-09-21 04:31:37,2025-09-21 04:40:37,2025-09-21 00:31:37,2025-09-21 00:40:37
2025-09-21,"2025-09-21T04:40:37.0","2025-09-21T05:06:37.0",0,4,2025-09-21 04:40:37,2025-09-21 05:06:37,2025-09-21 00:40:37,2025-09-21 01:06:37
2025-09-21,"2025-09-21T05:06:37.0","2025-09-21T05:31:37.0",1,5,2025-09-21 05:06:37,2025-09-21 05:31:37,2025-09-21 01:06:37,2025-09-21 01:31:37
2025-09-21,"2025-09-21T05:31:37.0","2025-09-21T05:50:37.0",0,6,2025-09-21 05:31:37,2025-09-21 05:50:37,2025-09-21 01:31:37,2025-09-21 01:50:37
2025-09-21,"2025-09-21T05:50:37.0","2025-09-21T05:54:37.0",3,7,2025-09-21 05:50:37,2025-09-21 05:54:37,2025-09-21 01:50:37,2025-09-21 01:54:37
2025-09-21,"2025-09-21T05:54:37.0","2025-09-21T06:09:37.0",1,8,2025-09-21 05:54:37,2025-09-21 06:09:37,2025-09-21 01:54:37,2025-09-21 02:09:37
2025-09-21,"2025-09-21T06:09:37.0","2025-09-21T06:35:37.0",0,9,2025-09-21 06:09:37,2025-09-21 06:35:37,2025-09-21 02:09:37,2025-09-21 02:35:37
2025-09-21,"2025-09-21T06:35:37.0","2025-09-21T07:19:37.0",1,10,2025-09-21 06:35:37,2025-09-21 07:19:37,2025-09-21 02:35:37,2025-09-21 03:19:37
2025-09-21,"2025-09-21T07:19:37.0","2025-09-21T07:55:37.0",0,11,2025-09-21 07:19:37,2025-09-21 07:55:37,2025-09-21 03:19:37,2025-09-21 03:55:37
2025-09-21,"2025-09-21T07:55:37.0","2025-09-21T08:49:37.0",1,12,2025-09-21 07:55:37,2025-09-21 08:49:37,2025-09-21 03:55:37,2025-09-21 04:49:37
2025-09-21,"2025-09-21T08:49:37.0","2025-09-21T09:03:37.0",2,13,2025-09-21 08:49:37,2025-09-21 09:03:37,2025-09-21 04:49:37,2025-09-21 05:03:37
2025-09-21,"2025-09-21T09:03:37.0","2025-09-21T09:17:37.0",3,14,2025-09-21 09:03:37,2025-09-21 09:17:37,2025-09-21 05:03:37,2025-09-21 05:17:37
2025-09-21,"2025-09-21T09:17:37.0","2025-09-21T09:54:37.0",1,15,2025-09-21 09:17:37,2025-09-21 09:54:37,2025-09-21 05:17:37,2025-09-21 05:54:37
2025-09-21,"2025-09-21T09:54:37.0","2025-09-21T09:55:37.0",3,16,2025-09-21 09:54:37,2025-09-21 09:55:37,2025-09-21 05:54:37,2025-09-21 05:55:37
2025-09-21,"2025-09-21T09:55:37.0","2025-09-21T10:34:37.0",1,17,2025-09-21 09:55:37,2025-09-21 10:34:37,2025-09-21 05:55:37,2025-09-21 06:34:37
2025-09-21,"2025-09-21T10:34:37.0","2025-09-21T11:04:37.0",2,18,2025-09-21 10:34:37,2025-09-21 11:04:37,2025-09-21 06:34:37,2025-09-21 07:04:37
2025-09-21,"2025-09-21T11:04:37.0","2025-09-21T11:10:37.0",3,19,2025-09-21 11:04:37,2025-09-21 11:10:37,2025-09-21 07:04:37,2025-09-21 07:10:37
2025-09-21,"2025-09-21T11:10:37.0","2025-09-21T11:22:37.0",1,20,2025-09-21 11:10:37,2025-09-21 11:22:37,2025-09-21 07:10:37,2025-09-21 07:22:37
2025-09-21,"2025-09-21T11:22:37.0","2025-09-21T11:41:37.0",3,21,2025-09-21 11:22:37,2025-09-21 11:41:37,2025-09-21 07:22:37,2025-09-21 07:41:37
2025-09-21,"2025-09-21T11:41:37.0","2025-09-21T12:42:37.0",1,22,2025-09-21 11:41:37,2025-09-21 12:42:37,2025-09-21 07:41:37,2025-09-21 08:42:37
2025-09-22,"2025-09-22T01:59:37.0","2025-09-22T02:09:37.0",1,1,2025-09-22 01:59:37,2025-09-22 02:09:37,2025-09-21 21:59:37,2025-09-21 22:09:37
2025-09-22,"2025-09-22T02:09:37.0","2025-09-22T02:43:37.0",0,2,2025-09-22 02:09:37,2025-09-22 02:43:37,2025-09-21 22:09:37,2025-09-21 22:43:37
2025-09-22,"2025-09-22T02:43:37.0","2025-09-22T03:33:37.0",1,3,2025-09-22 02:43:37,2025-09-22 03:33:37,2025-09-21 22:43:37,2025-09-21 23:33:37
2025-09-22,"2025-09-22T03:33:37.0","2025-09-22T04:19:37.0",0,4,2025-09-22 03:33:37,2025-09-22 04:19:37,2025-09-21 23:33:37,2025-09-22 00:19:37
2025-09-22,"2025-09-22T04:19:37.0","2025-09-22T04:44:37.0",1,5,2025-09-22 04:19:37,2025-09-22 04:44:37,2025-09-22 00:19:37,2025-09-22 00:44:37
2025-09-22,"2025-09-22T04:44:37.0","2025-09-22T04:51:37.0",2,6,2025-09-22 04:44:37,2025-09-22 04:51:37,2025-09-22 00:44:37,2025-09-22 00:51:37
2025-09-22,"2025-09-22T04:51:37.0","2025-09-22T05:10:37.0",1,7,2025-09-22 04:51:37,2025-09-22 05:10:37,2025-09-22 00:51:37,2025-09-22 01:10:37
2025-09-22,"2025-09-22T05:10:37.0","2025-09-22T05:26:37.0",0,8,2025-09-22 05:10:37,2025-09-22 05:26:37,2025-09-22 01:10:37,2025-09-22 01:26:37
2025-09-22,"2025-09-22T05:26:37.0","2025-09-22T05:45:37.0",1,9,2025-09-22 05:26:37,2025-09-22 05:45:37,2025-09-22 01:26:37,2025-09-22 01:45:37
2025-09-22,"2025-09-22T05:45:37.0","2025-09-22T05:59:37.0",0,10,2025-09-22 05:45:37,2025-09-22 05:59:37,2025-09-22 01:45:37,2025-09-22 01:59:37
2025-09-22,"2025-09-22T05:59:37.0","2025-09-22T06:13:37.0",1,11,2025-09-22 05:59:37,2025-09-22 06:13:37,2025-09-22 01:59:37,2025-09-22 02:13:37
2025-09-22,"2025-09-22T06:13:37.0","2025-09-22T06:28:58.0",2,12,2025-09-22 06:13:37,2025-09-22 06:28:58,2025-09-22 02:13:37,2025-09-22 02:28:58
2025-09-23,"2025-09-23T02:14:36.0","2025-09-23T02:36:36.0",1,1,2025-09-23 02:14:36,2025-09-23 02:36:36,2025-09-22 22:14:36,2025-09-22 22:36:36
2025-09-23,"2025-09-23T02:36:36.0","2025-09-23T03:09:36.0",0,2,2025-09-23 02:36:36,2025-09-23 03:09:36,2025-09-22 22:36:36,2025-09-22 23:09:36
2025-09-23,"2025-09-23T03:09:36.0","2025-09-23T03:48:36.0",1,3,2025-09-23 03:09:36,2025-09-23 03:48:36,2025-09-22 23:09:36,2025-09-22 23:48:36
2025-09-23,"2025-09-23T03:48:36.0","2025-09-23T03:53:36.0",0,4,2025-09-23 03:48:36,2025-09-23 03:53:36,2025-09-22 23:48:36,2025-09-22 23:53:36
2025-09-23,"2025-09-23T03:53:36.0","2025-09-23T04:24:36.0",1,5,2025-09-23 03:53:36,2025-09-23 04:24:36,2025-09-22 23:53:36,2025-09-23 00:24:36
2025-09-23,"2025-09-23T04:24:36.0","2025-09-23T04:34:36.0",0,6,2025-09-23 04:24:36,2025-09-23 04:34:36,2025-09-23 00:24:36,2025-09-23 00:34:36
2025-09-23,"2025-09-23T04:34:36.0","2025-09-23T05:39:36.0",1,7,2025-09-23 04:34:36,2025-09-23 05:39:36,2025-09-23 00:34:36,2025-09-23 01:39:36
2025-09-23,"2025-09-23T05:39:36.0","2025-09-23T05:50:36.0",2,8,2025-09-23 05:39:36,2025-09-23 05:50:36,2025-09-23 01:39:36,2025-09-23 01:50:36
2025-09-23,"2025-09-23T05:50:36.0","2025-09-23T06:06:36.0",3,9,2025-09-23 05:50:36,2025-09-23 06:06:36,2025-09-23 01:50:36,2025-09-23 02:06:36
2025-09-23,"2025-09-23T06:06:36.0","2025-09-23T06:30:36.0",1,10,2025-09-23 06:06:36,2025-09-23 06:30:36,2025-09-23 02:06:36,2025-09-23 02:30:36
2025-09-23,"2025-09-23T06:30:36.0","2025-09-23T07:02:36.0",0,11,2025-09-23 06:30:36,2025-09-23 07:02:36,2025-09-23 02:30:36,2025-09-23 03:02:36
2025-09-23,"2025-09-23T07:02:36.0","2025-09-23T07:22:36.0",1,12,2025-09-23 07:02:36,2025-09-23 07:22:36,2025-09-23 03:02:36,2025-09-23 03:22:36
2025-09-23,"2025-09-23T07:22:36.0","2025-09-23T07:45:36.0",2,13,2025-09-23 07:22:36,2025-09-23 07:45:36,2025-09-23 03:22:36,2025-09-23 03:45:36
2025-09-23,"2025-09-23T07:45:36.0","2025-09-23T07:53:36.0",1,14,2025-09-23 07:45:36,2025-09-23 07:53:36,2025-09-23 03:45:36,2025-09-23 03:53:36
2025-09-23,"2025-09-23T07:53:36.0","2025-09-23T08:22:36.0",2,15,2025-09-23 07:53:36,2025-09-23 08:22:36,2025-09-23 03:53:36,2025-09-23 04:22:36
2025-09-23,"2025-09-23T08:22:36.0","2025-09-23T08:37:36.0",1,16,2025-09-23 08:22:36,2025-09-23 08:37:36,2025-09-23 04:22:36,2025-09-23 04:37:36
2025-09-23,"2025-09-23T08:37:36.0","2025-09-23T08:42:36.0",0,17,2025-09-23 08:37:36,2025-09-23 08:42:36,2025-09-23 04:37:36,2025-09-23 04:42:36
2025-09-23,"2025-09-23T08:42:36.0","2025-09-23T08:47:36.0",1,18,2025-09-23 08:42:36,2025-09-23 08:47:36,2025-09-23 04:42:36,2025-09-23 04:47:36
2025-09-23,"2025-09-23T08:47:36.0","2025-09-23T09:10:36.0",2,19,2025-09-23 08:47:36,2025-09-23 09:10:36,2025-09-23 04:47:36,2025-09-23 05:10:36
2025-09-24,"2025-09-24T03:31:36.0","2025-09-24T03:38:36.0",1,1,2025-09-24 03:31:36,2025-09-24 03:38:36,2025-09-23 23:31:36,2025-09-23 23:38:36
2025-09-24,"2025-09-24T03:38:36.0","2025-09-24T04:09:36.0",0,2,2025-09-24 03:38:36,2025-09-24 04:09:36,2025-09-23 23:38:36,2025-09-24 00:09:36
2025-09-24,"2025-09-24T04:09:36.0","2025-09-24T04:44:36.0",1,3,2025-09-24 04:09:36,2025-09-24 04:44:36,2025-09-24 00:09:36,2025-09-24 00:44:36
2025-09-24,"2025-09-24T04:44:36.0","2025-09-24T04:46:36.0",3,4,2025-09-24 04:44:36,2025-09-24 04:46:36,2025-09-24 00:44:36,2025-09-24 00:46:36
2025-09-24,"2025-09-24T04:46:36.0","2025-09-24T04:50:36.0",1,5,2025-09-24 04:46:36,2025-09-24 04:50:36,2025-09-24 00:46:36,2025-09-24 00:50:36
2025-09-24,"2025-09-24T04:50:36.0","2025-09-24T05:11:36.0",0,6,2025-09-24 04:50:36,2025-09-24 05:11:36,2025-09-24 00:50:36,2025-09-24 01:11:36
2025-09-24,"2025-09-24T05:11:36.0","2025-09-24T05:18:36.0",1,7,2025-09-24 05:11:36,2025-09-24 05:18:36,2025-09-24 01:11:36,2025-09-24 01:18:36
2025-09-24,"2025-09-24T05:18:36.0","2025-09-24T05:19:36.0",3,8,2025-09-24 05:18:36,2025-09-24 05:19:36,2025-09-24 01:18:36,2025-09-24 01:19:36
2025-09-24,"2025-09-24T05:19:36.0","2025-09-24T05:57:36.0",1,9,2025-09-24 05:19:36,2025-09-24 05:57:36,2025-09-24 01:19:36,2025-09-24 01:57:36
2025-09-24,"2025-09-24T05:57:36.0","2025-09-24T06:04:36.0",3,10,2025-09-24 05:57:36,2025-09-24 06:04:36,2025-09-24 01:57:36,2025-09-24 02:04:36
2025-09-24,"2025-09-24T06:04:36.0","2025-09-24T07:02:36.0",1,11,2025-09-24 06:04:36,2025-09-24 07:02:36,2025-09-24 02:04:36,2025-09-24 03:02:36
2025-09-24,"2025-09-24T07:02:36.0","2025-09-24T07:35:36.0",3,12,2025-09-24 07:02:36,2025-09-24 07:35:36,2025-09-24 03:02:36,2025-09-24 03:35:36
2025-09-24,"2025-09-24T07:35:36.0","2025-09-24T08:00:36.0",1,13,2025-09-24 07:35:36,2025-09-24 08:00:36,2025-09-24 03:35:36,2025-09-24 04:00:36
2025-09-24,"2025-09-24T08:00:36.0","2025-09-24T08:01:36.0",3,14,2025-09-24 08:00:36,2025-09-24 08:01:36,2025-09-24 04:00:36,2025-09-24 04:01:36
2025-09-24,"2025-09-24T08:01:36.0","2025-09-24T08:34:36.0",1,15,2025-09-24 08:01:36,2025-09-24 08:34:36,2025-09-24 04:01:36,2025-09-24 04:34:36
2025-09-24,"2025-09-24T08:34:36.0","2025-09-24T08:38:36.0",3,16,2025-09-24 08:34:36,2025-09-24 08:38:36,2025-09-24 04:34:36,2025-09-24 04:38:36
2025-09-24,"2025-09-24T08:38:36.0","2025-09-24T08:46:36.0",1,17,2025-09-24 08:38:36,2025-09-24 08:46:36,2025-09-24 04:38:36,2025-09-24 04:46:36
2025-09-24,"2025-09-24T08:46:36.0","2025-09-24T08:56:36.0",3,18,2025-09-24 08:46:36,2025-09-24 08:56:36,2025-09-24 04:46:36,2025-09-24 04:56:36
2025-09-24,"2025-09-24T08:56:36.0","2025-09-24T09:37:36.0",1,19,2025-09-24 08:56:36,2025-09-24 09:37:36,2025-09-24 04:56:36,2025-09-24 05:37:36
2025-09-24,"2025-09-24T09:37:36.0","2025-09-24T10:06:36.0",2,20,2025-09-24 09:37:36,2025-09-24 10:06:36,2025-09-24 05:37:36,2025-09-24 06:06:36
2025-09-24,"2025-09-24T10:06:36.0","2025-09-24T10:17:36.0",1,21,2025-09-24 10:06:36,2025-09-24 10:17:36,2025-09-24 06:06:36,2025-09-24 06:17:36
2025-09-24,"2025-09-24T10:17:36.0","2025-09-24T10:26:36.0",3,22,2025-09-24 10:17:36,2025-09-24 10:26:36,2025-09-24 06:17:36,2025-09-24 06:26:36
2025-09-24,"2025-09-24T10:26:36.0","2025-09-24T10:33:36.0",1,23,2025-09-24 10:26:36,2025-09-24 10:33:36,2025-09-24 06:26:36,2025-09-24 06:33:36
2025-09-24,"2025-09-24T10:33:36.0","2025-09-24T10:47:36.0",2,24,2025-09-24 10:33:36,2025-09-24 10:47:36,2025-09-24 06:33:36,2025-09-24 06:47:36
2025-09-25,"2025-09-25T03:43:46.0","2025-09-25T03:45:46.0",1,1,2025-09-25 03:43:46,2025-09-25 03:45:46,2025-09-24 23:43:46,2025-09-24 23:45:46
2025-09-25,"2025-09-25T03:45:46.0","2025-09-25T04:26:46.0",0,2,2025-09-25 03:45:46,2025-09-25 04:26:46,2025-09-24 23:45:46,2025-09-25 00:26:46
2025-09-25,"2025-09-25T04:26:46.0","2025-09-25T04:39:46.0",1,3,2025-09-25 04:26:46,2025-09-25 04:39:46,2025-09-25 00:26:46,2025-09-25 00:39:46
2025-09-25,"2025-09-25T04:39:46.0","2025-09-25T04:53:46.0",0,4,2025-09-25 04:39:46,2025-09-25 04:53:46,2025-09-25 00:39:46,2025-09-25 00:53:46
2025-09-25,"2025-09-25T04:53:46.0","2025-09-25T04:58:46.0",1,5,2025-09-25 04:53:46,2025-09-25 04:58:46,2025-09-25 00:53:46,2025-09-25 00:58:46
2025-09-25,"2025-09-25T04:58:46.0","2025-09-25T05:15:46.0",0,6,2025-09-25 04:58:46,2025-09-25 05:15:46,2025-09-25 00:58:46,2025-09-25 01:15:46
2025-09-25,"2025-09-25T05:15:46.0","2025-09-25T05:39:46.0",1,7,2025-09-25 05:15:46,2025-09-25 05:39:46,2025-09-25 01:15:46,2025-09-25 01:39:46
2025-09-25,"2025-09-25T05:39:46.0","2025-09-25T06:00:46.0",0,8,2025-09-25 05:39:46,2025-09-25 06:00:46,2025-09-25 01:39:46,2025-09-25 02:00:46
2025-09-25,"2025-09-25T06:00:46.0","2025-09-25T06:10:46.0",1,9,2025-09-25 06:00:46,2025-09-25 06:10:46,2025-09-25 02:00:46,2025-09-25 02:10:46
2025-09-25,"2025-09-25T06:10:46.0","2025-09-25T06:29:46.0",0,10,2025-09-25 06:10:46,2025-09-25 06:29:46,2025-09-25 02:10:46,2025-09-25 02:29:46
2025-09-25,"2025-09-25T06:29:46.0","2025-09-25T09:06:46.0",1,11,2025-09-25 06:29:46,2025-09-25 09:06:46,2025-09-25 02:29:46,2025-09-25 05:06:46
2025-09-25,"2025-09-25T09:06:46.0","2025-09-25T09:13:46.0",2,12,2025-09-25 09:06:46,2025-09-25 09:13:46,2025-09-25 05:06:46,2025-09-25 05:13:46
2025-09-25,"2025-09-25T09:13:46.0","2025-09-25T10:39:46.0",1,13,2025-09-25 09:13:46,2025-09-25 10:39:46,2025-09-25 05:13:46,2025-09-25 06:39:46
2025-09-26,"2025-09-26T03:12:36.0","2025-09-26T03:24:36.0",1,1,2025-09-26 03:12:36,2025-09-26 03:24:36,2025-09-25 23:12:36,2025-09-25 23:24:36
2025-09-26,"2025-09-26T03:24:36.0","2025-09-26T04:06:36.0",0,2,2025-09-26 03:24:36,2025-09-26 04:06:36,2025-09-25 23:24:36,2025-09-26 00:06:36
2025-09-26,"2025-09-26T04:06:36.0","2025-09-26T04:07:36.0",3,3,2025-09-26 04:06:36,2025-09-26 04:07:36,2025-09-26 00:06:36,2025-09-26 00:07:36
2025-09-26,"2025-09-26T04:07:36.0","2025-09-26T05:00:36.0",1,4,2025-09-26 04:07:36,2025-09-26 05:00:36,2025-09-26 00:07:36,2025-09-26 01:00:36
2025-09-26,"2025-09-26T05:00:36.0","2025-09-26T05:32:36.0",0,5,2025-09-26 05:00:36,2025-09-26 05:32:36,2025-09-26 01:00:36,2025-09-26 01:32:36
2025-09-26,"2025-09-26T05:32:36.0","2025-09-26T05:33:36.0",3,6,2025-09-26 05:32:36,2025-09-26 05:33:36,2025-09-26 01:32:36,2025-09-26 01:33:36
2025-09-26,"2025-09-26T05:33:36.0","2025-09-26T06:34:36.0",1,7,2025-09-26 05:33:36,2025-09-26 06:34:36,2025-09-26 01:33:36,2025-09-26 02:34:36
2025-09-26,"2025-09-26T06:34:36.0","2025-09-26T06:45:36.0",0,8,2025-09-26 06:34:36,2025-09-26 06:45:36,2025-09-26 02:34:36,2025-09-26 02:45:36
2025-09-26,"2025-09-26T06:45:36.0","2025-09-26T07:56:36.0",1,9,2025-09-26 06:45:36,2025-09-26 07:56:36,2025-09-26 02:45:36,2025-09-26 03:56:36
2025-09-26,"2025-09-26T07:56:36.0","2025-09-26T08:06:36.0",2,10,2025-09-26 07:56:36,2025-09-26 08:06:36,2025-09-26 03:56:36,2025-09-26 04:06:36
2025-09-26,"2025-09-26T08:06:36.0","2025-09-26T08:18:36.0",1,11,2025-09-26 08:06:36,2025-09-26 08:18:36,2025-09-26 04:06:36,2025-09-26 04:18:36
2025-09-26,"2025-09-26T08:18:36.0","2025-09-26T08:23:36.0",3,12,2025-09-26 08:18:36,2025-09-26 08:23:36,2025-09-26 04:18:36,2025-09-26 04:23:36
2025-09-26,"2025-09-26T08:23:36.0","2025-09-26T08:56:36.0",1,13,2025-09-26 08:23:36,2025-09-26 08:56:36,2025-09-26 04:23:36,2025-09-26 04:56:36
2025-09-27,"2025-09-27T05:48:20.0","2025-09-27T05:58:20.0",1,1,2025-09-27 05:48:20,2025-09-27 05:58:20,2025-09-27 01:48:20,2025-09-27 01:58:20
2025-09-27,"2025-09-27T05:58:20.0","2025-09-27T06:28:20.0",0,2,2025-09-27 05:58:20,2025-09-27 06:28:20,2025-09-27 01:58:20,2025-09-27 02:28:20
2025-09-27,"2025-09-27T06:28:20.0","2025-09-27T07:53:20.0",1,3,2025-09-27 06:28:20,2025-09-27 07:53:20,2025-09-27 02:28:20,2025-09-27 03:53:20
2025-09-27,"2025-09-27T07:53:20.0","2025-09-27T08:11:20.0",0,4,2025-09-27 07:53:20,2025-09-27 08:11:20,2025-09-27 03:53:20,2025-09-27 04:11:20
2025-09-27,"2025-09-27T08:11:20.0","2025-09-27T08:20:20.0",3,5,2025-09-27 08:11:20,2025-09-27 08:20:20,2025-09-27 04:11:20,2025-09-27 04:20:20
2025-09-27,"2025-09-27T08:20:20.0","2025-09-27T08:38:20.0",1,6,2025-09-27 08:20:20,2025-09-27 08:38:20,2025-09-27 04:20:20,2025-09-27 04:38:20
2025-09-27,"2025-09-27T08:38:20.0","2025-09-27T08:44:20.0",0,7,2025-09-27 08:38:20,2025-09-27 08:44:20,2025-09-27 04:38:20,2025-09-27 04:44:20
2025-09-27,"2025-09-27T08:44:20.0","2025-09-27T09:09:20.0",1,8,2025-09-27 08:44:20,2025-09-27 09:09:20,2025-09-27 04:44:20,2025-09-27 05:09:20
2025-09-27,"2025-09-27T09:09:20.0","2025-09-27T09:19:20.0",0,9,2025-09-27 09:09:20,2025-09-27 09:19:20,2025-09-27 05:09:20,2025-09-27 05:19:20
2025-09-27,"2025-09-27T09:19:20.0","2025-09-27T09:37:20.0",1,10,2025-09-27 09:19:20,2025-09-27 09:37:20,2025-09-27 05:19:20,2025-09-27 05:37:20
2025-09-27,"2025-09-27T09:37:20.0","2025-09-27T09:44:20.0",0,11,2025-09-27 09:37:20,2025-09-27 09:44:20,2025-09-27 05:37:20,2025-09-27 05:44:20
2025-09-27,"2025-09-27T09:44:20.0","2025-09-27T10:15:20.0",1,12,2025-09-27 09:44:20,2025-09-27 10:15:20,2025-09-27 05:44:20,2025-09-27 06:15:20
2025-09-27,"2025-09-27T10:15:20.0","2025-09-27T10:47:20.0",2,13,2025-09-27 10:15:20,2025-09-27 10:47:20,2025-09-27 06:15:20,2025-09-27 06:47:20
2025-09-27,"2025-09-27T10:47:20.0","2025-09-27T11:40:20.0",1,14,2025-09-27 10:47:20,2025-09-27 11:40:20,2025-09-27 06:47:20,2025-09-27 07:40:20
2025-09-27,"2025-09-27T11:40:20.0","2025-09-27T11:41:20.0",3,15,2025-09-27 11:40:20,2025-09-27 11:41:20,2025-09-27 07:40:20,2025-09-27 07:41:20
2025-09-27,"2025-09-27T11:41:20.0","2025-09-27T11:54:20.0",1,16,2025-09-27 11:41:20,2025-09-27 11:54:20,2025-09-27 07:41:20,2025-09-27 07:54:20
2025-09-27,"2025-09-27T11:54:20.0","2025-09-27T12:23:20.0",2,17,2025-09-27 11:54:20,2025-09-27 12:23:20,2025-09-27 07:54:20,2025-09-27 08:23:20
2025-09-28,"2025-09-28T04:59:22.0","2025-09-28T05:14:22.0",1,1,2025-09-28 04:59:22,2025-09-28 05:14:22,2025-09-28 00:59:22,2025-09-28 01:14:22
2025-09-28,"2025-09-28T05:14:22.0","2025-09-28T05:41:22.0",0,2,2025-09-28 05:14:22,2025-09-28 05:41:22,2025-09-28 01:14:22,2025-09-28 01:41:22
2025-09-28,"2025-09-28T05:41:22.0","2025-09-28T06:42:22.0",1,3,2025-09-28 05:41:22,2025-09-28 06:42:22,2025-09-28 01:41:22,2025-09-28 02:42:22
2025-09-28,"2025-09-28T06:42:22.0","2025-09-28T06:52:22.0",2,4,2025-09-28 06:42:22,2025-09-28 06:52:22,2025-09-28 02:42:22,2025-09-28 02:52:22
2025-09-28,"2025-09-28T06:52:22.0","2025-09-28T07:34:22.0",1,5,2025-09-28 06:52:22,2025-09-28 07:34:22,2025-09-28 02:52:22,2025-09-28 03:34:22
2025-09-28,"2025-09-28T07:34:22.0","2025-09-28T07:46:22.0",2,6,2025-09-28 07:34:22,2025-09-28 07:46:22,2025-09-28 03:34:22,2025-09-28 03:46:22
2025-09-28,"2025-09-28T07:46:22.0","2025-09-28T08:00:22.0",1,7,2025-09-28 07:46:22,2025-09-28 08:00:22,2025-09-28 03:46:22,2025-09-28 04:00:22
2025-09-28,"2025-09-28T08:00:22.0","2025-09-28T08:23:22.0",0,8,2025-09-28 08:00:22,2025-09-28 08:23:22,2025-09-28 04:00:22,2025-09-28 04:23:22
2025-09-28,"2025-09-28T08:23:22.0","2025-09-28T08:37:22.0",1,9,2025-09-28 08:23:22,2025-09-28 08:37:22,2025-09-28 04:23:22,2025-09-28 04:37:22
2025-09-28,"2025-09-28T08:37:22.0","2025-09-28T08:58:22.0",2,10,2025-09-28 08:37:22,2025-09-28 08:58:22,2025-09-28 04:37:22,2025-09-28 04:58:22
2025-09-28,"2025-09-28T08:58:22.0","2025-09-28T09:08:22.0",1,11,2025-09-28 08:58:22,2025-09-28 09:08:22,2025-09-28 04:58:22,2025-09-28 05:08:22
2025-09-28,"2025-09-28T09:08:22.0","2025-09-28T09:23:22.0",0,12,2025-09-28 09:08:22,2025-09-28 09:23:22,2025-09-28 05:08:22,2025-09-28 05:23:22
2025-09-28,"2025-09-28T09:23:22.0","2025-09-28T11:42:22.0",1,13,2025-09-28 09:23:22,2025-09-28 11:42:22,2025-09-28 05:23:22,2025-09-28 07:42:22
2025-09-28,"2025-09-28T11:42:22.0","2025-09-28T11:58:22.0",2,14,2025-09-28 11:42:22,2025-09-28 11:58:22,2025-09-28 07:42:22,2025-09-28 07:58:22
2025-09-29,"2025-09-29T05:00:47.0","2025-09-29T05:14:47.0",1,1,2025-09-29 05:00:47,2025-09-29 05:14:47,2025-09-29 01:00:47,2025-09-29 01:14:47
2025-09-29,"2025-09-29T05:14:47.0","2025-09-29T06:06:47.0",0,2,2025-09-29 05:14:47,2025-09-29 06:06:47,2025-09-29 01:14:47,2025-09-29 02:06:47
2025-09-29,"2025-09-29T06:06:47.0","2025-09-29T06:36:47.0",1,3,2025-09-29 06:06:47,2025-09-29 06:36:47,2025-09-29 02:06:47,2025-09-29 02:36:47
2025-09-29,"2025-09-29T06:36:47.0","2025-09-29T07:19:47.0",0,4,2025-09-29 06:36:47,2025-09-29 07:19:47,2025-09-29 02:36:47,2025-09-29 03:19:47
2025-09-29,"2025-09-29T07:19:47.0","2025-09-29T08:27:47.0",1,5,2025-09-29 07:19:47,2025-09-29 08:27:47,2025-09-29 03:19:47,2025-09-29 04:27:47
2025-09-29,"2025-09-29T08:27:47.0","2025-09-29T08:32:47.0",0,6,2025-09-29 08:27:47,2025-09-29 08:32:47,2025-09-29 04:27:47,2025-09-29 04:32:47
2025-09-29,"2025-09-29T08:32:47.0","2025-09-29T08:39:47.0",1,7,2025-09-29 08:32:47,2025-09-29 08:39:47,2025-09-29 04:32:47,2025-09-29 04:39:47
2025-09-29,"2025-09-29T08:39:47.0","2025-09-29T08:57:47.0",0,8,2025-09-29 08:39:47,2025-09-29 08:57:47,2025-09-29 04:39:47,2025-09-29 04:57:47
2025-09-29,"2025-09-29T08:57:47.0","2025-09-29T09:30:47.0",1,9,2025-09-29 08:57:47,2025-09-29 09:30:47,2025-09-29 04:57:47,2025-09-29 05:30:47
2025-09-29,"2025-09-29T09:30:47.0","2025-09-29T09:52:47.0",2,10,2025-09-29 09:30:47,2025-09-29 09:52:47,2025-09-29 05:30:47,2025-09-29 05:52:47
2025-09-29,"2025-09-29T09:52:47.0","2025-09-29T10:32:47.0",1,11,2025-09-29 09:52:47,2025-09-29 10:32:47,2025-09-29 05:52:47,2025-09-29 06:32:47
2025-09-29,"2025-09-29T10:32:47.0","2025-09-29T10:49:27.0",2,12,2025-09-29 10:32:47,2025-09-29 10:49:27,2025-09-29 06:32:47,2025-09-29 06:49:27
2025-09-30,"2025-09-30T02:39:27.0","2025-09-30T02:52:27.0",1,1,2025-09-30 02:39:27,2025-09-30 02:52:27,2025-09-29 22:39:27,2025-09-29 22:52:27
2025-09-30,"2025-09-30T02:52:27.0","2025-09-30T03:15:27.0",0,2,2025-09-30 02:52:27,2025-09-30 03:15:27,2025-09-29 22:52:27,2025-09-29 23:15:27
2025-09-30,"2025-09-30T03:15:27.0","2025-09-30T03:26:27.0",1,3,2025-09-30 03:15:27,2025-09-30 03:26:27,2025-09-29 23:15:27,2025-09-29 23:26:27
2025-09-30,"2025-09-30T03:26:27.0","2025-09-30T03:56:27.0",0,4,2025-09-30 03:26:27,2025-09-30 03:56:27,2025-09-29 23:26:27,2025-09-29 23:56:27
2025-09-30,"2025-09-30T03:56:27.0","2025-09-30T04:11:27.0",1,5,2025-09-30 03:56:27,2025-09-30 04:11:27,2025-09-29 23:56:27,2025-09-30 00:11:27
2025-09-30,"2025-09-30T04:11:27.0","2025-09-30T04:55:27.0",0,6,2025-09-30 04:11:27,2025-09-30 04:55:27,2025-09-30 00:11:27,2025-09-30 00:55:27
2025-09-30,"2025-09-30T04:55:27.0","2025-09-30T05:03:27.0",1,7,2025-09-30 04:55:27,2025-09-30 05:03:27,2025-09-30 00:55:27,2025-09-30 01:03:27
2025-09-30,"2025-09-30T05:03:27.0","2025-09-30T05:27:27.0",0,8,2025-09-30 05:03:27,2025-09-30 05:27:27,2025-09-30 01:03:27,2025-09-30 01:27:27
2025-09-30,"2025-09-30T05:27:27.0","2025-09-30T05:59:27.0",1,9,2025-09-30 05:27:27,2025-09-30 05:59:27,2025-09-30 01:27:27,2025-09-30 01:59:27
2025-09-30,"2025-09-30T05:59:27.0","2025-09-30T06:04:27.0",0,10,2025-09-30 05:59:27,2025-09-30 06:04:27,2025-09-30 01:59:27,2025-09-30 02:04:27
2025-09-30,"2025-09-30T06:04:27.0","2025-09-30T06:08:27.0",1,11,2025-09-30 06:04:27,2025-09-30 06:08:27,2025-09-30 02:04:27,2025-09-30 02:08:27
2025-09-30,"2025-09-30T06:08:27.0","2025-09-30T07:18:27.0",2,12,2025-09-30 06:08:27,2025-09-30 07:18:27,2025-09-30 02:08:27,2025-09-30 03:18:27
2025-09-30,"2025-09-30T07:18:27.0","2025-09-30T07:23:27.0",3,13,2025-09-30 07:18:27,2025-09-30 07:23:27,2025-09-30 03:18:27,2025-09-30 03:23:27
2025-09-30,"2025-09-30T07:23:27.0","2025-09-30T07:41:27.0",1,14,2025-09-30 07:23:27,2025-09-30 07:41:27,2025-09-30 03:23:27,2025-09-30 03:41:27
2025-10-01,"2025-10-01T01:42:34.0","2025-10-01T01:51:34.0",1,1,2025-10-01 01:42:34,2025-10-01 01:51:34,2025-09-30 21:42:34,2025-09-30 21:51:34
2025-10-01,"2025-10-01T01:51:34.0","2025-10-01T02:48:34.0",0,2,2025-10-01 01:51:34,2025-10-01 02:48:34,2025-09-30 21:51:34,2025-09-30 22:48:34
2025-10-01,"2025-10-01T02:48:34.0","2025-10-01T03:16:34.0",1,3,2025-10-01 02:48:34,2025-10-01 03:16:34,2025-09-30 22:48:34,2025-09-30 23:16:34
2025-10-01,"2025-10-01T03:16:34.0","2025-10-01T03:43:34.0",0,4,2025-10-01 03:16:34,2025-10-01 03:43:34,2025-09-30 23:16:34,2025-09-30 23:43:34
2025-10-01,"2025-10-01T03:43:34.0","2025-10-01T03:51:34.0",1,5,2025-10-01 03:43:34,2025-10-01 03:51:34,2025-09-30 23:43:34,2025-09-30 23:51:34
2025-10-01,"2025-10-01T03:51:34.0","2025-10-01T04:20:34.0",0,6,2025-10-01 03:51:34,2025-10-01 04:20:34,2025-09-30 23:51:34,2025-10-01 00:20:34
2025-10-01,"2025-10-01T04:20:34.0","2025-10-01T04:23:34.0",3,7,2025-10-01 04:20:34,2025-10-01 04:23:34,2025-10-01 00:20:34,2025-10-01 00:23:34
2025-10-01,"2025-10-01T04:23:34.0","2025-10-01T04:51:34.0",1,8,2025-10-01 04:23:34,2025-10-01 04:51:34,2025-10-01 00:23:34,2025-10-01 00:51:34
2025-10-01,"2025-10-01T04:51:34.0","2025-10-01T04:54:34.0",3,9,2025-10-01 04:51:34,2025-10-01 04:54:34,2025-10-01 00:51:34,2025-10-01 00:54:34
2025-10-01,"2025-10-01T04:54:34.0","2025-10-01T05:13:34.0",1,10,2025-10-01 04:54:34,2025-10-01 05:13:34,2025-10-01 00:54:34,2025-10-01 01:13:34
2025-10-01,"2025-10-01T05:13:34.0","2025-10-01T05:40:34.0",0,11,2025-10-01 05:13:34,2025-10-01 05:40:34,2025-10-01 01:13:34,2025-10-01 01:40:34
2025-10-01,"2025-10-01T05:40:34.0","2025-10-01T06:45:34.0",1,12,2025-10-01 05:40:34,2025-10-01 06:45:34,2025-10-01 01:40:34,2025-10-01 02:45:34
2025-10-01,"2025-10-01T06:45:34.0","2025-10-01T07:02:34.0",0,13,2025-10-01 06:45:34,2025-10-01 07:02:34,2025-10-01 02:45:34,2025-10-01 03:02:34
2025-10-01,"2025-10-01T07:02:34.0","2025-10-01T07:52:34.0",1,14,2025-10-01 07:02:34,2025-10-01 07:52:34,2025-10-01 03:02:34,2025-10-01 03:52:34
2025-10-01,"2025-10-01T07:52:34.0","2025-10-01T08:37:34.0",3,15,2025-10-01 07:52:34,2025-10-01 08:37:34,2025-10-01 03:52:34,2025-10-01 04:37:34
2025-10-01,"2025-10-01T08:37:34.0","2025-10-01T08:47:34.0",1,16,2025-10-01 08:37:34,2025-10-01 08:47:34,2025-10-01 04:37:34,2025-10-01 04:47:34
2025-10-01,"2025-10-01T08:47:34.0","2025-10-01T08:49:34.0",3,17,2025-10-01 08:47:34,2025-10-01 08:49:34,2025-10-01 04:47:34,2025-10-01 04:49:34
2025-10-01,"2025-10-01T08:49:34.0","2025-10-01T09:43:34.0",1,18,2025-10-01 08:49:34,2025-10-01 09:43:34,2025-10-01 04:49:34,2025-10-01 05:43:34
2025-10-01,"2025-10-01T09:43:34.0","2025-10-01T10:06:34.0",2,19,2025-10-01 09:43:34,2025-10-01 10:06:34,2025-10-01 05:43:34,2025-10-01 06:06:34
2025-10-01,"2025-10-01T10:06:34.0","2025-10-01T10:12:34.0",3,20,2025-10-01 10:06:34,2025-10-01 10:12:34,2025-10-01 06:06:34,2025-10-01 06:12:34
2025-10-01,"2025-10-01T10:12:34.0","2025-10-01T10:54:34.0",1,21,2025-10-01 10:12:34,2025-10-01 10:54:34,2025-10-01 06:12:34,2025-10-01 06:54:34
2025-10-01,"2025-10-01T10:54:34.0","2025-10-01T10:55:34.0",3,22,2025-10-01 10:54:34,2025-10-01 10:55:34,2025-10-01 06:54:34,2025-10-01 06:55:34
2025-10-01,"2025-10-01T10:55:34.0","2025-10-01T11:07:34.0",1,23,2025-10-01 10:55:34,2025-10-01 11:07:34,2025-10-01 06:55:34,2025-10-01 07:07:34
2025-10-01,"2025-10-01T11:07:34.0","2025-10-01T11:23:34.0",2,24,2025-10-01 11:07:34,2025-10-01 11:23:34,2025-10-01 07:07:34,2025-10-01 07:23:34
2025-10-02,"2025-10-02T02:25:02.0","2025-10-02T02:32:02.0",1,1,2025-10-02 02:25:02,2025-10-02 02:32:02,2025-10-01 22:25:02,2025-10-01 22:32:02
2025-10-02,"2025-10-02T02:32:02.0","2025-10-02T03:22:02.0",0,2,2025-10-02 02:32:02,2025-10-02 03:22:02,2025-10-01 22:32:02,2025-10-01 23:22:02
2025-10-02,"2025-10-02T03:22:02.0","2025-10-02T03:30:02.0",3,3,2025-10-02 03:22:02,2025-10-02 03:30:02,2025-10-01 23:22:02,2025-10-01 23:30:02
2025-10-02,"2025-10-02T03:30:02.0","2025-10-02T03:42:02.0",1,4,2025-10-02 03:30:02,2025-10-02 03:42:02,2025-10-01 23:30:02,2025-10-01 23:42:02
2025-10-02,"2025-10-02T03:42:02.0","2025-10-02T04:34:02.0",0,5,2025-10-02 03:42:02,2025-10-02 04:34:02,2025-10-01 23:42:02,2025-10-02 00:34:02
2025-10-02,"2025-10-02T04:34:02.0","2025-10-02T04:48:02.0",1,6,2025-10-02 04:34:02,2025-10-02 04:48:02,2025-10-02 00:34:02,2025-10-02 00:48:02
2025-10-02,"2025-10-02T04:48:02.0","2025-10-02T05:11:02.0",2,7,2025-10-02 04:48:02,2025-10-02 05:11:02,2025-10-02 00:48:02,2025-10-02 01:11:02
2025-10-02,"2025-10-02T05:11:02.0","2025-10-02T06:02:02.0",1,8,2025-10-02 05:11:02,2025-10-02 06:02:02,2025-10-02 01:11:02,2025-10-02 02:02:02
2025-10-02,"2025-10-02T06:02:02.0","2025-10-02T06:20:02.0",0,9,2025-10-02 06:02:02,2025-10-02 06:20:02,2025-10-02 02:02:02,2025-10-02 02:20:02
2025-10-02,"2025-10-02T06:20:02.0","2025-10-02T06:34:02.0",1,10,2025-10-02 06:20:02,2025-10-02 06:34:02,2025-10-02 02:20:02,2025-10-02 02:34:02
2025-10-02,"2025-10-02T06:34:02.0","2025-10-02T07:05:02.0",2,11,2025-10-02 06:34:02,2025-10-02 07:05:02,2025-10-02 02:34:02,2025-10-02 03:05:02
2025-10-02,"2025-10-02T07:05:02.0","2025-10-02T08:00:02.0",1,12,2025-10-02 07:05:02,2025-10-02 08:00:02,2025-10-02 03:05:02,2025-10-02 04:00:02
2025-10-02,"2025-10-02T08:00:02.0","2025-10-02T08:10:02.0",2,13,2025-10-02 08:00:02,2025-10-02 08:10:02,2025-10-02 04:00:02,2025-10-02 04:10:02
2025-10-02,"2025-10-02T08:10:02.0","2025-10-02T09:23:02.0",1,14,2025-10-02 08:10:02,2025-10-02 09:23:02,2025-10-02 04:10:02,2025-10-02 05:23:02
2025-10-02,"2025-10-02T09:23:02.0","2025-10-02T09:26:02.0",3,15,2025-10-02 09:23:02,2025-10-02 09:26:02,2025-10-02 05:23:02,2025-10-02 05:26:02
2025-10-02,"2025-10-02T09:26:02.0","2025-10-02T09:38:02.0",1,16,2025-10-02 09:26:02,2025-10-02 09:38:02,2025-10-02 05:26:02,2025-10-02 05:38:02
2025-10-03,"2025-10-03T03:10:43.0","2025-10-03T03:12:43.0",1,1,2025-10-03 03:10:43,2025-10-03 03:12:43,2025-10-02 23:10:43,2025-10-02 23:12:43
2025-10-03,"2025-10-03T03:12:43.0","2025-10-03T03:21:43.0",0,2,2025-10-03 03:12:43,2025-10-03 03:21:43,2025-10-02 23:12:43,2025-10-02 23:21:43
2025-10-03,"2025-10-03T03:21:43.0","2025-10-03T03:26:43.0",3,3,2025-10-03 03:21:43,2025-10-03 03:26:43,2025-10-02 23:21:43,2025-10-02 23:26:43
2025-10-03,"2025-10-03T03:26:43.0","2025-10-03T03:51:43.0",1,4,2025-10-03 03:26:43,2025-10-03 03:51:43,2025-10-02 23:26:43,2025-10-02 23:51:43
2025-10-03,"2025-10-03T03:51:43.0","2025-10-03T04:18:43.0",0,5,2025-10-03 03:51:43,2025-10-03 04:18:43,2025-10-02 23:51:43,2025-10-03 00:18:43
2025-10-03,"2025-10-03T04:18:43.0","2025-10-03T04:54:43.0",1,6,2025-10-03 04:18:43,2025-10-03 04:54:43,2025-10-03 00:18:43,2025-10-03 00:54:43
2025-10-03,"2025-10-03T04:54:43.0","2025-10-03T04:59:43.0",3,7,2025-10-03 04:54:43,2025-10-03 04:59:43,2025-10-03 00:54:43,2025-10-03 00:59:43
2025-10-03,"2025-10-03T04:59:43.0","2025-10-03T05:08:43.0",1,8,2025-10-03 04:59:43,2025-10-03 05:08:43,2025-10-03 00:59:43,2025-10-03 01:08:43
2025-10-03,"2025-10-03T05:08:43.0","2025-10-03T05:55:43.0",0,9,2025-10-03 05:08:43,2025-10-03 05:55:43,2025-10-03 01:08:43,2025-10-03 01:55:43
2025-10-03,"2025-10-03T05:55:43.0","2025-10-03T05:58:43.0",3,10,2025-10-03 05:55:43,2025-10-03 05:58:43,2025-10-03 01:55:43,2025-10-03 01:58:43
2025-10-03,"2025-10-03T05:58:43.0","2025-10-03T06:28:43.0",1,11,2025-10-03 05:58:43,2025-10-03 06:28:43,2025-10-03 01:58:43,2025-10-03 02:28:43
2025-10-03,"2025-10-03T06:28:43.0","2025-10-03T06:56:43.0",3,12,2025-10-03 06:28:43,2025-10-03 06:56:43,2025-10-03 02:28:43,2025-10-03 02:56:43
2025-10-03,"2025-10-03T06:56:43.0","2025-10-03T07:11:43.0",1,13,2025-10-03 06:56:43,2025-10-03 07:11:43,2025-10-03 02:56:43,2025-10-03 03:11:43
2025-10-03,"2025-10-03T07:11:43.0","2025-10-03T07:16:43.0",3,14,2025-10-03 07:11:43,2025-10-03 07:16:43,2025-10-03 03:11:43,2025-10-03 03:16:43
2025-10-03,"2025-10-03T07:16:43.0","2025-10-03T08:08:43.0",1,15,2025-10-03 07:16:43,2025-10-03 08:08:43,2025-10-03 03:16:43,2025-10-03 04:08:43
2025-10-03,"2025-10-03T08:08:43.0","2025-10-03T08:24:43.0",0,16,2025-10-03 08:08:43,2025-10-03 08:24:43,2025-10-03 04:08:43,2025-10-03 04:24:43
2025-10-03,"2025-10-03T08:24:43.0","2025-10-03T08:25:43.0",3,17,2025-10-03 08:24:43,2025-10-03 08:25:43,2025-10-03 04:24:43,2025-10-03 04:25:43
2025-10-03,"2025-10-03T08:25:43.0","2025-10-03T08:41:43.0",1,18,2025-10-03 08:25:43,2025-10-03 08:41:43,2025-10-03 04:25:43,2025-10-03 04:41:43
2025-10-03,"2025-10-03T08:41:43.0","2025-10-03T08:51:43.0",2,19,2025-10-03 08:41:43,2025-10-03 08:51:43,2025-10-03 04:41:43,2025-10-03 04:51:43
2025-10-03,"2025-10-03T08:51:43.0","2025-10-03T10:06:43.0",1,20,2025-10-03 08:51:43,2025-10-03 10:06:43,2025-10-03 04:51:43,2025-10-03 06:06:43
2025-10-03,"2025-10-03T10:06:43.0","2025-10-03T10:36:43.0",2,21,2025-10-03 10:06:43,2025-10-03 10:36:43,2025-10-03 06:06:43,2025-10-03 06:36:43
2025-10-04,"2025-10-04T03:36:44.0","2025-10-04T03:55:44.0",1,1,2025-10-04 03:36:44,2025-10-04 03:55:44,2025-10-03 23:36:44,2025-10-03 23:55:44
2025-10-04,"2025-10-04T03:55:44.0","2025-10-04T04:27:44.0",0,2,2025-10-04 03:55:44,2025-10-04 04:27:44,2025-10-03 23:55:44,2025-10-04 00:27:44
2025-10-04,"2025-10-04T04:27:44.0","2025-10-04T05:22:44.0",1,3,2025-10-04 04:27:44,2025-10-04 05:22:44,2025-10-04 00:27:44,2025-10-04 01:22:44
2025-10-04,"2025-10-04T05:22:44.0","2025-10-04T05:23:44.0",3,4,2025-10-04 05:22:44,2025-10-04 05:23:44,2025-10-04 01:22:44,2025-10-04 01:23:44
2025-10-04,"2025-10-04T05:23:44.0","2025-10-04T05:31:44.0",1,5,2025-10-04 05:23:44,2025-10-04 05:31:44,2025-10-04 01:23:44,2025-10-04 01:31:44
2025-10-04,"2025-10-04T05:31:44.0","2025-10-04T06:09:44.0",0,6,2025-10-04 05:31:44,2025-10-04 06:09:44,2025-10-04 01:31:44,2025-10-04 02:09:44
2025-10-04,"2025-10-04T06:09:44.0","2025-10-04T07:49:44.0",1,7,2025-10-04 06:09:44,2025-10-04 07:49:44,2025-10-04 02:09:44,2025-10-04 03:49:44
2025-10-04,"2025-10-04T07:49:44.0","2025-10-04T08:10:44.0",0,8,2025-10-04 07:49:44,2025-10-04 08:10:44,2025-10-04 03:49:44,2025-10-04 04:10:44
2025-10-04,"2025-10-04T08:10:44.0","2025-10-04T08:52:44.0",1,9,2025-10-04 08:10:44,2025-10-04 08:52:44,2025-10-04 04:10:44,2025-10-04 04:52:44
2025-10-04,"2025-10-04T08:52:44.0","2025-10-04T09:05:44.0",2,10,2025-10-04 08:52:44,2025-10-04 09:05:44,2025-10-04 04:52:44,2025-10-04 05:05:44
2025-10-04,"2025-10-04T09:05:44.0","2025-10-04T09:18:44.0",1,11,2025-10-04 09:05:44,2025-10-04 09:18:44,2025-10-04 05:05:44,2025-10-04 05:18:44
2025-10-04,"2025-10-04T09:18:44.0","2025-10-04T09:40:44.0",2,12,2025-10-04 09:18:44,2025-10-04 09:40:44,2025-10-04 05:18:44,2025-10-04 05:40:44
2025-10-04,"2025-10-04T09:40:44.0","2025-10-04T09:54:44.0",1,13,2025-10-04 09:40:44,2025-10-04 09:54:44,2025-10-04 05:40:44,2025-10-04 05:54:44
2025-10-04,"2025-10-04T09:54:44.0","2025-10-04T10:01:44.0",3,14,2025-10-04 09:54:44,2025-10-04 10:01:44,2025-10-04 05:54:44,2025-10-04 06:01:44
2025-10-04,"2025-10-04T10:01:44.0","2025-10-04T10:17:44.0",1,15,2025-10-04 10:01:44,2025-10-04 10:17:44,2025-10-04 06:01:44,2025-10-04 06:17:44
2025-10-04,"2025-10-04T10:17:44.0","2025-10-04T10:22:44.0",0,16,2025-10-04 10:17:44,2025-10-04 10:22:44,2025-10-04 06:17:44,2025-10-04 06:22:44
2025-10-04,"2025-10-04T10:22:44.0","2025-10-04T11:01:44.0",1,17,2025-10-04 10:22:44,2025-10-04 11:01:44,2025-10-04 06:22:44,2025-10-04 07:01:44
2025-10-04,"2025-10-04T11:01:44.0","2025-10-04T11:32:44.0",2,18,2025-10-04 11:01:44,2025-10-04 11:32:44,2025-10-04 07:01:44,2025-10-04 07:32:44
2025-10-05,"2025-10-05T03:49:09.0","2025-10-05T03:59:09.0",1,1,2025-10-05 03:49:09,2025-10-05 03:59:09,2025-10-04 23:49:09,2025-10-04 23:59:09
2025-10-05,"2025-10-05T03:59:09.0","2025-10-05T04:30:09.0",0,2,2025-10-05 03:59:09,2025-10-05 04:30:09,2025-10-04 23:59:09,2025-10-05 00:30:09
2025-10-05,"2025-10-05T04:30:09.0","2025-10-05T05:56:09.0",1,3,2025-10-05 04:30:09,2025-10-05 05:56:09,2025-10-05 00:30:09,2025-10-05 01:56:09
2025-10-05,"2025-10-05T05:56:09.0","2025-10-05T05:57:09.0",3,4,2025-10-05 05:56:09,2025-10-05 05:57:09,2025-10-05 01:56:09,2025-10-05 01:57:09
2025-10-05,"2025-10-05T05:57:09.0","2025-10-05T06:16:09.0",1,5,2025-10-05 05:57:09,2025-10-05 06:16:09,2025-10-05 01:57:09,2025-10-05 02:16:09
2025-10-05,"2025-10-05T06:16:09.0","2025-10-05T06:49:09.0",0,6,2025-10-05 06:16:09,2025-10-05 06:49:09,2025-10-05 02:16:09,2025-10-05 02:49:09
2025-10-05,"2025-10-05T06:49:09.0","2025-10-05T07:59:09.0",1,7,2025-10-05 06:49:09,2025-10-05 07:59:09,2025-10-05 02:49:09,2025-10-05 03:59:09
2025-10-05,"2025-10-05T07:59:09.0","2025-10-05T08:17:09.0",0,8,2025-10-05 07:59:09,2025-10-05 08:17:09,2025-10-05 03:59:09,2025-10-05 04:17:09
2025-10-05,"2025-10-05T08:17:09.0","2025-10-05T09:32:09.0",1,9,2025-10-05 08:17:09,2025-10-05 09:32:09,2025-10-05 04:17:09,2025-10-05 05:32:09
2025-10-05,"2025-10-05T09:32:09.0","2025-10-05T09:34:09.0",3,10,2025-10-05 09:32:09,2025-10-05 09:34:09,2025-10-05 05:32:09,2025-10-05 05:34:09
2025-10-05,"2025-10-05T09:34:09.0","2025-10-05T10:39:09.0",1,11,2025-10-05 09:34:09,2025-10-05 10:39:09,2025-10-05 05:34:09,2025-10-05 06:39:09
2025-10-05,"2025-10-05T10:39:09.0","2025-10-05T10:53:09.0",3,12,2025-10-05 10:39:09,2025-10-05 10:53:09,2025-10-05 06:39:09,2025-10-05 06:53:09
2025-10-05,"2025-10-05T10:53:09.0","2025-10-05T11:10:09.0",1,13,2025-10-05 10:53:09,2025-10-05 11:10:09,2025-10-05 06:53:09,2025-10-05 07:10:09
2025-10-05,"2025-10-05T11:10:09.0","2025-10-05T11:17:09.0",0,14,2025-10-05 11:10:09,2025-10-05 11:17:09,2025-10-05 07:10:09,2025-10-05 07:17:09
2025-10-05,"2025-10-05T11:17:09.0","2025-10-05T11:18:09.0",3,15,2025-10-05 11:17:09,2025-10-05 11:18:09,2025-10-05 07:17:09,2025-10-05 07:18:09
2025-10-05,"2025-10-05T11:18:09.0","2025-10-05T12:05:09.0",1,16,2025-10-05 11:18:09,2025-10-05 12:05:09,2025-10-05 07:18:09,2025-10-05 08:05:09
2025-10-06,"2025-10-06T03:30:07.0","2025-10-06T03:47:07.0",1,1,2025-10-06 03:30:07,2025-10-06 03:47:07,2025-10-05 23:30:07,2025-10-05 23:47:07
2025-10-06,"2025-10-06T03:47:07.0","2025-10-06T04:10:07.0",0,2,2025-10-06 03:47:07,2025-10-06 04:10:07,2025-10-05 23:47:07,2025-10-06 00:10:07
2025-10-06,"2025-10-06T04:10:07.0","2025-10-06T04:12:07.0",3,3,2025-10-06 04:10:07,2025-10-06 04:12:07,2025-10-06 00:10:07,2025-10-06 00:12:07
2025-10-06,"2025-10-06T04:12:07.0","2025-10-06T04:46:07.0",1,4,2025-10-06 04:12:07,2025-10-06 04:46:07,2025-10-06 00:12:07,2025-10-06 00:46:07
2025-10-06,"2025-10-06T04:46:07.0","2025-10-06T04:57:07.0",0,5,2025-10-06 04:46:07,2025-10-06 04:57:07,2025-10-06 00:46:07,2025-10-06 00:57:07
2025-10-06,"2025-10-06T04:57:07.0","2025-10-06T05:51:07.0",1,6,2025-10-06 04:57:07,2025-10-06 05:51:07,2025-10-06 00:57:07,2025-10-06 01:51:07
2025-10-06,"2025-10-06T05:51:07.0","2025-10-06T06:04:07.0",0,7,2025-10-06 05:51:07,2025-10-06 06:04:07,2025-10-06 01:51:07,2025-10-06 02:04:07
2025-10-06,"2025-10-06T06:04:07.0","2025-10-06T07:20:07.0",1,8,2025-10-06 06:04:07,2025-10-06 07:20:07,2025-10-06 02:04:07,2025-10-06 03:20:07
2025-10-06,"2025-10-06T07:20:07.0","2025-10-06T07:27:07.0",0,9,2025-10-06 07:20:07,2025-10-06 07:27:07,2025-10-06 03:20:07,2025-10-06 03:27:07
2025-10-06,"2025-10-06T07:27:07.0","2025-10-06T07:52:07.0",1,10,2025-10-06 07:27:07,2025-10-06 07:52:07,2025-10-06 03:27:07,2025-10-06 03:52:07
2025-10-06,"2025-10-06T07:52:07.0","2025-10-06T07:59:07.0",3,11,2025-10-06 07:52:07,2025-10-06 07:59:07,2025-10-06 03:52:07,2025-10-06 03:59:07
2025-10-06,"2025-10-06T07:59:07.0","2025-10-06T09:55:07.0",1,12,2025-10-06 07:59:07,2025-10-06 09:55:07,2025-10-06 03:59:07,2025-10-06 05:55:07
2025-10-06,"2025-10-06T09:55:07.0","2025-10-06T10:08:07.0",2,13,2025-10-06 09:55:07,2025-10-06 10:08:07,2025-10-06 05:55:07,2025-10-06 06:08:07
2025-10-06,"2025-10-06T10:08:07.0","2025-10-06T10:30:29.0",1,14,2025-10-06 10:08:07,2025-10-06 10:30:29,2025-10-06 06:08:07,2025-10-06 06:30:29
2025-10-07,"2025-10-07T02:18:36.0","2025-10-07T02:24:36.0",1,1,2025-10-07 02:18:36,2025-10-07 02:24:36,2025-10-06 22:18:36,2025-10-06 22:24:36
2025-10-07,"2025-10-07T02:24:36.0","2025-10-07T03:14:36.0",0,2,2025-10-07 02:24:36,2025-10-07 03:14:36,2025-10-06 22:24:36,2025-10-06 23:14:36
2025-10-07,"2025-10-07T03:14:36.0","2025-10-07T03:55:36.0",1,3,2025-10-07 03:14:36,2025-10-07 03:55:36,2025-10-06 23:14:36,2025-10-06 23:55:36
2025-10-07,"2025-10-07T03:55:36.0","2025-10-07T04:03:36.0",3,4,2025-10-07 03:55:36,2025-10-07 04:03:36,2025-10-06 23:55:36,2025-10-07 00:03:36
2025-10-07,"2025-10-07T04:03:36.0","2025-10-07T04:15:36.0",1,5,2025-10-07 04:03:36,2025-10-07 04:15:36,2025-10-07 00:03:36,2025-10-07 00:15:36
2025-10-07,"2025-10-07T04:15:36.0","2025-10-07T04:18:36.0",3,6,2025-10-07 04:15:36,2025-10-07 04:18:36,2025-10-07 00:15:36,2025-10-07 00:18:36
2025-10-07,"2025-10-07T04:18:36.0","2025-10-07T04:58:36.0",1,7,2025-10-07 04:18:36,2025-10-07 04:58:36,2025-10-07 00:18:36,2025-10-07 00:58:36
2025-10-07,"2025-10-07T04:58:36.0","2025-10-07T05:00:36.0",3,8,2025-10-07 04:58:36,2025-10-07 05:00:36,2025-10-07 00:58:36,2025-10-07 01:00:36
2025-10-07,"2025-10-07T05:00:36.0","2025-10-07T05:24:36.0",1,9,2025-10-07 05:00:36,2025-10-07 05:24:36,2025-10-07 01:00:36,2025-10-07 01:24:36
2025-10-07,"2025-10-07T05:24:36.0","2025-10-07T05:33:36.0",0,10,2025-10-07 05:24:36,2025-10-07 05:33:36,2025-10-07 01:24:36,2025-10-07 01:33:36
2025-10-07,"2025-10-07T05:33:36.0","2025-10-07T05:52:36.0",1,11,2025-10-07 05:33:36,2025-10-07 05:52:36,2025-10-07 01:33:36,2025-10-07 01:52:36
2025-10-07,"2025-10-07T05:52:36.0","2025-10-07T06:02:36.0",0,12,2025-10-07 05:52:36,2025-10-07 06:02:36,2025-10-07 01:52:36,2025-10-07 02:02:36
2025-10-07,"2025-10-07T06:02:36.0","2025-10-07T06:36:36.0",1,13,2025-10-07 06:02:36,2025-10-07 06:36:36,2025-10-07 02:02:36,2025-10-07 02:36:36
2025-10-07,"2025-10-07T06:36:36.0","2025-10-07T06:44:36.0",2,14,2025-10-07 06:36:36,2025-10-07 06:44:36,2025-10-07 02:36:36,2025-10-07 02:44:36
2025-10-07,"2025-10-07T06:44:36.0","2025-10-07T06:55:36.0",1,15,2025-10-07 06:44:36,2025-10-07 06:55:36,2025-10-07 02:44:36,2025-10-07 02:55:36
2025-10-07,"2025-10-07T06:55:36.0","2025-10-07T07:08:36.0",0,16,2025-10-07 06:55:36,2025-10-07 07:08:36,2025-10-07 02:55:36,2025-10-07 03:08:36
2025-10-07,"2025-10-07T07:08:36.0","2025-10-07T07:14:36.0",1,17,2025-10-07 07:08:36,2025-10-07 07:14:36,2025-10-07 03:08:36,2025-10-07 03:14:36
2025-10-07,"2025-10-07T07:14:36.0","2025-10-07T07:15:36.0",3,18,2025-10-07 07:14:36,2025-10-07 07:15:36,2025-10-07 03:14:36,2025-10-07 03:15:36
2025-10-07,"2025-10-07T07:15:36.0","2025-10-07T07:50:36.0",1,19,2025-10-07 07:15:36,2025-10-07 07:50:36,2025-10-07 03:15:36,2025-10-07 03:50:36
2025-10-07,"2025-10-07T07:50:36.0","2025-10-07T07:57:36.0",0,20,2025-10-07 07:50:36,2025-10-07 07:57:36,2025-10-07 03:50:36,2025-10-07 03:57:36
2025-10-07,"2025-10-07T07:57:36.0","2025-10-07T08:18:36.0",1,21,2025-10-07 07:57:36,2025-10-07 08:18:36,2025-10-07 03:57:36,2025-10-07 04:18:36
2025-10-07,"2025-10-07T08:18:36.0","2025-10-07T08:53:36.0",2,22,2025-10-07 08:18:36,2025-10-07 08:53:36,2025-10-07 04:18:36,2025-10-07 04:53:36
2025-10-07,"2025-10-07T08:53:36.0","2025-10-07T08:54:36.0",3,23,2025-10-07 08:53:36,2025-10-07 08:54:36,2025-10-07 04:53:36,2025-10-07 04:54:36
2025-10-07,"2025-10-07T08:54:36.0","2025-10-07T09:56:36.0",1,24,2025-10-07 08:54:36,2025-10-07 09:56:36,2025-10-07 04:54:36,2025-10-07 05:56:36
2025-10-07,"2025-10-07T09:56:36.0","2025-10-07T10:35:36.0",2,25,2025-10-07 09:56:36,2025-10-07 10:35:36,2025-10-07 05:56:36,2025-10-07 06:35:36
2025-10-08,"2025-10-08T02:43:57.0","2025-10-08T02:44:57.0",1,1,2025-10-08 02:43:57,2025-10-08 02:44:57,2025-10-07 22:43:57,2025-10-07 22:44:57
2025-10-08,"2025-10-08T02:44:57.0","2025-10-08T03:00:57.0",0,2,2025-10-08 02:44:57,2025-10-08 03:00:57,2025-10-07 22:44:57,2025-10-07 23:00:57
2025-10-08,"2025-10-08T03:00:57.0","2025-10-08T03:06:57.0",1,3,2025-10-08 03:00:57,2025-10-08 03:06:57,2025-10-07 23:00:57,2025-10-07 23:06:57
2025-10-08,"2025-10-08T03:06:57.0","2025-10-08T03:12:57.0",0,4,2025-10-08 03:06:57,2025-10-08 03:12:57,2025-10-07 23:06:57,2025-10-07 23:12:57
2025-10-08,"2025-10-08T03:12:57.0","2025-10-08T03:39:57.0",1,5,2025-10-08 03:12:57,2025-10-08 03:39:57,2025-10-07 23:12:57,2025-10-07 23:39:57
2025-10-08,"2025-10-08T03:39:57.0","2025-10-08T03:43:57.0",3,6,2025-10-08 03:39:57,2025-10-08 03:43:57,2025-10-07 23:39:57,2025-10-07 23:43:57
2025-10-08,"2025-10-08T03:43:57.0","2025-10-08T04:07:57.0",1,7,2025-10-08 03:43:57,2025-10-08 04:07:57,2025-10-07 23:43:57,2025-10-08 00:07:57
2025-10-08,"2025-10-08T04:07:57.0","2025-10-08T04:27:57.0",0,8,2025-10-08 04:07:57,2025-10-08 04:27:57,2025-10-08 00:07:57,2025-10-08 00:27:57
2025-10-08,"2025-10-08T04:27:57.0","2025-10-08T05:18:57.0",1,9,2025-10-08 04:27:57,2025-10-08 05:18:57,2025-10-08 00:27:57,2025-10-08 01:18:57
2025-10-08,"2025-10-08T05:18:57.0","2025-10-08T05:25:57.0",3,10,2025-10-08 05:18:57,2025-10-08 05:25:57,2025-10-08 01:18:57,2025-10-08 01:25:57
2025-10-08,"2025-10-08T05:25:57.0","2025-10-08T05:35:57.0",1,11,2025-10-08 05:25:57,2025-10-08 05:35:57,2025-10-08 01:25:57,2025-10-08 01:35:57
2025-10-08,"2025-10-08T05:35:57.0","2025-10-08T05:53:57.0",0,12,2025-10-08 05:35:57,2025-10-08 05:53:57,2025-10-08 01:35:57,2025-10-08 01:53:57
2025-10-08,"2025-10-08T05:53:57.0","2025-10-08T05:54:57.0",3,13,2025-10-08 05:53:57,2025-10-08 05:54:57,2025-10-08 01:53:57,2025-10-08 01:54:57
2025-10-08,"2025-10-08T05:54:57.0","2025-10-08T06:45:57.0",1,14,2025-10-08 05:54:57,2025-10-08 06:45:57,2025-10-08 01:54:57,2025-10-08 02:45:57
2025-10-08,"2025-10-08T06:45:57.0","2025-10-08T07:02:57.0",0,15,2025-10-08 06:45:57,2025-10-08 07:02:57,2025-10-08 02:45:57,2025-10-08 03:02:57
2025-10-08,"2025-10-08T07:02:57.0","2025-10-08T07:39:57.0",1,16,2025-10-08 07:02:57,2025-10-08 07:39:57,2025-10-08 03:02:57,2025-10-08 03:39:57
2025-10-08,"2025-10-08T07:39:57.0","2025-10-08T07:49:57.0",3,17,2025-10-08 07:39:57,2025-10-08 07:49:57,2025-10-08 03:39:57,2025-10-08 03:49:57
2025-10-08,"2025-10-08T07:49:57.0","2025-10-08T07:59:57.0",1,18,2025-10-08 07:49:57,2025-10-08 07:59:57,2025-10-08 03:49:57,2025-10-08 03:59:57
2025-10-08,"2025-10-08T07:59:57.0","2025-10-08T08:20:57.0",2,19,2025-10-08 07:59:57,2025-10-08 08:20:57,2025-10-08 03:59:57,2025-10-08 04:20:57
2025-10-09,"2025-10-09T03:02:17.0","2025-10-09T03:05:17.0",1,1,2025-10-09 03:02:17,2025-10-09 03:05:17,2025-10-08 23:02:17,2025-10-08 23:05:17
2025-10-09,"2025-10-09T03:05:17.0","2025-10-09T04:19:17.0",0,2,2025-10-09 03:05:17,2025-10-09 04:19:17,2025-10-08 23:05:17,2025-10-09 00:19:17
2025-10-09,"2025-10-09T04:19:17.0","2025-10-09T04:31:17.0",1,3,2025-10-09 04:19:17,2025-10-09 04:31:17,2025-10-09 00:19:17,2025-10-09 00:31:17
2025-10-09,"2025-10-09T04:31:17.0","2025-10-09T04:42:17.0",2,4,2025-10-09 04:31:17,2025-10-09 04:42:17,2025-10-09 00:31:17,2025-10-09 00:42:17
2025-10-09,"2025-10-09T04:42:17.0","2025-10-09T05:37:17.0",1,5,2025-10-09 04:42:17,2025-10-09 05:37:17,2025-10-09 00:42:17,2025-10-09 01:37:17
2025-10-09,"2025-10-09T05:37:17.0","2025-10-09T06:05:17.0",0,6,2025-10-09 05:37:17,2025-10-09 06:05:17,2025-10-09 01:37:17,2025-10-09 02:05:17
2025-10-09,"2025-10-09T06:05:17.0","2025-10-09T06:58:17.0",1,7,2025-10-09 06:05:17,2025-10-09 06:58:17,2025-10-09 02:05:17,2025-10-09 02:58:17
2025-10-09,"2025-10-09T06:58:17.0","2025-10-09T07:13:17.0",0,8,2025-10-09 06:58:17,2025-10-09 07:13:17,2025-10-09 02:58:17,2025-10-09 03:13:17
2025-10-09,"2025-10-09T07:13:17.0","2025-10-09T07:22:17.0",1,9,2025-10-09 07:13:17,2025-10-09 07:22:17,2025-10-09 03:13:17,2025-10-09 03:22:17
2025-10-09,"2025-10-09T07:22:17.0","2025-10-09T08:07:17.0",2,10,2025-10-09 07:22:17,2025-10-09 08:07:17,2025-10-09 03:22:17,2025-10-09 04:07:17
2025-10-09,"2025-10-09T08:07:17.0","2025-10-09T09:09:17.0",1,11,2025-10-09 08:07:17,2025-10-09 09:09:17,2025-10-09 04:07:17,2025-10-09 05:09:17
2025-10-09,"2025-10-09T09:09:17.0","2025-10-09T10:05:17.0",2,12,2025-10-09 09:09:17,2025-10-09 10:05:17,2025-10-09 05:09:17,2025-10-09 06:05:17
2025-10-09,"2025-10-09T10:05:17.0","2025-10-09T10:28:17.0",1,13,2025-10-09 10:05:17,2025-10-09 10:28:17,2025-10-09 06:05:17,2025-10-09 06:28:17
2025-10-09,"2025-10-09T10:28:17.0","2025-10-09T10:42:57.0",2,14,2025-10-09 10:28:17,2025-10-09 10:42:57,2025-10-09 06:28:17,2025-10-09 06:42:57
2025-10-10,"2025-10-10T03:57:57.0","2025-10-10T04:24:57.0",1,1,2025-10-10 03:57:57,2025-10-10 04:24:57,2025-10-09 23:57:57,2025-10-10 00:24:57
2025-10-10,"2025-10-10T04:24:57.0","2025-10-10T05:01:57.0",0,2,2025-10-10 04:24:57,2025-10-10 05:01:57,2025-10-10 00:24:57,2025-10-10 01:01:57
2025-10-10,"2025-10-10T05:01:57.0","2025-10-10T05:18:57.0",1,3,2025-10-10 05:01:57,2025-10-10 05:18:57,2025-10-10 01:01:57,2025-10-10 01:18:57
2025-10-10,"2025-10-10T05:18:57.0","2025-10-10T05:32:57.0",2,4,2025-10-10 05:18:57,2025-10-10 05:32:57,2025-10-10 01:18:57,2025-10-10 01:32:57
2025-10-10,"2025-10-10T05:32:57.0","2025-10-10T05:51:57.0",1,5,2025-10-10 05:32:57,2025-10-10 05:51:57,2025-10-10 01:32:57,2025-10-10 01:51:57
2025-10-10,"2025-10-10T05:51:57.0","2025-10-10T06:20:57.0",0,6,2025-10-10 05:51:57,2025-10-10 06:20:57,2025-10-10 01:51:57,2025-10-10 02:20:57
2025-10-10,"2025-10-10T06:20:57.0","2025-10-10T06:28:57.0",1,7,2025-10-10 06:20:57,2025-10-10 06:28:57,2025-10-10 02:20:57,2025-10-10 02:28:57
2025-10-10,"2025-10-10T06:28:57.0","2025-10-10T06:55:57.0",2,8,2025-10-10 06:28:57,2025-10-10 06:55:57,2025-10-10 02:28:57,2025-10-10 02:55:57
2025-10-10,"2025-10-10T06:55:57.0","2025-10-10T07:10:57.0",3,9,2025-10-10 06:55:57,2025-10-10 07:10:57,2025-10-10 02:55:57,2025-10-10 03:10:57
2025-10-10,"2025-10-10T07:10:57.0","2025-10-10T07:38:57.0",1,10,2025-10-10 07:10:57,2025-10-10 07:38:57,2025-10-10 03:10:57,2025-10-10 03:38:57
2025-10-10,"2025-10-10T07:38:57.0","2025-10-10T07:49:57.0",0,11,2025-10-10 07:38:57,2025-10-10 07:49:57,2025-10-10 03:38:57,2025-10-10 03:49:57
2025-10-10,"2025-10-10T07:49:57.0","2025-10-10T08:03:57.0",1,12,2025-10-10 07:49:57,2025-10-10 08:03:57,2025-10-10 03:49:57,2025-10-10 04:03:57
2025-10-10,"2025-10-10T08:03:57.0","2025-10-10T08:31:57.0",2,13,2025-10-10 08:03:57,2025-10-10 08:31:57,2025-10-10 04:03:57,2025-10-10 04:31:57
2025-10-10,"2025-10-10T08:31:57.0","2025-10-10T09:50:57.0",1,14,2025-10-10 08:31:57,2025-10-10 09:50:57,2025-10-10 04:31:57,2025-10-10 05:50:57
2025-10-10,"2025-10-10T09:50:57.0","2025-10-10T10:01:57.0",2,15,2025-10-10 09:50:57,2025-10-10 10:01:57,2025-10-10 05:50:57,2025-10-10 06:01:57
