"calendarDate","startGMT","endGMT","activityLevel","key","startTimeGMT","endTimeGMT","startTimeLocal","endTimeLocal"
2025-08-20,"2025-08-20T05:03:40.0","2025-08-20T05:13:40.0",1,1,2025-08-20 05:03:40,2025-08-20 05:13:40,2025-08-20 01:03:40,2025-08-20 01:13:40
2025-08-20,"2025-08-20T05:13:40.0","2025-08-20T05:44:40.0",0,2,2025-08-20 05:13:40,2025-08-20 05:44:40,2025-08-20 01:13:40,2025-08-20 01:44:40
2025-08-20,"2025-08-20T05:44:40.0","2025-08-20T05:45:40.0",3,3,2025-08-20 05:44:40,2025-08-20 05:45:40,2025-08-20 01:44:40,2025-08-20 01:45:40
2025-08-20,"2025-08-20T05:45:40.0","2025-08-20T06:00:40.0",1,4,2025-08-20 05:45:40,2025-08-20 06:00:40,2025-08-20 01:45:40,2025-08-20 02:00:40
2025-08-20,"2025-08-20T06:00:40.0","2025-08-20T06:18:40.0",0,5,2025-08-20 06:00:40,2025-08-20 06:18:40,2025-08-20 02:00:40,2025-08-20 02:18:40
2025-08-20,"2025-08-20T06:18:40.0","2025-08-20T06:58:40.0",1,6,2025-08-20 06:18:40,2025-08-20 06:58:40,2025-08-20 02:18:40,2025-08-20 02:58:40
2025-08-20,"2025-08-20T06:58:40.0","2025-08-20T07:10:40.0",2,7,2025-08-20 06:58:40,2025-08-20 07:10:40,2025-08-20 02:58:40,2025-08-20 03:10:40
2025-08-20,"2025-08-20T07:10:40.0","2025-08-20T07:30:40.0",1,8,2025-08-20 07:10:40,2025-08-20 07:30:40,2025-08-20 03:10:40,2025-08-20 03:30:40
2025-08-20,"2025-08-20T07:30:40.0","2025-08-20T07:38:40.0",0,9,2025-08-20 07:30:40,2025-08-20 07:38:40,2025-08-20 03:30:40,2025-08-20 03:38:40
2025-08-20,"2025-08-20T07:38:40.0","2025-08-20T07:58:40.0",1,10,2025-08-20 07:38:40,2025-08-20 07:58:40,2025-08-20 03:38:40,2025-08-20 03:58:40
2025-08-20,"2025-08-20T07:58:40.0","2025-08-20T08:05:40.0",3,11,2025-08-20 07:58:40,2025-08-20 08:05:40,2025-08-20 03:58:40,2025-08-20 04:05:40
2025-08-20,"2025-08-20T08:05:40.0","2025-08-20T08:18:40.0",1,12,2025-08-20 08:05:40,2025-08-20 08:18:40,2025-08-20 04:05:40,2025-08-20 04:18:40
2025-08-20,"2025-08-20T08:18:40.0","2025-08-20T08:46:40.0",0,13,2025-08-20 08:18:40,2025-08-20 08:46:40,2025-08-20 04:18:40,2025-08-20 04:46:40
2025-08-20,"2025-08-20T08:46:40.0","2025-08-20T09:05:40.0",1,14,2025-08-20 08:46:40,2025-08-20 09:05:40,2025-08-20 04:46:40,2025-08-20 05:05:40
2025-08-20,"2025-08-20T09:05:40.0","2025-08-20T09:12:40.0",2,15,2025-08-20 09:05:40,2025-08-20 09:12:40,2025-08-20 05:05:40,2025-08-20 05:12:40
2025-08-20,"2025-08-20T09:12:40.0","2025-08-20T09:51:40.0",1,16,2025-08-20 09:12:40,2025-08-20 09:51:40,2025-08-20 05:12:40,2025-08-20 05:51:40
2025-08-20,"2025-08-20T09:51:40.0","2025-08-20T10:01:40.0",2,17,2025-08-20 09:51:40,2025-08-20 10:01:40,2025-08-20 05:51:40,2025-08-20 06:01:40
2025-08-20,"2025-08-20T10:01:40.0","2025-08-20T10:50:40.0",1,18,2025-08-20 10:01:40,2025-08-20 10:50:40,2025-08-20 06:01:40,2025-08-20 06:50:40
2025-08-20,"2025-08-20T10:50:40.0","2025-08-20T11:14:40.0",2,19,2025-08-20 10:50:40,2025-08-20 11:14:40,2025-08-20 06:50:40,2025-08-20 07:14:40
2025-08-20,"2025-08-20T11:14:40.0","2025-08-20T11:44:40.0",1,20,2025-08-20 11:14:40,2025-08-20 11:44:40,2025-08-20 07:14:40,2025-08-20 07:44:40
2025-08-21,"2025-08-21T04:38:17.0","2025-08-21T04:47:17.0",1,1,2025-08-21 04:38:17,2025-08-21 04:47:17,2025-08-21 00:38:17,2025-08-21 00:47:17
2025-08-21,"2025-08-21T04:47:17.0","2025-08-21T05:47:17.0",0,2,2025-08-21 04:47:17,2025-08-21 05:47:17,2025-08-21 00:47:17,2025-08-21 01:47:17
2025-08-21,"2025-08-21T05:47:17.0","2025-08-21T06:15:17.0",1,3,2025-08-21 05:47:17,2025-08-21 06:15:17,2025-08-21 01:47:17,2025-08-21 02:15:17
2025-08-21,"2025-08-21T06:15:17.0","2025-08-21T06:36:17.0",3,4,2025-08-21 06:15:17,2025-08-21 06:36:17,2025-08-21 02:15:17,2025-08-21 02:36:17
2025-08-21,"2025-08-21T06:36:17.0","2025-08-21T06:54:17.0",1,5,2025-08-21 06:36:17,2025-08-21 06:54:17,2025-08-21 02:36:17,2025-08-21 02:54:17
2025-08-21,"2025-08-21T06:54:17.0","2025-08-21T07:34:17.0",0,6,2025-08-21 06:54:17,2025-08-21 07:34:17,2025-08-21 02:54:17,2025-08-21 03:34:17
2025-08-21,"2025-08-21T07:34:17.0","2025-08-21T08:37:17.0",1,7,2025-08-21 07:34:17,2025-08-21 08:37:17,2025-08-21 03:34:17,2025-08-21 04:37:17
2025-08-21,"2025-08-21T08:37:17.0","2025-08-21T08:48:17.0",0,8,2025-08-21 08:37:17,2025-08-21 08:48:17,2025-08-21 04:37:17,2025-08-21 04:48:17
2025-08-21,"2025-08-21T08:48:17.0","2025-08-21T09:45:17.0",1,9,2025-08-21 08:48:17,2025-08-21 09:45:17,2025-08-21 04:48:17,2025-08-21 05:45:17
2025-08-21,"2025-08-21T09:45:17.0","2025-08-21T09:48:17.0",3,10,2025-08-21 09:45:17,2025-08-21 09:48:17,2025-08-21 05:45:17,2025-08-21 05:48:17
2025-08-21,"2025-08-21T09:48:17.0","2025-08-21T10:07:17.0",1,11,2025-08-21 09:48:17,2025-08-21 10:07:17,2025-08-21 05:48:17,2025-08-21 06:07:17
2025-08-21,"2025-08-21T10:07:17.0","2025-08-21T10:17:17.0",0,12,2025-08-21 10:07:17,2025-08-21 10:17:17,2025-08-21 06:07:17,2025-08-21 06:17:17
2025-08-21,"2025-08-21T10:17:17.0","2025-08-21T10:41:17.0",1,13,2025-08-21 10:17:17,2025-08-21 10:41:17,2025-08-21 06:17:17,2025-08-21 06:41:17
2025-08-21,"2025-08-21T10:41:17.0","2025-08-21T10:49:17.0",2,14,2025-08-21 10:41:17,2025-08-21 10:49:17,2025-08-21 06:41:17,2025-08-21 06:49:17
2025-08-21,"2025-08-21T10:49:17.0","2025-08-21T11:07:17.0",1,15,2025-08-21 10:49:17,2025-08-21 11:07:17,2025-08-21 06:49:17,2025-08-21 07:07:17
2025-08-21,"2025-08-21T11:07:17.0","2025-08-21T11:11:17.0",3,16,2025-08-21 11:07:17,2025-08-21 11:11:17,2025-08-21 07:07:17,2025-08-21 07:11:17
2025-08-21,"2025-08-21T11:11:17.0","2025-08-21T11:40:17.0",1,17,2025-08-21 11:11:17,2025-08-21 11:40:17,2025-08-21 07:11:17,2025-08-21 07:40:17
2025-08-22,"2025-08-22T04:54:54.0","2025-08-22T07:45:54.0",1,1,2025-08-22 04:54:54,2025-08-22 07:45:54,2025-08-22 00:54:54,2025-08-22 03:45:54
2025-08-22,"2025-08-22T07:45:54.0","2025-08-22T08:12:54.0",0,2,2025-08-22 07:45:54,2025-08-22 08:12:54,2025-08-22 03:45:54,2025-08-22 04:12:54
2025-08-22,"2025-08-22T08:12:54.0","2025-08-22T09:41:54.0",1,3,2025-08-22 08:12:54,2025-08-22 09:41:54,2025-08-22 04:12:54,2025-08-22 05:41:54
2025-08-22,"2025-08-22T09:41:54.0","2025-08-22T10:10:54.0",2,4,2025-08-22 09:41:54,2025-08-22 10:10:54,2025-08-22 05:41:54,2025-08-22 06:10:54
2025-08-22,"2025-08-22T10:10:54.0","2025-08-22T10:51:54.0",1,5,2025-08-22 10:10:54,2025-08-22 10:51:54,2025-08-22 06:10:54,2025-08-22 06:51:54
2025-08-22,"2025-08-22T10:51:54.0","2025-08-22T11:36:16.0",2,6,2025-08-22 10:51:54,2025-08-22 11:36:16,2025-08-22 06:51:54,2025-08-22 07:36:16
2025-08-23,"2025-08-23T04:38:11.0","2025-08-23T04:53:11.0",1,1,2025-08-23 04:38:11,2025-08-23 04:53:11,2025-08-23 00:38:11,2025-08-23 00:53:11
2025-08-23,"2025-08-23T04:53:11.0","2025-08-23T05:29:11.0",0,2,2025-08-23 04:53:11,2025-08-23 05:29:11,2025-08-23 00:53:11,2025-08-23 01:29:11
2025-08-23,"2025-08-23T05:29:11.0","2025-08-23T06:47:11.0",1,3,2025-08-23 05:29:11,2025-08-23 06:47:11,2025-08-23 01:29:11,2025-08-23 02:47:11
2025-08-23,"2025-08-23T06:47:11.0","2025-08-23T07:22:11.0",0,4,2025-08-23 06:47:11,2025-08-23 07:22:11,2025-08-23 02:47:11,2025-08-23 03:22:11
2025-08-23,"2025-08-23T07:22:11.0","2025-08-23T07:32:11.0",1,5,2025-08-23 07:22:11,2025-08-23 07:32:11,2025-08-23 03:22:11,2025-08-23 03:32:11
2025-08-23,"2025-08-23T07:32:11.0","2025-08-23T07:53:11.0",2,6,2025-08-23 07:32:11,2025-08-23 07:53:11,2025-08-23 03:32:11,2025-08-23 03:53:11
2025-08-23,"2025-08-23T07:53:11.0","2025-08-23T08:34:11.0",1,7,2025-08-23 07:53:11,2025-08-23 08:34:11,2025-08-23 03:53:11,2025-08-23 04:34:11
2025-08-23,"2025-08-23T08:34:11.0","2025-08-23T09:05:11.0",0,8,2025-08-23 08:34:11,2025-08-23 09:05:11,2025-08-23 04:34:11,2025-08-23 05:05:11
2025-08-23,"2025-08-23T09:05:11.0","2025-08-23T09:19:11.0",1,9,2025-08-23 09:05:11,2025-08-23 09:19:11,2025-08-23 05:05:11,2025-08-23 05:19:11
2025-08-23,"2025-08-23T09:19:11.0","2025-08-23T09:45:11.0",2,10,2025-08-23 09:19:11,2025-08-23 09:45:11,2025-08-23 05:19:11,2025-08-23 05:45:11
2025-08-23,"2025-08-23T09:45:11.0","2025-08-23T09:54:11.0",1,11,2025-08-23 09:45:11,2025-08-23 09:54:11,2025-08-23 05:45:11,2025-08-23 05:54:11
2025-08-23,"2025-08-23T09:54:11.0","2025-08-23T10:03:11.0",2,12,2025-08-23 09:54:11,2025-08-23 10:03:11,2025-08-23 05:54:11,2025-08-23 06:03:11
2025-08-23,"2025-08-23T10:03:11.0","2025-08-23T10:28:11.0",1,13,2025-08-23 10:03:11,2025-08-23 10:28:11,2025-08-23 06:03:11,2025-08-23 06:28:11
2025-08-23,"2025-08-23T10:28:11.0","2025-08-23T10:35:11.0",0,14,2025-08-23 10:28:11,2025-08-23 10:35:11,2025-08-23 06:28:11,2025-08-23 06:35:11
2025-08-23,"2025-08-23T10:35:11.0","2025-08-23T10:55:11.0",1,15,2025-08-23 10:35:11,2025-08-23 10:55:11,2025-08-23 06:35:11,2025-08-23 06:55:11
2025-08-23,"2025-08-23T10:55:11.0","2025-08-23T11:26:11.0",2,16,2025-08-23 10:55:11,2025-08-23 11:26:11,2025-08-23 06:55:11,2025-08-23 07:26:11
2025-08-23,"2025-08-23T11:26:11.0","2025-08-23T11:41:11.0",1,17,2025-08-23 11:26:11,2025-08-23 11:41:11,2025-08-23 07:26:11,2025-08-23 07:41:11
2025-08-23,"2025-08-23T11:41:11.0","2025-08-23T11:42:11.0",3,18,2025-08-23 11:41:11,2025-08-23 11:42:11,2025-08-23 07:41:11,2025-08-23 07:42:11
2025-08-23,"2025-08-23T11:42:11.0","2025-08-23T12:01:11.0",1,19,2025-08-23 11:42:11,2025-08-23 12:01:11,2025-08-23 07:42:11,2025-08-23 08:01:11
2025-08-23,"2025-08-23T12:01:11.0","2025-08-23T12:07:11.0",2,20,2025-08-23 12:01:11,2025-08-23 12:07:11,2025-08-23 08:01:11,2025-08-23 08:07:11
2025-08-23,"2025-08-23T12:07:11.0","2025-08-23T12:22:11.0",1,21,2025-08-23 12:07:11,2025-08-23 12:22:11,2025-08-23 08:07:11,2025-08-23 08:22:11
2025-08-23,"2025-08-23T12:22:11.0","2025-08-23T12:39:11.0",2,22,2025-08-23 12:22:11,2025-08-23 12:39:11,2025-08-23 08:22:11,2025-08-23 08:39:11
2025-08-24,"2025-08-24T05:10:39.0","2025-08-24T05:20:39.0",1,1,2025-08-24 05:10:39,2025-08-24 05:20:39,2025-08-24 01:10:39,2025-08-24 01:20:39
2025-08-24,"2025-08-24T05:20:39.0","2025-08-24T05:43:39.0",0,2,2025-08-24 05:20:39,2025-08-24 05:43:39,2025-08-24 01:20:39,2025-08-24 01:43:39
2025-08-24,"2025-08-24T05:43:39.0","2025-08-24T05:44:39.0",3,3,2025-08-24 05:43:39,2025-08-24 05:44:39,2025-08-24 01:43:39,2025-08-24 01:44:39
2025-08-24,"2025-08-24T05:44:39.0","2025-08-24T05:58:39.0",1,4,2025-08-24 05:44:39,2025-08-24 05:58:39,2025-08-24 01:44:39,2025-08-24 01:58:39
2025-08-24,"2025-08-24T05:58:39.0","2025-08-24T06:12:39.0",3,5,2025-08-24 05:58:39,2025-08-24 06:12:39,2025-08-24 01:58:39,2025-08-24 02:12:39
2025-08-24,"2025-08-24T06:12:39.0","2025-08-24T07:14:39.0",1,6,2025-08-24 06:12:39,2025-08-24 07:14:39,2025-08-24 02:12:39,2025-08-24 03:14:39
2025-08-24,"2025-08-24T07:14:39.0","2025-08-24T07:21:39.0",0,7,2025-08-24 07:14:39,2025-08-24 07:21:39,2025-08-24 03:14:39,2025-08-24 03:21:39
2025-08-24,"2025-08-24T07:21:39.0","2025-08-24T07:31:39.0",1,8,2025-08-24 07:21:39,2025-08-24 07:31:39,2025-08-24 03:21:39,2025-08-24 03:31:39
2025-08-24,"2025-08-24T07:31:39.0","2025-08-24T07:32:39.0",3,9,2025-08-24 07:31:39,2025-08-24 07:32:39,2025-08-24 03:31:39,2025-08-24 03:32:39
2025-08-24,"2025-08-24T07:32:39.0","2025-08-24T07:43:39.0",1,10,2025-08-24 07:32:39,2025-08-24 07:43:39,2025-08-24 03:32:39,2025-08-24 03:43:39
2025-08-24,"2025-08-24T07:43:39.0","2025-08-24T08:00:39.0",2,11,2025-08-24 07:43:39,2025-08-24 08:00:39,2025-08-24 03:43:39,2025-08-24 04:00:39
2025-08-24,"2025-08-24T08:00:39.0","2025-08-24T08:46:39.0",1,12,2025-08-24 08:00:39,2025-08-24 08:46:39,2025-08-24 04:00:39,2025-08-24 04:46:39
2025-08-24,"2025-08-24T08:46:39.0","2025-08-24T09:07:39.0",0,13,2025-08-24 08:46:39,2025-08-24 09:07:39,2025-08-24 04:46:39,2025-08-24 05:07:39
2025-08-24,"2025-08-24T09:07:39.0","2025-08-24T09:14:39.0",1,14,2025-08-24 09:07:39,2025-08-24 09:14:39,2025-08-24 05:07:39,2025-08-24 05:14:39
2025-08-24,"2025-08-24T09:14:39.0","2025-08-24T09:22:39.0",2,15,2025-08-24 09:14:39,2025-08-24 09:22:39,2025-08-24 05:14:39,2025-08-24 05:22:39
2025-08-24,"2025-08-24T09:22:39.0","2025-08-24T10:51:39.0",1,16,2025-08-24 09:22:39,2025-08-24 10:51:39,2025-08-24 05:22:39,2025-08-24 06:51:39
2025-08-24,"2025-08-24T10:51:39.0","2025-08-24T11:25:39.0",2,17,2025-08-24 10:51:39,2025-08-24 11:25:39,2025-08-24 06:51:39,2025-08-24 07:25:39
2025-08-24,"2025-08-24T11:25:39.0","2025-08-24T11:27:39.0",3,18,2025-08-24 11:25:39,2025-08-24 11:27:39,2025-08-24 07:25:39,2025-08-24 07:27:39
2025-08-24,"2025-08-24T11:27:39.0","2025-08-24T11:55:39.0",1,19,2025-08-24 11:27:39,2025-08-24 11:55:39,2025-08-24 07:27:39,2025-08-24 07:55:39
2025-08-25,"2025-08-25T04:52:18.0","2025-08-25T05:04:18.0",1,1,2025-08-25 04:52:18,2025-08-25 05:04:18,2025-08-25 00:52:18,2025-08-25 01:04:18
2025-08-25,"2025-08-25T05:04:18.0","2025-08-25T05:12:18.0",0,2,2025-08-25 05:04:18,2025-08-25 05:12:18,2025-08-25 01:04:18,2025-08-25 01:12:18
2025-08-25,"2025-08-25T05:12:18.0","2025-08-25T05:22:18.0",1,3,2025-08-25 05:12:18,2025-08-25 05:22:18,2025-08-25 01:12:18,2025-08-25 01:22:18
2025-08-25,"2025-08-25T05:22:18.0","2025-08-25T05:33:18.0",0,4,2025-08-25 05:22:18,2025-08-25 05:33:18,2025-08-25 01:22:18,2025-08-25 01:33:18
2025-08-25,"2025-08-25T05:33:18.0","2025-08-25T05:54:18.0",1,5,2025-08-25 05:33:18,2025-08-25 05:54:18,2025-08-25 01:33:18,2025-08-25 01:54:18
2025-08-25,"2025-08-25T05:54:18.0","2025-08-25T06:07:18.0",0,6,2025-08-25 05:54:18,2025-08-25 06:07:18,2025-08-25 01:54:18,2025-08-25 02:07:18
2025-08-25,"2025-08-25T06:07:18.0","2025-08-25T07:14:18.0",1,7,2025-08-25 06:07:18,2025-08-25 07:14:18,2025-08-25 02:07:18,2025-08-25 03:14:18
2025-08-25,"2025-08-25T07:14:18.0","2025-08-25T07:25:18.0",0,8,2025-08-25 07:14:18,2025-08-25 07:25:18,2025-08-25 03:14:18,2025-08-25 03:25:18
2025-08-25,"2025-08-25T07:25:18.0","2025-08-25T07:33:18.0",1,9,2025-08-25 07:25:18,2025-08-25 07:33:18,2025-08-25 03:25:18,2025-08-25 03:33:18
2025-08-25,"2025-08-25T07:33:18.0","2025-08-25T07:54:18.0",0,10,2025-08-25 07:33:18,2025-08-25 07:54:18,2025-08-25 03:33:18,2025-08-25 03:54:18
2025-08-25,"2025-08-25T07:54:18.0","2025-08-25T07:55:18.0",3,11,2025-08-25 07:54:18,2025-08-25 07:55:18,2025-08-25 03:54:18,2025-08-25 03:55:18
2025-08-25,"2025-08-25T07:55:18.0","2025-08-25T08:18:18.0",1,12,2025-08-25 07:55:18,2025-08-25 08:18:18,2025-08-25 03:55:18,2025-08-25 04:18:18
2025-08-25,"2025-08-25T08:18:18.0","2025-08-25T09:15:18.0",2,13,2025-08-25 08:18:18,2025-08-25 09:15:18,2025-08-25 04:18:18,2025-08-25 05:15:18
2025-08-25,"2025-08-25T09:15:18.0","2025-08-25T10:08:18.0",1,14,2025-08-25 09:15:18,2025-08-25 10:08:18,2025-08-25 05:15:18,2025-08-25 06:08:18
2025-08-25,"2025-08-25T10:08:18.0","2025-08-25T10:18:18.0",2,15,2025-08-25 10:08:18,2025-08-25 10:18:18,2025-08-25 06:08:18,2025-08-25 06:18:18
2025-08-26,"2025-08-26T03:54:29.0","2025-08-26T03:57:29.0",1,1,2025-08-26 03:54:29,2025-08-26 03:57:29,2025-08-25 23:54:29,2025-08-25 23:57:29
2025-08-26,"2025-08-26T03:57:29.0","2025-08-26T04:57:29.0",0,2,2025-08-26 03:57:29,2025-08-26 04:57:29,2025-08-25 23:57:29,2025-08-26 00:57:29
2025-08-26,"2025-08-26T04:57:29.0","2025-08-26T05:32:29.0",1,3,2025-08-26 04:57:29,2025-08-26 05:32:29,2025-08-26 00:57:29,2025-08-26 01:32:29
2025-08-26,"2025-08-26T05:32:29.0","2025-08-26T05:33:29.0",3,4,2025-08-26 05:32:29,2025-08-26 05:33:29,2025-08-26 01:32:29,2025-08-26 01:33:29
2025-08-26,"2025-08-26T05:33:29.0","2025-08-26T05:57:29.0",1,5,2025-08-26 05:33:29,2025-08-26 05:57:29,2025-08-26 01:33:29,2025-08-26 01:57:29
2025-08-26,"2025-08-26T05:57:29.0","2025-08-26T06:21:29.0",0,6,2025-08-26 05:57:29,2025-08-26 06:21:29,2025-08-26 01:57:29,2025-08-26 02:21:29
2025-08-26,"2025-08-26T06:21:29.0","2025-08-26T07:06:29.0",1,7,2025-08-26 06:21:29,2025-08-26 07:06:29,2025-08-26 02:21:29,2025-08-26 03:06:29
2025-08-26,"2025-08-26T07:06:29.0","2025-08-26T07:29:29.0",0,8,2025-08-26 07:06:29,2025-08-26 07:29:29,2025-08-26 03:06:29,2025-08-26 03:29:29
2025-08-26,"2025-08-26T07:29:29.0","2025-08-26T08:41:29.0",1,9,2025-08-26 07:29:29,2025-08-26 08:41:29,2025-08-26 03:29:29,2025-08-26 04:41:29
2025-08-26,"2025-08-26T08:41:29.0","2025-08-26T09:08:29.0",2,10,2025-08-26 08:41:29,2025-08-26 09:08:29,2025-08-26 04:41:29,2025-08-26 05:08:29
2025-08-26,"2025-08-26T09:08:29.0","2025-08-26T09:36:29.0",3,11,2025-08-26 09:08:29,2025-08-26 09:36:29,2025-08-26 05:08:29,2025-08-26 05:36:29
2025-08-26,"2025-08-26T09:36:29.0","2025-08-26T09:47:43.0",1,12,2025-08-26 09:36:29,2025-08-26 09:47:43,2025-08-26 05:36:29,2025-08-26 05:47:43
2025-08-27,"2025-08-27T05:58:04.0","2025-08-27T06:00:04.0",1,1,2025-08-27 05:58:04,2025-08-27 06:00:04,2025-08-27 01:58:04,2025-08-27 02:00:04
2025-08-27,"2025-08-27T06:00:04.0","2025-08-27T06:36:04.0",0,2,2025-08-27 06:00:04,2025-08-27 06:36:04,2025-08-27 02:00:04,2025-08-27 02:36:04
2025-08-27,"2025-08-27T06:36:04.0","2025-08-27T06:38:04.0",3,3,2025-08-27 06:36:04,2025-08-27 06:38:04,2025-08-27 02:36:04,2025-08-27 02:38:04
2025-08-27,"2025-08-27T06:38:04.0","2025-08-27T06:58:04.0",1,4,2025-08-27 06:38:04,2025-08-27 06:58:04,2025-08-27 02:38:04,2025-08-27 02:58:04
2025-08-27,"2025-08-27T06:58:04.0","2025-08-27T07:33:04.0",0,5,2025-08-27 06:58:04,2025-08-27 07:33:04,2025-08-27 02:58:04,2025-08-27 03:33:04
2025-08-27,"2025-08-27T07:33:04.0","2025-08-27T07:42:04.0",1,6,2025-08-27 07:33:04,2025-08-27 07:42:04,2025-08-27 03:33:04,2025-08-27 03:42:04
2025-08-27,"2025-08-27T07:42:04.0","2025-08-27T07:58:04.0",2,7,2025-08-27 07:42:04,2025-08-27 07:58:04,2025-08-27 03:42:04,2025-08-27 03:58:04
2025-08-27,"2025-08-27T07:58:04.0","2025-08-27T08:11:04.0",1,8,2025-08-27 07:58:04,2025-08-27 08:11:04,2025-08-27 03:58:04,2025-08-27 04:11:04
2025-08-27,"2025-08-27T08:11:04.0","2025-08-27T08:12:04.0",3,9,2025-08-27 08:11:04,2025-08-27 08:12:04,2025-08-27 04:11:04,2025-08-27 04:12:04
2025-08-27,"2025-08-27T08:12:04.0","2025-08-27T08:22:04.0",1,10,2025-08-27 08:12:04,2025-08-27 08:22:04,2025-08-27 04:12:04,2025-08-27 04:22:04
2025-08-27,"2025-08-27T08:22:04.0","2025-08-27T08:43:04.0",0,11,2025-08-27 08:22:04,2025-08-27 08:43:04,2025-08-27 04:22:04,2025-08-27 04:43:04
2025-08-27,"2025-08-27T08:43:04.0","2025-08-27T09:10:04.0",1,12,2025-08-27 08:43:04,2025-08-27 09:10:04,2025-08-27 04:43:04,2025-08-27 05:10:04
2025-08-27,"2025-08-27T09:10:04.0","2025-08-27T09:20:04.0",3,13,2025-08-27 09:10:04,2025-08-27 09:20:04,2025-08-27 05:10:04,2025-08-27 05:20:04
2025-08-27,"2025-08-27T09:20:04.0","2025-08-27T10:57:04.0",1,14,2025-08-27 09:20:04,2025-08-27 10:57:04,2025-08-27 05:20:04,2025-08-27 06:57:04
2025-08-27,"2025-08-27T10:57:04.0","2025-08-27T11:12:04.0",2,15,2025-08-27 10:57:04,2025-08-27 11:12:04,2025-08-27 06:57:04,2025-08-27 07:12:04
2025-08-27,"2025-08-27T11:12:04.0","2025-08-27T11:43:04.0",1,16,2025-08-27 11:12:04,2025-08-27 11:43:04,2025-08-27 07:12:04,2025-08-27 07:43:04
2025-08-27,"2025-08-27T11:43:04.0","2025-08-27T11:57:04.0",3,17,2025-08-27 11:43:04,2025-08-27 11:57:04,2025-08-27 07:43:04,2025-08-27 07:57:04
2025-08-27,"2025-08-27T11:57:04.0","2025-08-27T12:12:04.0",1,18,2025-08-27 11:57:04,2025-08-27 12:12:04,2025-08-27 07:57:04,2025-08-27 08:12:04
2025-08-27,"2025-08-27T12:12:04.0","2025-08-27T12:14:04.0",3,19,2025-08-27 12:12:04,2025-08-27 12:14:04,2025-08-27 08:12:04,2025-08-27 08:14:04
2025-08-27,"2025-08-27T12:14:04.0","2025-08-27T12:57:04.0",1,20,2025-08-27 12:14:04,2025-08-27 12:57:04,2025-08-27 08:14:04,2025-08-27 08:57:04
2025-08-27,"2025-08-27T12:57:04.0","2025-08-27T13:07:04.0",3,21,2025-08-27 12:57:04,2025-08-27 13:07:04,2025-08-27 08:57:04,2025-08-27 09:07:04
2025-08-27,"2025-08-27T13:07:04.0","2025-08-27T13:33:04.0",1,22,2025-08-27 13:07:04,2025-08-27 13:33:04,2025-08-27 09:07:04,2025-08-27 09:33:04
2025-08-27,"2025-08-27T13:33:04.0","2025-08-27T13:49:04.0",3,23,2025-08-27 13:33:04,2025-08-27 13:49:04,2025-08-27 09:33:04,2025-08-27 09:49:04
2025-08-27,"2025-08-27T13:49:04.0","2025-08-27T13:59:04.0",1,24,2025-08-27 13:49:04,2025-08-27 13:59:04,2025-08-27 09:49:04,2025-08-27 09:59:04
2025-08-27,"2025-08-27T13:59:04.0","2025-08-27T14:19:04.0",2,25,2025-08-27 13:59:04,2025-08-27 14:19:04,2025-08-27 09:59:04,2025-08-27 10:19:04
2025-08-27,"2025-08-27T14:19:04.0","2025-08-27T14:35:04.0",1,26,2025-08-27 14:19:04,2025-08-27 14:35:04,2025-08-27 10:19:04,2025-08-27 10:35:04
2025-08-28,"2025-08-28T04:18:24.0","2025-08-28T04:28:24.0",1,1,2025-08-28 04:18:24,2025-08-28 04:28:24,2025-08-28 00:18:24,2025-08-28 00:28:24
2025-08-28,"2025-08-28T04:28:24.0","2025-08-28T05:21:24.0",0,2,2025-08-28 04:28:24,2025-08-28 05:21:24,2025-08-28 00:28:24,2025-08-28 01:21:24
2025-08-28,"2025-08-28T05:21:24.0","2025-08-28T05:50:24.0",1,3,2025-08-28 05:21:24,2025-08-28 05:50:24,2025-08-28 01:21:24,2025-08-28 01:50:24
2025-08-28,"2025-08-28T05:50:24.0","2025-08-28T05:56:24.0",0,4,2025-08-28 05:50:24,2025-08-28 05:56:24,2025-08-28 01:50:24,2025-08-28 01:56:24
2025-08-28,"2025-08-28T05:56:24.0","2025-08-28T06:06:24.0",3,5,2025-08-28 05:56:24,2025-08-28 06:06:24,2025-08-28 01:56:24,2025-08-28 02:06:24
2025-08-28,"2025-08-28T06:06:24.0","2025-08-28T07:17:24.0",1,6,2025-08-28 06:06:24,2025-08-28 07:17:24,2025-08-28 02:06:24,2025-08-28 03:17:24
2025-08-28,"2025-08-28T07:17:24.0","2025-08-28T07:40:24.0",0,7,2025-08-28 07:17:24,2025-08-28 07:40:24,2025-08-28 03:17:24,2025-08-28 03:40:24
2025-08-28,"2025-08-28T07:40:24.0","2025-08-28T07:43:24.0",3,8,2025-08-28 07:40:24,2025-08-28 07:43:24,2025-08-28 03:40:24,2025-08-28 03:43:24
2025-08-28,"2025-08-28T07:43:24.0","2025-08-28T08:19:24.0",1,9,2025-08-28 07:43:24,2025-08-28 08:19:24,2025-08-28 03:43:24,2025-08-28 04:19:24
2025-08-28,"2025-08-28T08:19:24.0","2025-08-28T08:36:24.0",3,10,2025-08-28 08:19:24,2025-08-28 08:36:24,2025-08-28 04:19:24,2025-08-28 04:36:24
2025-08-28,"2025-08-28T08:36:24.0","2025-08-28T09:36:24.0",1,11,2025-08-28 08:36:24,2025-08-28 09:36:24,2025-08-28 04:36:24,2025-08-28 05:36:24
2025-08-28,"2025-08-28T09:36:24.0","2025-08-28T10:01:24.0",2,12,2025-08-28 09:36:24,2025-08-28 10:01:24,2025-08-28 05:36:24,2025-08-28 06:01:24
2025-08-28,"2025-08-28T10:01:24.0","2025-08-28T10:02:24.0",1,13,2025-08-28 10:01:24,2025-08-28 10:02:24,2025-08-28 06:01:24,2025-08-28 06:02:24
2025-08-28,"2025-08-28T10:02:24.0","2025-08-28T10:04:24.0",3,14,2025-08-28 10:02:24,2025-08-28 10:04:24,2025-08-28 06:02:24,2025-08-28 06:04:24
2025-08-28,"2025-08-28T10:04:24.0","2025-08-28T10:40:24.0",1,15,2025-08-28 10:04:24,2025-08-28 10:40:24,2025-08-28 06:04:24,2025-08-28 06:40:24
2025-08-30,"2025-08-30T06:16:14.0","2025-08-30T06:23:14.0",1,1,2025-08-30 06:16:14,2025-08-30 06:23:14,2025-08-30 02:16:14,2025-08-30 02:23:14
2025-08-30,"2025-08-30T06:23:14.0","2025-08-30T06:58:14.0",0,2,2025-08-30 06:23:14,2025-08-30 06:58:14,2025-08-30 02:23:14,2025-08-30 02:58:14
2025-08-30,"2025-08-30T06:58:14.0","2025-08-30T07:04:14.0",1,3,2025-08-30 06:58:14,2025-08-30 07:04:14,2025-08-30 02:58:14,2025-08-30 03:04:14
2025-08-30,"2025-08-30T07:04:14.0","2025-08-30T07:29:14.0",0,4,2025-08-30 07:04:14,2025-08-30 07:29:14,2025-08-30 03:04:14,2025-08-30 03:29:14
2025-08-30,"2025-08-30T07:29:14.0","2025-08-30T08:22:14.0",1,5,2025-08-30 07:29:14,2025-08-30 08:22:14,2025-08-30 03:29:14,2025-08-30 04:22:14
2025-08-30,"2025-08-30T08:22:14.0","2025-08-30T08:52:14.0",0,6,2025-08-30 08:22:14,2025-08-30 08:52:14,2025-08-30 04:22:14,2025-08-30 04:52:14
2025-08-30,"2025-08-30T08:52:14.0","2025-08-30T09:16:14.0",1,7,2025-08-30 08:52:14,2025-08-30 09:16:14,2025-08-30 04:52:14,2025-08-30 05:16:14
2025-08-30,"2025-08-30T09:16:14.0","2025-08-30T09:30:14.0",0,8,2025-08-30 09:16:14,2025-08-30 09:30:14,2025-08-30 05:16:14,2025-08-30 05:30:14
2025-08-30,"2025-08-30T09:30:14.0","2025-08-30T09:46:14.0",1,9,2025-08-30 09:30:14,2025-08-30 09:46:14,2025-08-30 05:30:14,2025-08-30 05:46:14
2025-08-30,"2025-08-30T09:46:14.0","2025-08-30T10:05:14.0",2,10,2025-08-30 09:46:14,2025-08-30 10:05:14,2025-08-30 05:46:14,2025-08-30 06:05:14
2025-08-30,"2025-08-30T10:05:14.0","2025-08-30T10:13:14.0",1,11,2025-08-30 10:05:14,2025-08-30 10:13:14,2025-08-30 06:05:14,2025-08-30 06:13:14
2025-08-30,"2025-08-30T10:13:14.0","2025-08-30T10:20:14.0",2,12,2025-08-30 10:13:14,2025-08-30 10:20:14,2025-08-30 06:13:14,2025-08-30 06:20:14
2025-08-30,"2025-08-30T10:20:14.0","2025-08-30T10:43:14.0",1,13,2025-08-30 10:20:14,2025-08-30 10:43:14,2025-08-30 06:20:14,2025-08-30 06:43:14
2025-08-30,"2025-08-30T10:43:14.0","2025-08-30T10:48:14.0",2,14,2025-08-30 10:43:14,2025-08-30 10:48:14,2025-08-30 06:43:14,2025-08-30 06:48:14
2025-08-30,"2025-08-30T10:48:14.0","2025-08-30T11:02:14.0",1,15,2025-08-30 10:48:14,2025-08-30 11:02:14,2025-08-30 06:48:14,2025-08-30 07:02:14
2025-08-30,"2025-08-30T11:02:14.0","2025-08-30T11:03:14.0",3,16,2025-08-30 11:02:14,2025-08-30 11:03:14,2025-08-30 07:02:14,2025-08-30 07:03:14
2025-08-30,"2025-08-30T11:03:14.0","2025-08-30T11:18:14.0",1,17,2025-08-30 11:03:14,2025-08-30 11:18:14,2025-08-30 07:03:14,2025-08-30 07:18:14
2025-08-30,"2025-08-30T11:18:14.0","2025-08-30T12:05:14.0",2,18,2025-08-30 11:18:14,2025-08-30 12:05:14,2025-08-30 07:18:14,2025-08-30 08:05:14
2025-08-30,"2025-08-30T12:05:14.0","2025-08-30T12:31:14.0",1,19,2025-08-30 12:05:14,2025-08-30 12:31:14,2025-08-30 08:05:14,2025-08-30 08:31:14
2025-08-30,"2025-08-30T12:31:14.0","2025-08-30T12:39:14.0",3,20,2025-08-30 12:31:14,2025-08-30 12:39:14,2025-08-30 08:31:14,2025-08-30 08:39:14
2025-08-30,"2025-08-30T12:39:14.0","2025-08-30T12:49:14.0",1,21,2025-08-30 12:39:14,2025-08-30 12:49:14,2025-08-30 08:39:14,2025-08-30 08:49:14
2025-08-30,"2025-08-30T12:49:14.0","2025-08-30T13:07:14.0",2,22,2025-08-30 12:49:14,2025-08-30 13:07:14,2025-08-30 08:49:14,2025-08-30 09:07:14
2025-08-31,"2025-08-31T05:21:55.0","2025-08-31T05:31:55.0",1,1,2025-08-31 05:21:55,2025-08-31 05:31:55,2025-08-31 01:21:55,2025-08-31 01:31:55
2025-08-31,"2025-08-31T05:31:55.0","2025-08-31T06:09:55.0",0,2,2025-08-31 05:31:55,2025-08-31 06:09:55,2025-08-31 01:31:55,2025-08-31 02:09:55
2025-08-31,"2025-08-31T06:09:55.0","2025-08-31T06:14:55.0",3,3,2025-08-31 06:09:55,2025-08-31 06:14:55,2025-08-31 02:09:55,2025-08-31 02:14:55
2025-08-31,"2025-08-31T06:14:55.0","2025-08-31T06:30:55.0",1,4,2025-08-31 06:14:55,2025-08-31 06:30:55,2025-08-31 02:14:55,2025-08-31 02:30:55
2025-08-31,"2025-08-31T06:30:55.0","2025-08-31T06:31:55.0",3,5,2025-08-31 06:30:55,2025-08-31 06:31:55,2025-08-31 02:30:55,2025-08-31 02:31:55
2025-08-31,"2025-08-31T06:31:55.0","2025-08-31T06:37:55.0",1,6,2025-08-31 06:31:55,2025-08-31 06:37:55,2025-08-31 02:31:55,2025-08-31 02:37:55
2025-08-31,"2025-08-31T06:37:55.0","2025-08-31T06:49:55.0",0,7,2025-08-31 06:37:55,2025-08-31 06:49:55,2025-08-31 02:37:55,2025-08-31 02:49:55
2025-08-31,"2025-08-31T06:49:55.0","2025-08-31T07:15:55.0",1,8,2025-08-31 06:49:55,2025-08-31 07:15:55,2025-08-31 02:49:55,2025-08-31 03:15:55
2025-08-31,"2025-08-31T07:15:55.0","2025-08-31T07:30:55.0",2,9,2025-08-31 07:15:55,2025-08-31 07:30:55,2025-08-31 03:15:55,2025-08-31 03:30:55
2025-08-31,"2025-08-31T07:30:55.0","2025-08-31T08:04:55.0",1,10,2025-08-31 07:30:55,2025-08-31 08:04:55,2025-08-31 03:30:55,2025-08-31 04:04:55
2025-08-31,"2025-08-31T08:04:55.0","2025-08-31T08:42:55.0",0,11,2025-08-31 08:04:55,2025-08-31 08:42:55,2025-08-31 04:04:55,2025-08-31 04:42:55
2025-08-31,"2025-08-31T08:42:55.0","2025-08-31T08:46:55.0",3,12,2025-08-31 08:42:55,2025-08-31 08:46:55,2025-08-31 04:42:55,2025-08-31 04:46:55
2025-08-31,"2025-08-31T08:46:55.0","2025-08-31T09:38:55.0",1,13,2025-08-31 08:46:55,2025-08-31 09:38:55,2025-08-31 04:46:55,2025-08-31 05:38:55
2025-09-01,"2025-09-01T04:43:58.0","2025-09-01T04:55:58.0",1,1,2025-09-01 04:43:58,2025-09-01 04:55:58,2025-09-01 00:43:58,2025-09-01 00:55:58
2025-09-01,"2025-09-01T04:55:58.0","2025-09-01T05:38:58.0",0,2,2025-09-01 04:55:58,2025-09-01 05:38:58,2025-09-01 00:55:58,2025-09-01 01:38:58
2025-09-01,"2025-09-01T05:38:58.0","2025-09-01T05:51:58.0",1,3,2025-09-01 05:38:58,2025-09-01 05:51:58,2025-09-01 01:38:58,2025-09-01 01:51:58
2025-09-01,"2025-09-01T05:51:58.0","2025-09-01T06:02:58.0",2,4,2025-09-01 05:51:58,2025-09-01 06:02:58,2025-09-01 01:51:58,2025-09-01 02:02:58
2025-09-01,"2025-09-01T06:02:58.0","2025-09-01T06:11:58.0",1,5,2025-09-01 06:02:58,2025-09-01 06:11:58,2025-09-01 02:02:58,2025-09-01 02:11:58
2025-09-01,"2025-09-01T06:11:58.0","2025-09-01T06:32:58.0",0,6,2025-09-01 06:11:58,2025-09-01 06:32:58,2025-09-01 02:11:58,2025-09-01 02:32:58
2025-09-01,"2025-09-01T06:32:58.0","2025-09-01T06:49:58.0",1,7,2025-09-01 06:32:58,2025-09-01 06:49:58,2025-09-01 02:32:58,2025-09-01 02:49:58
2025-09-01,"2025-09-01T06:49:58.0","2025-09-01T07:18:58.0",0,8,2025-09-01 06:49:58,2025-09-01 07:18:58,2025-09-01 02:49:58,2025-09-01 03:18:58
2025-09-01,"2025-09-01T07:18:58.0","2025-09-01T07:53:58.0",1,9,2025-09-01 07:18:58,2025-09-01 07:53:58,2025-09-01 03:18:58,2025-09-01 03:53:58
2025-09-01,"2025-09-01T07:53:58.0","2025-09-01T08:08:58.0",2,10,2025-09-01 07:53:58,2025-09-01 08:08:58,2025-09-01 03:53:58,2025-09-01 04:08:58
2025-09-01,"2025-09-01T08:08:58.0","2025-09-01T08:09:58.0",3,11,2025-09-01 08:08:58,2025-09-01 08:09:58,2025-09-01 04:08:58,2025-09-01 04:09:58
2025-09-01,"2025-09-01T08:09:58.0","2025-09-01T08:30:58.0",1,12,2025-09-01 08:09:58,2025-09-01 08:30:58,2025-09-01 04:09:58,2025-09-01 04:30:58
2025-09-01,"2025-09-01T08:30:58.0","2025-09-01T08:41:58.0",0,13,2025-09-01 08:30:58,2025-09-01 08:41:58,2025-09-01 04:30:58,2025-09-01 04:41:58
2025-09-01,"2025-09-01T08:41:58.0","2025-09-01T09:38:58.0",1,14,2025-09-01 08:41:58,2025-09-01 09:38:58,2025-09-01 04:41:58,2025-09-01 05:38:58
2025-09-01,"2025-09-01T09:38:58.0","2025-09-01T09:49:58.0",2,15,2025-09-01 09:38:58,2025-09-01 09:49:58,2025-09-01 05:38:58,2025-09-01 05:49:58
2025-09-01,"2025-09-01T09:49:58.0","2025-09-01T10:10:58.0",1,16,2025-09-01 09:49:58,2025-09-01 10:10:58,2025-09-01 05:49:58,2025-09-01 06:10:58
2025-09-01,"2025-09-01T10:10:58.0","2025-09-01T10:18:58.0",3,17,2025-09-01 10:10:58,2025-09-01 10:18:58,2025-09-01 06:10:58,2025-09-01 06:18:58
2025-09-01,"2025-09-01T10:18:58.0","2025-09-01T10:35:58.0",1,18,2025-09-01 10:18:58,2025-09-01 10:35:58,2025-09-01 06:18:58,2025-09-01 06:35:58
2025-09-01,"2025-09-01T10:35:58.0","2025-09-01T10:39:58.0",3,19,2025-09-01 10:35:58,2025-09-01 10:39:58,2025-09-01 06:35:58,2025-09-01 06:39:58
2025-09-01,"2025-09-01T10:39:58.0","2025-09-01T11:21:58.0",1,20,2025-09-01 10:39:58,2025-09-01 11:21:58,2025-09-01 06:39:58,2025-09-01 07:21:58
2025-09-01,"2025-09-01T11:21:58.0","2025-09-01T11:36:58.0",2,21,2025-09-01 11:21:58,2025-09-01 11:36:58,2025-09-01 07:21:58,2025-09-01 07:36:58
2025-09-01,"2025-09-01T11:36:58.0","2025-09-01T12:21:58.0",1,22,2025-09-01 11:36:58,2025-09-01 12:21:58,2025-09-01 07:36:58,2025-09-01 08:21:58
2025-09-02,"2025-09-02T01:41:59.0","2025-09-02T01:51:59.0",1,1,2025-09-02 01:41:59,2025-09-02 01:51:59,2025-09-01 21:41:59,2025-09-01 21:51:59
2025-09-02,"2025-09-02T01:51:59.0","2025-09-02T02:20:59.0",0,2,2025-09-02 01:51:59,2025-09-02 02:20:59,2025-09-01 21:51:59,2025-09-01 22:20:59
2025-09-02,"2025-09-02T02:20:59.0","2025-09-02T02:26:59.0",1,3,2025-09-02 02:20:59,2025-09-02 02:26:59,2025-09-01 22:20:59,2025-09-01 22:26:59
2025-09-02,"2025-09-02T02:26:59.0","2025-09-02T02:48:59.0",0,4,2025-09-02 02:26:59,2025-09-02 02:48:59,2025-09-01 22:26:59,2025-09-01 22:48:59
2025-09-02,"2025-09-02T02:48:59.0","2025-09-02T03:42:59.0",1,5,2025-09-02 02:48:59,2025-09-02 03:42:59,2025-09-01 22:48:59,2025-09-01 23:42:59
2025-09-02,"2025-09-02T03:42:59.0","2025-09-02T04:02:59.0",0,6,2025-09-02 03:42:59,2025-09-02 04:02:59,2025-09-01 23:42:59,2025-09-02 00:02:59
2025-09-02,"2025-09-02T04:02:59.0","2025-09-02T05:39:59.0",1,7,2025-09-02 04:02:59,2025-09-02 05:39:59,2025-09-02 00:02:59,2025-09-02 01:39:59
2025-09-02,"2025-09-02T05:39:59.0","2025-09-02T05:52:59.0",0,8,2025-09-02 05:39:59,2025-09-02 05:52:59,2025-09-02 01:39:59,2025-09-02 01:52:59
2025-09-02,"2025-09-02T05:52:59.0","2025-09-02T06:02:59.0",1,9,2025-09-02 05:52:59,2025-09-02 06:02:59,2025-09-02 01:52:59,2025-09-02 02:02:59
2025-09-02,"2025-09-02T06:02:59.0","2025-09-02T06:12:59.0",2,10,2025-09-02 06:02:59,2025-09-02 06:12:59,2025-09-02 02:02:59,2025-09-02 02:12:59
2025-09-02,"2025-09-02T06:12:59.0","2025-09-02T06:22:59.0",1,11,2025-09-02 06:12:59,2025-09-02 06:22:59,2025-09-02 02:12:59,2025-09-02 02:22:59
2025-09-02,"2025-09-02T06:22:59.0","2025-09-02T06:31:59.0",0,12,2025-09-02 06:22:59,2025-09-02 06:31:59,2025-09-02 02:22:59,2025-09-02 02:31:59
2025-09-02,"2025-09-02T06:31:59.0","2025-09-02T06:43:59.0",1,13,2025-09-02 06:31:59,2025-09-02 06:43:59,2025-09-02 02:31:59,2025-09-02 02:43:59
2025-09-02,"2025-09-02T06:43:59.0","2025-09-02T07:22:59.0",2,14,2025-09-02 06:43:59,2025-09-02 07:22:59,2025-09-02 02:43:59,2025-09-02 03:22:59
2025-09-02,"2025-09-02T07:22:59.0","2025-09-02T07:27:59.0",1,15,2025-09-02 07:22:59,2025-09-02 07:27:59,2025-09-02 03:22:59,2025-09-02 03:27:59
2025-09-03,"2025-09-03T02:09:14.0","2025-09-03T02:12:14.0",1,1,2025-09-03 02:09:14,2025-09-03 02:12:14,2025-09-02 22:09:14,2025-09-02 22:12:14
2025-09-03,"2025-09-03T02:12:14.0","2025-09-03T03:07:14.0",0,2,2025-09-03 02:12:14,2025-09-03 03:07:14,2025-09-02 22:12:14,2025-09-02 23:07:14
2025-09-03,"2025-09-03T03:07:14.0","2025-09-03T03:20:14.0",1,3,2025-09-03 03:07:14,2025-09-03 03:20:14,2025-09-02 23:07:14,2025-09-02 23:20:14
2025-09-03,"2025-09-03T03:20:14.0","2025-09-03T03:26:14.0",2,4,2025-09-03 03:20:14,2025-09-03 03:26:14,2025-09-02 23:20:14,2025-09-02 23:26:14
2025-09-03,"2025-09-03T03:26:14.0","2025-09-03T03:33:14.0",1,5,2025-09-03 03:26:14,2025-09-03 03:33:14,2025-09-02 23:26:14,2025-09-02 23:33:14
2025-09-03,"2025-09-03T03:33:14.0","2025-09-03T03:41:14.0",0,6,2025-09-03 03:33:14,2025-09-03 03:41:14,2025-09-02 23:33:14,2025-09-02 23:41:14
2025-09-03,"2025-09-03T03:41:14.0","2025-09-03T03:48:14.0",1,7,2025-09-03 03:41:14,2025-09-03 03:48:14,2025-09-02 23:41:14,2025-09-02 23:48:14
2025-09-03,"2025-09-03T03:48:14.0","2025-09-03T03:55:14.0",0,8,2025-09-03 03:48:14,2025-09-03 03:55:14,2025-09-02 23:48:14,2025-09-02 23:55:14
2025-09-03,"2025-09-03T03:55:14.0","2025-09-03T03:56:14.0",3,9,2025-09-03 03:55:14,2025-09-03 03:56:14,2025-09-02 23:55:14,2025-09-02 23:56:14
2025-09-03,"2025-09-03T03:56:14.0","2025-09-03T04:06:14.0",1,10,2025-09-03 03:56:14,2025-09-03 04:06:14,2025-09-02 23:56:14,2025-09-03 00:06:14
2025-09-03,"2025-09-03T04:06:14.0","2025-09-03T04:20:14.0",0,11,2025-09-03 04:06:14,2025-09-03 04:20:14,2025-09-03 00:06:14,2025-09-03 00:20:14
2025-09-03,"2025-09-03T04:20:14.0","2025-09-03T04:21:14.0",3,12,2025-09-03 04:20:14,2025-09-03 04:21:14,2025-09-03 00:20:14,2025-09-03 00:21:14
2025-09-03,"2025-09-03T04:21:14.0","2025-09-03T07:20:14.0",1,13,2025-09-03 04:21:14,2025-09-03 07:20:14,2025-09-03 00:21:14,2025-09-03 03:20:14
2025-09-03,"2025-09-03T07:20:14.0","2025-09-03T07:33:14.0",0,14,2025-09-03 07:20:14,2025-09-03 07:33:14,2025-09-03 03:20:14,2025-09-03 03:33:14
2025-09-03,"2025-09-03T07:33:14.0","2025-09-03T07:46:14.0",1,15,2025-09-03 07:33:14,2025-09-03 07:46:14,2025-09-03 03:33:14,2025-09-03 03:46:14
2025-09-03,"2025-09-03T07:46:14.0","2025-09-03T07:47:14.0",3,16,2025-09-03 07:46:14,2025-09-03 07:47:14,2025-09-03 03:46:14,2025-09-03 03:47:14
2025-09-03,"2025-09-03T07:47:14.0","2025-09-03T08:51:14.0",1,17,2025-09-03 07:47:14,2025-09-03 08:51:14,2025-09-03 03:47:14,2025-09-03 04:51:14
2025-09-03,"2025-09-03T08:51:14.0","2025-09-03T09:05:14.0",2,18,2025-09-03 08:51:14,2025-09-03 09:05:14,2025-09-03 04:51:14,2025-09-03 05:05:14
2025-09-03,"2025-09-03T09:05:14.0","2025-09-03T09:55:14.0",1,19,2025-09-03 09:05:14,2025-09-03 09:55:14,2025-09-03 05:05:14,2025-09-03 05:55:14
2025-09-03,"2025-09-03T09:55:14.0","2025-09-03T09:56:14.0",3,20,2025-09-03 09:55:14,2025-09-03 09:56:14,2025-09-03 05:55:14,2025-09-03 05:56:14
2025-09-03,"2025-09-03T09:56:14.0","2025-09-03T10:06:14.0",1,21,2025-09-03 09:56:14,2025-09-03 10:06:14,2025-09-03 05:56:14,2025-09-03 06:06:14
2025-09-03,"2025-09-03T10:06:14.0","2025-09-03T10:55:14.0",2,22,2025-09-03 10:06:14,2025-09-03 10:55:14,2025-09-03 06:06:14,2025-09-03 06:55:14
2025-09-03,"2025-09-03T10:55:14.0","2025-09-03T11:02:14.0",1,23,2025-09-03 10:55:14,2025-09-03 11:02:14,2025-09-03 06:55:14,2025-09-03 07:02:14
2025-09-03,"2025-09-03T11:02:14.0","2025-09-03T11:03:14.0",3,24,2025-09-03 11:02:14,2025-09-03 11:03:14,2025-09-03 07:02:14,2025-09-03 07:03:14
2025-09-03,"2025-09-03T11:03:14.0","2025-09-03T11:19:14.0",1,25,2025-09-03 11:03:14,2025-09-03 11:19:14,2025-09-03 07:03:14,2025-09-03 07:19:14
2025-09-03,"2025-09-03T11:19:14.0","2025-09-03T11:32:14.0",2,26,2025-09-03 11:19:14,2025-09-03 11:32:14,2025-09-03 07:19:14,2025-09-03 07:32:14
2025-09-04,"2025-09-04T00:53:35.0","2025-09-04T01:31:35.0",1,1,2025-09-04 00:53:35,2025-09-04 01:31:35,2025-09-03 20:53:35,2025-09-03 21:31:35
2025-09-04,"2025-09-04T01:31:35.0","2025-09-04T01:35:35.0",3,2,2025-09-04 01:31:35,2025-09-04 01:35:35,2025-09-03 21:31:35,2025-09-03 21:35:35
2025-09-04,"2025-09-04T01:35:35.0","2025-09-04T01:45:35.0",1,3,2025-09-04 01:35:35,2025-09-04 01:45:35,2025-09-03 21:35:35,2025-09-03 21:45:35
2025-09-04,"2025-09-04T01:45:35.0","2025-09-04T01:57:35.0",0,4,2025-09-04 01:45:35,2025-09-04 01:57:35,2025-09-03 21:45:35,2025-09-03 21:57:35
2025-09-04,"2025-09-04T01:57:35.0","2025-09-04T02:02:35.0",1,5,2025-09-04 01:57:35,2025-09-04 02:02:35,2025-09-03 21:57:35,2025-09-03 22:02:35
2025-09-04,"2025-09-04T02:02:35.0","2025-09-04T03:09:35.0",3,6,2025-09-04 02:02:35,2025-09-04 03:09:35,2025-09-03 22:02:35,2025-09-03 23:09:35
2025-09-04,"2025-09-04T03:09:35.0","2025-09-04T03:19:35.0",1,7,2025-09-04 03:09:35,2025-09-04 03:19:35,2025-09-03 23:09:35,2025-09-03 23:19:35
2025-09-04,"2025-09-04T03:19:35.0","2025-09-04T03:28:35.0",0,8,2025-09-04 03:19:35,2025-09-04 03:28:35,2025-09-03 23:19:35,2025-09-03 23:28:35
2025-09-04,"2025-09-04T03:28:35.0","2025-09-04T03:29:35.0",3,9,2025-09-04 03:28:35,2025-09-04 03:29:35,2025-09-03 23:28:35,2025-09-03 23:29:35
2025-09-04,"2025-09-04T03:29:35.0","2025-09-04T04:43:35.0",1,10,2025-09-04 03:29:35,2025-09-04 04:43:35,2025-09-03 23:29:35,2025-09-04 00:43:35
2025-09-04,"2025-09-04T04:43:35.0","2025-09-04T04:58:35.0",3,11,2025-09-04 04:43:35,2025-09-04 04:58:35,2025-09-04 00:43:35,2025-09-04 00:58:35
2025-09-04,"2025-09-04T04:58:35.0","2025-09-04T05:09:35.0",1,12,2025-09-04 04:58:35,2025-09-04 05:09:35,2025-09-04 00:58:35,2025-09-04 01:09:35
2025-09-04,"2025-09-04T05:09:35.0","2025-09-04T05:28:35.0",0,13,2025-09-04 05:09:35,2025-09-04 05:28:35,2025-09-04 01:09:35,2025-09-04 01:28:35
2025-09-04,"2025-09-04T05:28:35.0","2025-09-04T05:32:35.0",3,14,2025-09-04 05:28:35,2025-09-04 05:32:35,2025-09-04 01:28:35,2025-09-04 01:32:35
2025-09-04,"2025-09-04T05:32:35.0","2025-09-04T06:21:35.0",1,15,2025-09-04 05:32:35,2025-09-04 06:21:35,2025-09-04 01:32:35,2025-09-04 02:21:35
2025-09-04,"2025-09-04T06:21:35.0","2025-09-04T06:46:35.0",0,16,2025-09-04 06:21:35,2025-09-04 06:46:35,2025-09-04 02:21:35,2025-09-04 02:46:35
2025-09-04,"2025-09-04T06:46:35.0","2025-09-04T07:43:35.0",1,17,2025-09-04 06:46:35,2025-09-04 07:43:35,2025-09-04 02:46:35,2025-09-04 03:43:35
2025-09-04,"2025-09-04T07:43:35.0","2025-09-04T07:48:35.0",2,18,2025-09-04 07:43:35,2025-09-04 07:48:35,2025-09-04 03:43:35,2025-09-04 03:48:35
2025-09-04,"2025-09-04T07:48:35.0","2025-09-04T08:07:35.0",1,19,2025-09-04 07:48:35,2025-09-04 08:07:35,2025-09-04 03:48:35,2025-09-04 04:07:35
2025-09-04,"2025-09-04T08:07:35.0","2025-09-04T08:08:35.0",3,20,2025-09-04 08:07:35,2025-09-04 08:08:35,2025-09-04 04:07:35,2025-09-04 04:08:35
2025-09-04,"2025-09-04T08:08:35.0","2025-09-04T08:24:35.0",1,21,2025-09-04 08:08:35,2025-09-04 08:24:35,2025-09-04 04:08:35,2025-09-04 04:24:35
2025-09-04,"2025-09-04T08:24:35.0","2025-09-04T08:30:35.0",3,22,2025-09-04 08:24:35,2025-09-04 08:30:35,2025-09-04 04:24:35,2025-09-04 04:30:35
2025-09-04,"2025-09-04T08:30:35.0","2025-09-04T08:41:35.0",1,23,2025-09-04 08:30:35,2025-09-04 08:41:35,2025-09-04 04:30:35,2025-09-04 04:41:35
2025-09-04,"2025-09-04T08:41:35.0","2025-09-04T08:58:35.0",3,24,2025-09-04 08:41:35,2025-09-04 08:58:35,2025-09-04 04:41:35,2025-09-04 04:58:35
2025-09-04,"2025-09-04T08:58:35.0","2025-09-04T09:56:35.0",1,25,2025-09-04 08:58:35,2025-09-04 09:56:35,2025-09-04 04:58:35,2025-09-04 05:56:35
2025-09-04,"2025-09-04T09:56:35.0","2025-09-04T10:14:35.0",2,26,2025-09-04 09:56:35,2025-09-04 10:14:35,2025-09-04 05:56:35,2025-09-04 06:14:35
2025-09-04,"2025-09-04T10:14:35.0","2025-09-04T10:46:35.0",1,27,2025-09-04 10:14:35,2025-09-04 10:46:35,2025-09-04 06:14:35,2025-09-04 06:46:35
2025-09-04,"2025-09-04T10:46:35.0","2025-09-04T11:09:35.0",2,28,2025-09-04 10:46:35,2025-09-04 11:09:35,2025-09-04 06:46:35,2025-09-04 07:09:35
2025-09-04,"2025-09-04T11:09:35.0","2025-09-04T11:48:28.0",1,29,2025-09-04 11:09:35,2025-09-04 11:48:28,2025-09-04 07:09:35,2025-09-04 07:48:28
2025-09-05,"2025-09-05T03:03:56.0","2025-09-05T03:17:56.0",1,1,2025-09-05 03:03:56,2025-09-05 03:17:56,2025-09-04 23:03:56,2025-09-04 23:17:56
2025-09-05,"2025-09-05T03:17:56.0","2025-09-05T03:24:56.0",0,2,2025-09-05 03:17:56,2025-09-05 03:24:56,2025-09-04 23:17:56,2025-09-04 23:24:56
2025-09-05,"2025-09-05T03:24:56.0","2025-09-05T03:25:56.0",3,3,2025-09-05 03:24:56,2025-09-05 03:25:56,2025-09-04 23:24:56,2025-09-04 23:25:56
2025-09-05,"2025-09-05T03:25:56.0","2025-09-05T03:35:56.0",1,4,2025-09-05 03:25:56,2025-09-05 03:35:56,2025-09-04 23:25:56,2025-09-04 23:35:56
2025-09-05,"2025-09-05T03:35:56.0","2025-09-05T04:03:56.0",0,5,2025-09-05 03:35:56,2025-09-05 04:03:56,2025-09-04 23:35:56,2025-09-05 00:03:56
2025-09-05,"2025-09-05T04:03:56.0","2025-09-05T05:34:56.0",1,6,2025-09-05 04:03:56,2025-09-05 05:34:56,2025-09-05 00:03:56,2025-09-05 01:34:56
2025-09-05,"2025-09-05T05:34:56.0","2025-09-05T05:40:56.0",0,7,2025-09-05 05:34:56,2025-09-05 05:40:56,2025-09-05 01:34:56,2025-09-05 01:40:56
2025-09-05,"2025-09-05T05:40:56.0","2025-09-05T05:57:56.0",1,8,2025-09-05 05:40:56,2025-09-05 05:57:56,2025-09-05 01:40:56,2025-09-05 01:57:56
2025-09-05,"2025-09-05T05:57:56.0","2025-09-05T06:24:56.0",0,9,2025-09-05 05:57:56,2025-09-05 06:24:56,2025-09-05 01:57:56,2025-09-05 02:24:56
2025-09-05,"2025-09-05T06:24:56.0","2025-09-05T06:39:56.0",1,10,2025-09-05 06:24:56,2025-09-05 06:39:56,2025-09-05 02:24:56,2025-09-05 02:39:56
2025-09-05,"2025-09-05T06:39:56.0","2025-09-05T06:54:56.0",2,11,2025-09-05 06:39:56,2025-09-05 06:54:56,2025-09-05 02:39:56,2025-09-05 02:54:56
2025-09-05,"2025-09-05T06:54:56.0","2025-09-05T07:11:56.0",1,12,2025-09-05 06:54:56,2025-09-05 07:11:56,2025-09-05 02:54:56,2025-09-05 03:11:56
2025-09-05,"2025-09-05T07:11:56.0","2025-09-05T07:32:56.0",2,13,2025-09-05 07:11:56,2025-09-05 07:32:56,2025-09-05 03:11:56,2025-09-05 03:32:56
2025-09-05,"2025-09-05T07:32:56.0","2025-09-05T08:21:56.0",1,14,2025-09-05 07:32:56,2025-09-05 08:21:56,2025-09-05 03:32:56,2025-09-05 04:21:56
2025-09-05,"2025-09-05T08:21:56.0","2025-09-05T08:43:56.0",2,15,2025-09-05 08:21:56,2025-09-05 08:43:56,2025-09-05 04:21:56,2025-09-05 04:43:56
2025-09-05,"2025-09-05T08:43:56.0","2025-09-05T09:42:56.0",1,16,2025-09-05 08:43:56,2025-09-05 09:42:56,2025-09-05 04:43:56,2025-09-05 05:42:56
2025-09-05,"2025-09-05T09:42:56.0","2025-09-05T09:59:56.0",2,17,2025-09-05 09:42:56,2025-09-05 09:59:56,2025-09-05 05:42:56,2025-09-05 05:59:56
2025-09-06,"2025-09-06T06:43:05.0","2025-09-06T06:58:05.0",1,1,2025-09-06 06:43:05,2025-09-06 06:58:05,2025-09-06 02:43:05,2025-09-06 02:58:05
2025-09-06,"2025-09-06T06:58:05.0","2025-09-06T07:23:05.0",0,2,2025-09-06 06:58:05,2025-09-06 07:23:05,2025-09-06 02:58:05,2025-09-06 03:23:05
2025-09-06,"2025-09-06T07:23:05.0","2025-09-06T07:28:05.0",3,3,2025-09-06 07:23:05,2025-09-06 07:28:05,2025-09-06 03:23:05,2025-09-06 03:28:05
2025-09-06,"2025-09-06T07:28:05.0","2025-09-06T08:27:05.0",1,4,2025-09-06 07:28:05,2025-09-06 08:27:05,2025-09-06 03:28:05,2025-09-06 04:27:05
2025-09-06,"2025-09-06T08:27:05.0","2025-09-06T09:05:05.0",0,5,2025-09-06 08:27:05,2025-09-06 09:05:05,2025-09-06 04:27:05,2025-09-06 05:05:05
2025-09-06,"2025-09-06T09:05:05.0","2025-09-06T09:16:05.0",1,6,2025-09-06 09:05:05,2025-09-06 09:16:05,2025-09-06 05:05:05,2025-09-06 05:16:05
2025-09-06,"2025-09-06T09:16:05.0","2025-09-06T10:00:05.0",2,7,2025-09-06 09:16:05,2025-09-06 10:00:05,2025-09-06 05:16:05,2025-09-06 06:00:05
2025-09-06,"2025-09-06T10:00:05.0","2025-09-06T10:26:05.0",1,8,2025-09-06 10:00:05,2025-09-06 10:26:05,2025-09-06 06:00:05,2025-09-06 06:26:05
2025-09-06,"2025-09-06T10:26:05.0","2025-09-06T10:33:05.0",2,9,2025-09-06 10:26:05,2025-09-06 10:33:05,2025-09-06 06:26:05,2025-09-06 06:33:05
2025-09-06,"2025-09-06T10:33:05.0","2025-09-06T10:50:05.0",1,10,2025-09-06 10:33:05,2025-09-06 10:50:05,2025-09-06 06:33:05,2025-09-06 06:50:05
2025-09-06,"2025-09-06T10:50:05.0","2025-09-06T10:55:05.0",2,11,2025-09-06 10:50:05,2025-09-06 10:55:05,2025-09-06 06:50:05,2025-09-06 06:55:05
2025-09-06,"2025-09-06T10:55:05.0","2025-09-06T11:05:05.0",1,12,2025-09-06 10:55:05,2025-09-06 11:05:05,2025-09-06 06:55:05,2025-09-06 07:05:05
2025-09-06,"2025-09-06T11:05:05.0","2025-09-06T11:19:05.0",2,13,2025-09-06 11:05:05,2025-09-06 11:19:05,2025-09-06 07:05:05,2025-09-06 07:19:05
2025-09-06,"2025-09-06T11:19:05.0","2025-09-06T11:42:05.0",1,14,2025-09-06 11:19:05,2025-09-06 11:42:05,2025-09-06 07:19:05,2025-09-06 07:42:05
2025-09-06,"2025-09-06T11:42:05.0","2025-09-06T11:52:05.0",3,15,2025-09-06 11:42:05,2025-09-06 11:52:05,2025-09-06 07:42:05,2025-09-06 07:52:05
2025-09-06,"2025-09-06T11:52:05.0","2025-09-06T12:02:05.0",1,16,2025-09-06 11:52:05,2025-09-06 12:02:05,2025-09-06 07:52:05,2025-09-06 08:02:05
2025-09-06,"2025-09-06T12:02:05.0","2025-09-06T12:15:05.0",2,17,2025-09-06 12:02:05,2025-09-06 12:15:05,2025-09-06 08:02:05,2025-09-06 08:15:05
2025-09-06,"2025-09-06T12:15:05.0","2025-09-06T12:29:05.0",1,18,2025-09-06 12:15:05,2025-09-06 12:29:05,2025-09-06 08:15:05,2025-09-06 08:29:05
2025-09-06,"2025-09-06T12:29:05.0","2025-09-06T12:34:05.0",2,19,2025-09-06 12:29:05,2025-09-06 12:34:05,2025-09-06 08:29:05,2025-09-06 08:34:05
2025-09-06,"2025-09-06T12:34:05.0","2025-09-06T12:43:05.0",1,20,2025-09-06 12:34:05,2025-09-06 12:43:05,2025-09-06 08:34:05,2025-09-06 08:43:05
2025-09-07,"2025-09-07T02:25:05.0","2025-09-07T02:34:05.0",1,1,2025-09-07 02:25:05,2025-09-07 02:34:05,2025-09-06 22:25:05,2025-09-06 22:34:05
2025-09-07,"2025-09-07T02:34:05.0","2025-09-07T03:19:05.0",0,2,2025-09-07 02:34:05,2025-09-07 03:19:05,2025-09-06 22:34:05,2025-09-06 23:19:05
2025-09-07,"2025-09-07T03:19:05.0","2025-09-07T03:55:05.0",1,3,2025-09-07 03:19:05,2025-09-07 03:55:05,2025-09-06 23:19:05,2025-09-06 23:55:05
2025-09-07,"2025-09-07T03:55:05.0","2025-09-07T03:57:05.0",3,4,2025-09-07 03:55:05,2025-09-07 03:57:05,2025-09-06 23:55:05,2025-09-06 23:57:05
2025-09-07,"2025-09-07T03:57:05.0","2025-09-07T04:15:05.0",1,5,2025-09-07 03:57:05,2025-09-07 04:15:05,2025-09-06 23:57:05,2025-09-07 00:15:05
2025-09-07,"2025-09-07T04:15:05.0","2025-09-07T04:16:05.0",3,6,2025-09-07 04:15:05,2025-09-07 04:16:05,2025-09-07 00:15:05,2025-09-07 00:16:05
2025-09-07,"2025-09-07T04:16:05.0","2025-09-07T04:32:05.0",1,7,2025-09-07 04:16:05,2025-09-07 04:32:05,2025-09-07 00:16:05,2025-09-07 00:32:05
2025-09-07,"2025-09-07T04:32:05.0","2025-09-07T04:49:05.0",0,8,2025-09-07 04:32:05,2025-09-07 04:49:05,2025-09-07 00:32:05,2025-09-07 00:49:05
2025-09-07,"2025-09-07T04:49:05.0","2025-09-07T05:26:05.0",1,9,2025-09-07 04:49:05,2025-09-07 05:26:05,2025-09-07 00:49:05,2025-09-07 01:26:05
2025-09-07,"2025-09-07T05:26:05.0","2025-09-07T05:36:05.0",2,10,2025-09-07 05:26:05,2025-09-07 05:36:05,2025-09-07 01:26:05,2025-09-07 01:36:05
2025-09-07,"2025-09-07T05:36:05.0","2025-09-07T06:07:05.0",1,11,2025-09-07 05:36:05,2025-09-07 06:07:05,2025-09-07 01:36:05,2025-09-07 02:07:05
2025-09-07,"2025-09-07T06:07:05.0","2025-09-07T06:24:05.0",0,12,2025-09-07 06:07:05,2025-09-07 06:24:05,2025-09-07 02:07:05,2025-09-07 02:24:05
2025-09-07,"2025-09-07T06:24:05.0","2025-09-07T06:25:05.0",3,13,2025-09-07 06:24:05,2025-09-07 06:25:05,2025-09-07 02:24:05,2025-09-07 02:25:05
2025-09-07,"2025-09-07T06:25:05.0","2025-09-07T07:39:05.0",1,14,2025-09-07 06:25:05,2025-09-07 07:39:05,2025-09-07 02:25:05,2025-09-07 03:39:05
2025-09-07,"2025-09-07T07:39:05.0","2025-09-07T08:44:05.0",3,15,2025-09-07 07:39:05,2025-09-07 08:44:05,2025-09-07 03:39:05,2025-09-07 04:44:05
2025-09-07,"2025-09-07T08:44:05.0","2025-09-07T10:06:05.0",1,16,2025-09-07 08:44:05,2025-09-07 10:06:05,2025-09-07 04:44:05,2025-09-07 06:06:05
2025-09-07,"2025-09-07T10:06:05.0","2025-09-07T10:48:05.0",2,17,2025-09-07 10:06:05,2025-09-07 10:48:05,2025-09-07 06:06:05,2025-09-07 06:48:05
2025-09-07,"2025-09-07T10:48:05.0","2025-09-07T11:32:05.0",1,18,2025-09-07 10:48:05,2025-09-07 11:32:05,2025-09-07 06:48:05,2025-09-07 07:32:05
2025-09-08,"2025-09-08T04:08:41.0","2025-09-08T04:27:41.0",1,1,2025-09-08 04:08:41,2025-09-08 04:27:41,2025-09-08 00:08:41,2025-09-08 00:27:41
2025-09-08,"2025-09-08T04:27:41.0","2025-09-08T04:38:41.0",0,2,2025-09-08 04:27:41,2025-09-08 04:38:41,2025-09-08 00:27:41,2025-09-08 00:38:41
2025-09-08,"2025-09-08T04:38:41.0","2025-09-08T04:48:41.0",1,3,2025-09-08 04:38:41,2025-09-08 04:48:41,2025-09-08 00:38:41,2025-09-08 00:48:41
2025-09-08,"2025-09-08T04:48:41.0","2025-09-08T04:53:41.0",3,4,2025-09-08 04:48:41,2025-09-08 04:53:41,2025-09-08 00:48:41,2025-09-08 00:53:41
2025-09-08,"2025-09-08T04:53:41.0","2025-09-08T05:14:41.0",1,5,2025-09-08 04:53:41,2025-09-08 05:14:41,2025-09-08 00:53:41,2025-09-08 01:14:41
2025-09-08,"2025-09-08T05:14:41.0","2025-09-08T05:29:41.0",0,6,2025-09-08 05:14:41,2025-09-08 05:29:41,2025-09-08 01:14:41,2025-09-08 01:29:41
2025-09-08,"2025-09-08T05:29:41.0","2025-09-08T05:34:41.0",1,7,2025-09-08 05:29:41,2025-09-08 05:34:41,2025-09-08 01:29:41,2025-09-08 01:34:41
2025-09-08,"2025-09-08T05:34:41.0","2025-09-08T05:48:41.0",0,8,2025-09-08 05:34:41,2025-09-08 05:48:41,2025-09-08 01:34:41,2025-09-08 01:48:41
2025-09-08,"2025-09-08T05:48:41.0","2025-09-08T06:41:41.0",1,9,2025-09-08 05:48:41,2025-09-08 06:41:41,2025-09-08 01:48:41,2025-09-08 02:41:41
2025-09-08,"2025-09-08T06:41:41.0","2025-09-08T07:09:41.0",2,10,2025-09-08 06:41:41,2025-09-08 07:09:41,2025-09-08 02:41:41,2025-09-08 03:09:41
2025-09-08,"2025-09-08T07:09:41.0","2025-09-08T07:23:41.0",1,11,2025-09-08 07:09:41,2025-09-08 07:23:41,2025-09-08 03:09:41,2025-09-08 03:23:41
2025-09-08,"2025-09-08T07:23:41.0","2025-09-08T07:50:41.0",0,12,2025-09-08 07:23:41,2025-09-08 07:50:41,2025-09-08 03:23:41,2025-09-08 03:50:41
2025-09-08,"2025-09-08T07:50:41.0","2025-09-08T07:59:41.0",1,13,2025-09-08 07:50:41,2025-09-08 07:59:41,2025-09-08 03:50:41,2025-09-08 03:59:41
2025-09-08,"2025-09-08T07:59:41.0","2025-09-08T08:05:41.0",2,14,2025-09-08 07:59:41,2025-09-08 08:05:41,2025-09-08 03:59:41,2025-09-08 04:05:41
2025-09-08,"2025-09-08T08:05:41.0","2025-09-08T08:50:41.0",1,15,2025-09-08 08:05:41,2025-09-08 08:50:41,2025-09-08 04:05:41,2025-09-08 04:50:41
2025-09-08,"2025-09-08T08:50:41.0","2025-09-08T09:00:16.0",2,16,2025-09-08 08:50:41,2025-09-08 09:00:16,2025-09-08 04:50:41,2025-09-08 05:00:16
2025-09-09,"2025-09-09T01:10:16.0","2025-09-09T01:21:16.0",1,1,2025-09-09 01:10:16,2025-09-09 01:21:16,2025-09-08 21:10:16,2025-09-08 21:21:16
2025-09-09,"2025-09-09T01:21:16.0","2025-09-09T01:26:16.0",0,2,2025-09-09 01:21:16,2025-09-09 01:26:16,2025-09-08 21:21:16,2025-09-08 21:26:16
2025-09-09,"2025-09-09T01:26:16.0","2025-09-09T01:30:16.0",3,3,2025-09-09 01:26:16,2025-09-09 01:30:16,2025-09-08 21:26:16,2025-09-08 21:30:16
2025-09-09,"2025-09-09T01:30:16.0","2025-09-09T01:49:16.0",1,4,2025-09-09 01:30:16,2025-09-09 01:49:16,2025-09-08 21:30:16,2025-09-08 21:49:16
2025-09-09,"2025-09-09T01:49:16.0","2025-09-09T02:04:16.0",0,5,2025-09-09 01:49:16,2025-09-09 02:04:16,2025-09-08 21:49:16,2025-09-08 22:04:16
2025-09-09,"2025-09-09T02:04:16.0","2025-09-09T02:27:16.0",1,6,2025-09-09 02:04:16,2025-09-09 02:27:16,2025-09-08 22:04:16,2025-09-08 22:27:16
2025-09-09,"2025-09-09T02:27:16.0","2025-09-09T03:04:16.0",0,7,2025-09-09 02:27:16,2025-09-09 03:04:16,2025-09-08 22:27:16,2025-09-08 23:04:16
2025-09-09,"2025-09-09T03:04:16.0","2025-09-09T03:05:16.0",3,8,2025-09-09 03:04:16,2025-09-09 03:05:16,2025-09-08 23:04:16,2025-09-08 23:05:16
2025-09-09,"2025-09-09T03:05:16.0","2025-09-09T03:36:16.0",1,9,2025-09-09 03:05:16,2025-09-09 03:36:16,2025-09-08 23:05:16,2025-09-08 23:36:16
2025-09-09,"2025-09-09T03:36:16.0","2025-09-09T04:24:16.0",0,10,2025-09-09 03:36:16,2025-09-09 04:24:16,2025-09-08 23:36:16,2025-09-09 00:24:16
2025-09-09,"2025-09-09T04:24:16.0","2025-09-09T04:34:16.0",1,11,2025-09-09 04:24:16,2025-09-09 04:34:16,2025-09-09 00:24:16,2025-09-09 00:34:16
2025-09-09,"2025-09-09T04:34:16.0","2025-09-09T05:07:16.0",2,12,2025-09-09 04:34:16,2025-09-09 05:07:16,2025-09-09 00:34:16,2025-09-09 01:07:16
2025-09-09,"2025-09-09T05:07:16.0","2025-09-09T06:10:16.0",1,13,2025-09-09 05:07:16,2025-09-09 06:10:16,2025-09-09 01:07:16,2025-09-09 02:10:16
2025-09-09,"2025-09-09T06:10:16.0","2025-09-09T06:29:16.0",2,14,2025-09-09 06:10:16,2025-09-09 06:29:16,2025-09-09 02:10:16,2025-09-09 02:29:16
2025-09-09,"2025-09-09T06:29:16.0","2025-09-09T07:41:16.0",1,15,2025-09-09 06:29:16,2025-09-09 07:41:16,2025-09-09 02:29:16,2025-09-09 03:41:16
2025-09-09,"2025-09-09T07:41:16.0","2025-09-09T07:46:16.0",2,16,2025-09-09 07:41:16,2025-09-09 07:46:16,2025-09-09 03:41:16,2025-09-09 03:46:16
2025-09-09,"2025-09-09T07:46:16.0","2025-09-09T07:56:16.0",1,17,2025-09-09 07:46:16,2025-09-09 07:56:16,2025-09-09 03:46:16,2025-09-09 03:56:16
2025-09-09,"2025-09-09T07:56:16.0","2025-09-09T08:06:16.0",2,18,2025-09-09 07:56:16,2025-09-09 08:06:16,2025-09-09 03:56:16,2025-09-09 04:06:16
2025-09-10,"2025-09-10T00:54:56.0","2025-09-10T01:01:56.0",1,1,2025-09-10 00:54:56,2025-09-10 01:01:56,2025-09-09 20:54:56,2025-09-09 21:01:56
2025-09-10,"2025-09-10T01:01:56.0","2025-09-10T01:33:56.0",0,2,2025-09-10 01:01:56,2025-09-10 01:33:56,2025-09-09 21:01:56,2025-09-09 21:33:56
2025-09-10,"2025-09-10T01:33:56.0","2025-09-10T01:34:56.0",3,3,2025-09-10 01:33:56,2025-09-10 01:34:56,2025-09-09 21:33:56,2025-09-09 21:34:56
2025-09-10,"2025-09-10T01:34:56.0","2025-09-10T01:48:56.0",1,4,2025-09-10 01:34:56,2025-09-10 01:48:56,2025-09-09 21:34:56,2025-09-09 21:48:56
2025-09-10,"2025-09-10T01:48:56.0","2025-09-10T02:12:56.0",0,5,2025-09-10 01:48:56,2025-09-10 02:12:56,2025-09-09 21:48:56,2025-09-09 22:12:56
2025-09-10,"2025-09-10T02:12:56.0","2025-09-10T02:55:56.0",1,6,2025-09-10 02:12:56,2025-09-10 02:55:56,2025-09-09 22:12:56,2025-09-09 22:55:56
2025-09-10,"2025-09-10T02:55:56.0","2025-09-10T03:22:56.0",0,7,2025-09-10 02:55:56,2025-09-10 03:22:56,2025-09-09 22:55:56,2025-09-09 23:22:56
2025-09-10,"2025-09-10T03:22:56.0","2025-09-10T03:34:56.0",-1,8,2025-09-10 03:22:56,2025-09-10 03:34:56,2025-09-09 23:22:56,2025-09-09 23:34:56
2025-09-10,"2025-09-10T03:34:56.0","2025-09-10T04:34:56.0",1,9,2025-09-10 03:34:56,2025-09-10 04:34:56,2025-09-09 23:34:56,2025-09-10 00:34:56
2025-09-10,"2025-09-10T04:34:56.0","2025-09-10T04:44:56.0",0,10,2025-09-10 04:34:56,2025-09-10 04:44:56,2025-09-10 00:34:56,2025-09-10 00:44:56
2025-09-10,"2025-09-10T04:44:56.0","2025-09-10T05:23:56.0",1,11,2025-09-10 04:44:56,2025-09-10 05:23:56,2025-09-10 00:44:56,2025-09-10 01:23:56
2025-09-10,"2025-09-10T05:23:56.0","2025-09-10T05:56:56.0",2,12,2025-09-10 05:23:56,2025-09-10 05:56:56,2025-09-10 01:23:56,2025-09-10 01:56:56
2025-09-10,"2025-09-10T05:56:56.0","2025-09-10T05:57:56.0",3,13,2025-09-10 05:56:56,2025-09-10 05:57:56,2025-09-10 01:56:56,2025-09-10 01:57:56
2025-09-10,"2025-09-10T05:57:56.0","2025-09-10T06:14:56.0",1,14,2025-09-10 05:57:56,2025-09-10 06:14:56,2025-09-10 01:57:56,2025-09-10 02:14:56
2025-09-10,"2025-09-10T06:14:56.0","2025-09-10T06:34:56.0",3,15,2025-09-10 06:14:56,2025-09-10 06:34:56,2025-09-10 02:14:56,2025-09-10 02:34:56
2025-09-10,"2025-09-10T06:34:56.0","2025-09-10T06:45:56.0",1,16,2025-09-10 06:34:56,2025-09-10 06:45:56,2025-09-10 02:34:56,2025-09-10 02:45:56
2025-09-10,"2025-09-10T06:45:56.0","2025-09-10T07:23:56.0",3,17,2025-09-10 06:45:56,2025-09-10 07:23:56,2025-09-10 02:45:56,2025-09-10 03:23:56
2025-09-10,"2025-09-10T07:23:56.0","2025-09-10T08:50:56.0",1,18,2025-09-10 07:23:56,2025-09-10 08:50:56,2025-09-10 03:23:56,2025-09-10 04:50:56
2025-09-10,"2025-09-10T08:50:56.0","2025-09-10T08:59:56.0",2,19,2025-09-10 08:50:56,2025-09-10 08:59:56,2025-09-10 04:50:56,2025-09-10 04:59:56
2025-09-10,"2025-09-10T08:59:56.0","2025-09-10T09:09:56.0",1,20,2025-09-10 08:59:56,2025-09-10 09:09:56,2025-09-10 04:59:56,2025-09-10 05:09:56
2025-09-10,"2025-09-10T09:09:56.0","2025-09-10T09:28:56.0",2,21,2025-09-10 09:09:56,2025-09-10 09:28:56,2025-09-10 05:09:56,2025-09-10 05:28:56
2025-09-10,"2025-09-10T09:28:56.0","2025-09-10T09:29:56.0",3,22,2025-09-10 09:28:56,2025-09-10 09:29:56,2025-09-10 05:28:56,2025-09-10 05:29:56
2025-09-10,"2025-09-10T09:29:56.0","2025-09-10T10:44:56.0",1,23,2025-09-10 09:29:56,2025-09-10 10:44:56,2025-09-10 05:29:56,2025-09-10 06:44:56
2025-09-11,"2025-09-11T01:25:57.0","2025-09-11T01:42:57.0",1,1,2025-09-11 01:25:57,2025-09-11 01:42:57,2025-09-10 21:25:57,2025-09-10 21:42:57
2025-09-11,"2025-09-11T01:42:57.0","2025-09-11T02:13:57.0",0,2,2025-09-11 01:42:57,2025-09-11 02:13:57,2025-09-10 21:42:57,2025-09-10 22:13:57
2025-09-11,"2025-09-11T02:13:57.0","2025-09-11T02:43:57.0",1,3,2025-09-11 02:13:57,2025-09-11 02:43:57,2025-09-10 22:13:57,2025-09-10 22:43:57
2025-09-11,"2025-09-11T02:43:57.0","2025-09-11T02:44:57.0",3,4,2025-09-11 02:43:57,2025-09-11 02:44:57,2025-09-10 22:43:57,2025-09-10 22:44:57
2025-09-11,"2025-09-11T02:44:57.0","2025-09-11T02:56:57.0",1,5,2025-09-11 02:44:57,2025-09-11 02:56:57,2025-09-10 22:44:57,2025-09-10 22:56:57
2025-09-11,"2025-09-11T02:56:57.0","2025-09-11T03:05:57.0",2,6,2025-09-11 02:56:57,2025-09-11 03:05:57,2025-09-10 22:56:57,2025-09-10 23:05:57
2025-09-11,"2025-09-11T03:05:57.0","2025-09-11T03:08:57.0",1,7,2025-09-11 03:05:57,2025-09-11 03:08:57,2025-09-10 23:05:57,2025-09-10 23:08:57
2025-09-11,"2025-09-11T03:08:57.0","2025-09-11T03:10:57.0",3,8,2025-09-11 03:08:57,2025-09-11 03:10:57,2025-09-10 23:08:57,2025-09-10 23:10:57
2025-09-11,"2025-09-11T03:10:57.0","2025-09-11T04:17:57.0",1,9,2025-09-11 03:10:57,2025-09-11 04:17:57,2025-09-10 23:10:57,2025-09-11 00:17:57
2025-09-11,"2025-09-11T04:17:57.0","2025-09-11T04:35:57.0",2,10,2025-09-11 04:17:57,2025-09-11 04:35:57,2025-09-11 00:17:57,2025-09-11 00:35:57
2025-09-11,"2025-09-11T04:35:57.0","2025-09-11T04:44:57.0",1,11,2025-09-11 04:35:57,2025-09-11 04:44:57,2025-09-11 00:35:57,2025-09-11 00:44:57
2025-09-11,"2025-09-11T04:44:57.0","2025-09-11T05:08:57.0",0,12,2025-09-11 04:44:57,2025-09-11 05:08:57,2025-09-11 00:44:57,2025-09-11 01:08:57
2025-09-11,"2025-09-11T05:08:57.0","2025-09-11T05:45:57.0",1,13,2025-09-11 05:08:57,2025-09-11 05:45:57,2025-09-11 01:08:57,2025-09-11 01:45:57
2025-09-11,"2025-09-11T05:45:57.0","2025-09-11T06:05:57.0",2,14,2025-09-11 05:45:57,2025-09-11 06:05:57,2025-09-11 01:45:57,2025-09-11 02:05:57
2025-09-11,"2025-09-11T06:05:57.0","2025-09-11T06:27:57.0",1,15,2025-09-11 06:05:57,2025-09-11 06:27:57,2025-09-11 02:05:57,2025-09-11 02:27:57
2025-09-11,"2025-09-11T06:27:57.0","2025-09-11T06:51:57.0",3,16,2025-09-11 06:27:57,2025-09-11 06:51:57,2025-09-11 02:27:57,2025-09-11 02:51:57
2025-09-11,"2025-09-11T06:51:57.0","2025-09-11T07:04:57.0",1,17,2025-09-11 06:51:57,2025-09-11 07:04:57,2025-09-11 02:51:57,2025-09-11 03:04:57
2025-09-11,"2025-09-11T07:04:57.0","2025-09-11T07:18:57.0",3,18,2025-09-11 07:04:57,2025-09-11 07:18:57,2025-09-11 03:04:57,2025-09-11 03:18:57
2025-09-11,"2025-09-11T07:18:57.0","2025-09-11T07:39:57.0",1,19,2025-09-11 07:18:57,2025-09-11 07:39:57,2025-09-11 03:18:57,2025-09-11 03:39:57
2025-09-12,"2025-09-12T02:19:41.0","2025-09-12T02:37:41.0",1,1,2025-09-12 02:19:41,2025-09-12 02:37:41,2025-09-11 22:19:41,2025-09-11 22:37:41
2025-09-12,"2025-09-12T02:37:41.0","2025-09-12T03:08:41.0",0,2,2025-09-12 02:37:41,2025-09-12 03:08:41,2025-09-11 22:37:41,2025-09-11 23:08:41
2025-09-12,"2025-09-12T03:08:41.0","2025-09-12T04:16:41.0",1,3,2025-09-12 03:08:41,2025-09-12 04:16:41,2025-09-11 23:08:41,2025-09-12 00:16:41
2025-09-12,"2025-09-12T04:16:41.0","2025-09-12T04:37:41.0",0,4,2025-09-12 04:16:41,2025-09-12 04:37:41,2025-09-12 00:16:41,2025-09-12 00:37:41
2025-09-12,"2025-09-12T04:37:41.0","2025-09-12T05:33:41.0",1,5,2025-09-12 04:37:41,2025-09-12 05:33:41,2025-09-12 00:37:41,2025-09-12 01:33:41
2025-09-12,"2025-09-12T05:33:41.0","2025-09-12T05:39:41.0",0,6,2025-09-12 05:33:41,2025-09-12 05:39:41,2025-09-12 01:33:41,2025-09-12 01:39:41
2025-09-12,"2025-09-12T05:39:41.0","2025-09-12T05:58:41.0",1,7,2025-09-12 05:39:41,2025-09-12 05:58:41,2025-09-12 01:39:41,2025-09-12 01:58:41
2025-09-12,"2025-09-12T05:58:41.0","2025-09-12T06:25:41.0",2,8,2025-09-12 05:58:41,2025-09-12 06:25:41,2025-09-12 01:58:41,2025-09-12 02:25:41
2025-09-12,"2025-09-12T06:25:41.0","2025-09-12T06:46:41.0",1,9,2025-09-12 06:25:41,2025-09-12 06:46:41,2025-09-12 02:25:41,2025-09-12 02:46:41
2025-09-12,"2025-09-12T06:46:41.0","2025-09-12T06:57:41.0",0,10,2025-09-12 06:46:41,2025-09-12 06:57:41,2025-09-12 02:46:41,2025-09-12 02:57:41
2025-09-12,"2025-09-12T06:57:41.0","2025-09-12T07:20:41.0",1,11,2025-09-12 06:57:41,2025-09-12 07:20:41,2025-09-12 02:57:41,2025-09-12 03:20:41
2025-09-12,"2025-09-12T07:20:41.0","2025-09-12T07:38:41.0",2,12,2025-09-12 07:20:41,2025-09-12 07:38:41,2025-09-12 03:20:41,2025-09-12 03:38:41
2025-09-12,"2025-09-12T07:38:41.0","2025-09-12T09:13:41.0",1,13,2025-09-12 07:38:41,2025-09-12 09:13:41,2025-09-12 03:38:41,2025-09-12 05:13:41
2025-09-12,"2025-09-12T09:13:41.0","2025-09-12T09:42:41.0",2,14,2025-09-12 09:13:41,2025-09-12 09:42:41,2025-09-12 05:13:41,2025-09-12 05:42:41
2025-09-12,"2025-09-12T09:42:41.0","2025-09-12T10:16:41.0",1,15,2025-09-12 09:42:41,2025-09-12 10:16:41,2025-09-12 05:42:41,2025-09-12 06:16:41
2025-09-12,"2025-09-12T10:16:41.0","2025-09-12T10:36:41.0",2,16,2025-09-12 10:16:41,2025-09-12 10:36:41,2025-09-12 06:16:41,2025-09-12 06:36:41
2025-09-13,"2025-09-13T03:29:03.0","2025-09-13T03:36:03.0",1,1,2025-09-13 03:29:03,2025-09-13 03:36:03,2025-09-12 23:29:03,2025-09-12 23:36:03
2025-09-13,"2025-09-13T03:36:03.0","2025-09-13T03:58:03.0",0,2,2025-09-13 03:36:03,2025-09-13 03:58:03,2025-09-12 23:36:03,2025-09-12 23:58:03
2025-09-13,"2025-09-13T03:58:03.0","2025-09-13T03:59:03.0",3,3,2025-09-13 03:58:03,2025-09-13 03:59:03,2025-09-12 23:58:03,2025-09-12 23:59:03
2025-09-13,"2025-09-13T03:59:03.0","2025-09-13T04:10:03.0",1,4,2025-09-13 03:59:03,2025-09-13 04:10:03,2025-09-12 23:59:03,2025-09-13 00:10:03
2025-09-13,"2025-09-13T04:10:03.0","2025-09-13T04:11:03.0",3,5,2025-09-13 04:10:03,2025-09-13 04:11:03,2025-09-13 00:10:03,2025-09-13 00:11:03
2025-09-13,"2025-09-13T04:11:03.0","2025-09-13T04:21:03.0",1,6,2025-09-13 04:11:03,2025-09-13 04:21:03,2025-09-13 00:11:03,2025-09-13 00:21:03
2025-09-13,"2025-09-13T04:21:03.0","2025-09-13T04:34:03.0",0,7,2025-09-13 04:21:03,2025-09-13 04:34:03,2025-09-13 00:21:03,2025-09-13 00:34:03
2025-09-13,"2025-09-13T04:34:03.0","2025-09-13T04:56:03.0",1,8,2025-09-13 04:34:03,2025-09-13 04:56:03,2025-09-13 00:34:03,2025-09-13 00:56:03
2025-09-13,"2025-09-13T04:56:03.0","2025-09-13T05:01:03.0",3,9,2025-09-13 04:56:03,2025-09-13 05:01:03,2025-09-13 00:56:03,2025-09-13 01:01:03
2025-09-13,"2025-09-13T05:01:03.0","2025-09-13T05:12:03.0",1,10,2025-09-13 05:01:03,2025-09-13 05:12:03,2025-09-13 01:01:03,2025-09-13 01:12:03
2025-09-13,"2025-09-13T05:12:03.0","2025-09-13T05:41:03.0",0,11,2025-09-13 05:12:03,2025-09-13 05:41:03,2025-09-13 01:12:03,2025-09-13 01:41:03
2025-09-13,"2025-09-13T05:41:03.0","2025-09-13T05:44:03.0",3,12,2025-09-13 05:41:03,2025-09-13 05:44:03,2025-09-13 01:41:03,2025-09-13 01:44:03
2025-09-13,"2025-09-13T05:44:03.0","2025-09-13T06:31:03.0",1,13,2025-09-13 05:44:03,2025-09-13 06:31:03,2025-09-13 01:44:03,2025-09-13 02:31:03
2025-09-13,"2025-09-13T06:31:03.0","2025-09-13T06:42:03.0",3,14,2025-09-13 06:31:03,2025-09-13 06:42:03,2025-09-13 02:31:03,2025-09-13 02:42:03
2025-09-13,"2025-09-13T06:42:03.0","2025-09-13T06:52:03.0",1,15,2025-09-13 06:42:03,2025-09-13 06:52:03,2025-09-13 02:42:03,2025-09-13 02:52:03
2025-09-13,"2025-09-13T06:52:03.0","2025-09-13T07:02:03.0",3,16,2025-09-13 06:52:03,2025-09-13 07:02:03,2025-09-13 02:52:03,2025-09-13 03:02:03
2025-09-13,"2025-09-13T07:02:03.0","2025-09-13T07:11:03.0",1,17,2025-09-13 07:02:03,2025-09-13 07:11:03,2025-09-13 03:02:03,2025-09-13 03:11:03
2025-09-13,"2025-09-13T07:11:03.0","2025-09-13T07:33:03.0",0,18,2025-09-13 07:11:03,2025-09-13 07:33:03,2025-09-13 03:11:03,2025-09-13 03:33:03
2025-09-13,"2025-09-13T07:33:03.0","2025-09-13T07:37:03.0",3,19,2025-09-13 07:33:03,2025-09-13 07:37:03,2025-09-13 03:33:03,2025-09-13 03:37:03
2025-09-13,"2025-09-13T07:37:03.0","2025-09-13T08:53:03.0",1,20,2025-09-13 07:37:03,2025-09-13 08:53:03,2025-09-13 03:37:03,2025-09-13 04:53:03
2025-09-13,"2025-09-13T08:53:03.0","2025-09-13T09:15:03.0",0,21,2025-09-13 08:53:03,2025-09-13 09:15:03,2025-09-13 04:53:03,2025-09-13 05:15:03
2025-09-13,"2025-09-13T09:15:03.0","2025-09-13T09:38:03.0",1,22,2025-09-13 09:15:03,2025-09-13 09:38:03,2025-09-13 05:15:03,2025-09-13 05:38:03
2025-09-13,"2025-09-13T09:38:03.0","2025-09-13T10:01:03.0",2,23,2025-09-13 09:38:03,2025-09-13 10:01:03,2025-09-13 05:38:03,2025-09-13 06:01:03
2025-09-14,"2025-09-14T02:35:04.0","2025-09-14T02:41:04.0",1,1,2025-09-14 02:35:04,2025-09-14 02:41:04,2025-09-13 22:35:04,2025-09-13 22:41:04
2025-09-14,"2025-09-14T02:41:04.0","2025-09-14T03:22:04.0",0,2,2025-09-14 02:41:04,2025-09-14 03:22:04,2025-09-13 22:41:04,2025-09-13 23:22:04
2025-09-14,"2025-09-14T03:22:04.0","2025-09-14T04:04:04.0",1,3,2025-09-14 03:22:04,2025-09-14 04:04:04,2025-09-13 23:22:04,2025-09-14 00:04:04
2025-09-14,"2025-09-14T04:04:04.0","2025-09-14T04:34:04.0",0,4,2025-09-14 04:04:04,2025-09-14 04:34:04,2025-09-14 00:04:04,2025-09-14 00:34:04
2025-09-14,"2025-09-14T04:34:04.0","2025-09-14T04:51:04.0",1,5,2025-09-14 04:34:04,2025-09-14 04:51:04,2025-09-14 00:34:04,2025-09-14 00:51:04
2025-09-14,"2025-09-14T04:51:04.0","2025-09-14T05:01:04.0",0,6,2025-09-14 04:51:04,2025-09-14 05:01:04,2025-09-14 00:51:04,2025-09-14 01:01:04
2025-09-14,"2025-09-14T05:01:04.0","2025-09-14T05:49:04.0",1,7,2025-09-14 05:01:04,2025-09-14 05:49:04,2025-09-14 01:01:04,2025-09-14 01:49:04
2025-09-14,"2025-09-14T05:49:04.0","2025-09-14T06:09:04.0",0,8,2025-09-14 05:49:04,2025-09-14 06:09:04,2025-09-14 01:49:04,2025-09-14 02:09:04
2025-09-14,"2025-09-14T06:09:04.0","2025-09-14T06:22:04.0",1,9,2025-09-14 06:09:04,2025-09-14 06:22:04,2025-09-14 02:09:04,2025-09-14 02:22:04
2025-09-14,"2025-09-14T06:22:04.0","2025-09-14T06:41:04.0",0,10,2025-09-14 06:22:04,2025-09-14 06:41:04,2025-09-14 02:22:04,2025-09-14 02:41:04
2025-09-14,"2025-09-14T06:41:04.0","2025-09-14T06:58:04.0",1,11,2025-09-14 06:41:04,2025-09-14 06:58:04,2025-09-14 02:41:04,2025-09-14 02:58:04
2025-09-14,"2025-09-14T06:58:04.0","2025-09-14T07:11:04.0",0,12,2025-09-14 06:58:04,2025-09-14 07:11:04,2025-09-14 02:58:04,2025-09-14 03:11:04
2025-09-14,"2025-09-14T07:11:04.0","2025-09-14T07:21:04.0",1,13,2025-09-14 07:11:04,2025-09-14 07:21:04,2025-09-14 03:11:04,2025-09-14 03:21:04
2025-09-14,"2025-09-14T07:21:04.0","2025-09-14T08:04:04.0",2,14,2025-09-14 07:21:04,2025-09-14 08:04:04,2025-09-14 03:21:04,2025-09-14 04:04:04
2025-09-14,"2025-09-14T08:04:04.0","2025-09-14T08:35:04.0",1,15,2025-09-14 08:04:04,2025-09-14 08:35:04,2025-09-14 04:04:04,2025-09-14 04:35:04
2025-09-14,"2025-09-14T08:35:04.0","2025-09-14T08:56:04.0",2,16,2025-09-14 08:35:04,2025-09-14 08:56:04,2025-09-14 04:35:04,2025-09-14 04:56:04
2025-09-15,"2025-09-15T03:01:12.0","2025-09-15T03:17:12.0",1,1,2025-09-15 03:01:12,2025-09-15 03:17:12,2025-09-14 23:01:12,2025-09-14 23:17:12
2025-09-15,"2025-09-15T03:17:12.0","2025-09-15T03:57:12.0",0,2,2025-09-15 03:17:12,2025-09-15 03:57:12,2025-09-14 23:17:12,2025-09-14 23:57:12
2025-09-15,"2025-09-15T03:57:12.0","2025-09-15T04:39:12.0",1,3,2025-09-15 03:57:12,2025-09-15 04:39:12,2025-09-14 23:57:12,2025-09-15 00:39:12
2025-09-15,"2025-09-15T04:39:12.0","2025-09-15T04:55:12.0",0,4,2025-09-15 04:39:12,2025-09-15 04:55:12,2025-09-15 00:39:12,2025-09-15 00:55:12
2025-09-15,"2025-09-15T04:55:12.0","2025-09-15T05:22:12.0",1,5,2025-09-15 04:55:12,2025-09-15 05:22:12,2025-09-15 00:55:12,2025-09-15 01:22:12
2025-09-15,"2025-09-15T05:22:12.0","2025-09-15T05:41:12.0",0,6,2025-09-15 05:22:12,2025-09-15 05:41:12,2025-09-15 01:22:12,2025-09-15 01:41:12
2025-09-15,"2025-09-15T05:41:12.0","2025-09-15T06:26:12.0",1,7,2025-09-15 05:41:12,2025-09-15 06:26:12,2025-09-15 01:41:12,2025-09-15 02:26:12
2025-09-15,"2025-09-15T06:26:12.0","2025-09-15T06:49:12.0",0,8,2025-09-15 06:26:12,2025-09-15 06:49:12,2025-09-15 02:26:12,2025-09-15 02:49:12
2025-09-15,"2025-09-15T06:49:12.0","2025-09-15T06:50:12.0",1,9,2025-09-15 06:49:12,2025-09-15 06:50:12,2025-09-15 02:49:12,2025-09-15 02:50:12
2025-09-15,"2025-09-15T06:50:12.0","2025-09-15T07:08:12.0",2,10,2025-09-15 06:50:12,2025-09-15 07:08:12,2025-09-15 02:50:12,2025-09-15 03:08:12
2025-09-15,"2025-09-15T07:08:12.0","2025-09-15T07:23:12.0",1,11,2025-09-15 07:08:12,2025-09-15 07:23:12,2025-09-15 03:08:12,2025-09-15 03:23:12
2025-09-15,"2025-09-15T07:23:12.0","2025-09-15T07:31:12.0",2,12,2025-09-15 07:23:12,2025-09-15 07:31:12,2025-09-15 03:23:12,2025-09-15 03:31:12
2025-09-15,"2025-09-15T07:31:12.0","2025-09-15T07:39:12.0",1,13,2025-09-15 07:31:12,2025-09-15 07:39:12,2025-09-15 03:31:12,2025-09-15 03:39:12
2025-09-15,"2025-09-15T07:39:12.0","2025-09-15T08:43:12.0",3,14,2025-09-15 07:39:12,2025-09-15 08:43:12,2025-09-15 03:39:12,2025-09-15 04:43:12
2025-09-15,"2025-09-15T08:43:12.0","2025-09-15T09:16:12.0",1,15,2025-09-15 08:43:12,2025-09-15 09:16:12,2025-09-15 04:43:12,2025-09-15 05:16:12
2025-09-15,"2025-09-15T09:16:12.0","2025-09-15T09:17:12.0",3,16,2025-09-15 09:16:12,2025-09-15 09:17:12,2025-09-15 05:16:12,2025-09-15 05:17:12
2025-09-15,"2025-09-15T09:17:12.0","2025-09-15T09:55:12.0",1,17,2025-09-15 09:17:12,2025-09-15 09:55:12,2025-09-15 05:17:12,2025-09-15 05:55:12
2025-09-15,"2025-09-15T09:55:12.0","2025-09-15T10:09:12.0",2,18,2025-09-15 09:55:12,2025-09-15 10:09:12,2025-09-15 05:55:12,2025-09-15 06:09:12
2025-09-15,"2025-09-15T10:09:12.0","2025-09-15T10:26:12.0",1,19,2025-09-15 10:09:12,2025-09-15 10:26:12,2025-09-15 06:09:12,2025-09-15 06:26:12
2025-09-15,"2025-09-15T10:26:12.0","2025-09-15T10:32:12.0",2,20,2025-09-15 10:26:12,2025-09-15 10:32:12,2025-09-15 06:26:12,2025-09-15 06:32:12
2025-09-15,"2025-09-15T10:32:12.0","2025-09-15T11:22:12.0",1,21,2025-09-15 10:32:12,2025-09-15 11:22:12,2025-09-15 06:32:12,2025-09-15 07:22:12
2025-09-16,"2025-09-16T03:42:14.0","2025-09-16T03:46:14.0",1,1,2025-09-16 03:42:14,2025-09-16 03:46:14,2025-09-15 23:42:14,2025-09-15 23:46:14
2025-09-16,"2025-09-16T03:46:14.0","2025-09-16T04:17:14.0",0,2,2025-09-16 03:46:14,2025-09-16 04:17:14,2025-09-15 23:46:14,2025-09-16 00:17:14
2025-09-16,"2025-09-16T04:17:14.0","2025-09-16T04:21:14.0",3,3,2025-09-16 04:17:14,2025-09-16 04:21:14,2025-09-16 00:17:14,2025-09-16 00:21:14
2025-09-16,"2025-09-16T04:21:14.0","2025-09-16T04:30:14.0",1,4,2025-09-16 04:21:14,2025-09-16 04:30:14,2025-09-16 00:21:14,2025-09-16 00:30:14
2025-09-16,"2025-09-16T04:30:14.0","2025-09-16T05:14:14.0",0,5,2025-09-16 04:30:14,2025-09-16 05:14:14,2025-09-16 00:30:14,2025-09-16 01:14:14
2025-09-16,"2025-09-16T05:14:14.0","2025-09-16T05:31:14.0",1,6,2025-09-16 05:14:14,2025-09-16 05:31:14,2025-09-16 01:14:14,2025-09-16 01:31:14
2025-09-16,"2025-09-16T05:31:14.0","2025-09-16T05:38:14.0",0,7,2025-09-16 05:31:14,2025-09-16 05:38:14,2025-09-16 01:31:14,2025-09-16 01:38:14
2025-09-16,"2025-09-16T05:38:14.0","2025-09-16T06:22:14.0",1,8,2025-09-16 05:38:14,2025-09-16 06:22:14,2025-09-16 01:38:14,2025-09-16 02:22:14
2025-09-16,"2025-09-16T06:22:14.0","2025-09-16T06:34:14.0",0,9,2025-09-16 06:22:14,2025-09-16 06:34:14,2025-09-16 02:22:14,2025-09-16 02:34:14
2025-09-16,"2025-09-16T06:34:14.0","2025-09-16T06:44:14.0",1,10,2025-09-16 06:34:14,2025-09-16 06:44:14,2025-09-16 02:34:14,2025-09-16 02:44:14
2025-09-16,"2025-09-16T06:44:14.0","2025-09-16T07:06:14.0",0,11,2025-09-16 06:44:14,2025-09-16 07:06:14,2025-09-16 02:44:14,2025-09-16 03:06:14
2025-09-16,"2025-09-16T07:06:14.0","2025-09-16T07:49:14.0",1,12,2025-09-16 07:06:14,2025-09-16 07:49:14,2025-09-16 03:06:14,2025-09-16 03:49:14
2025-09-16,"2025-09-16T07:49:14.0","2025-09-16T08:07:14.0",2,13,2025-09-16 07:49:14,2025-09-16 08:07:14,2025-09-16 03:49:14,2025-09-16 04:07:14
2025-09-16,"2025-09-16T08:07:14.0","2025-09-16T08:22:14.0",1,14,2025-09-16 08:07:14,2025-09-16 08:22:14,2025-09-16 04:07:14,2025-09-16 04:22:14
2025-09-16,"2025-09-16T08:22:14.0","2025-09-16T08:43:14.0",0,15,2025-09-16 08:22:14,2025-09-16 08:43:14,2025-09-16 04:22:14,2025-09-16 04:43:14
2025-09-16,"2025-09-16T08:43:14.0","2025-09-16T09:01:14.0",1,16,2025-09-16 08:43:14,2025-09-16 09:01:14,2025-09-16 04:43:14,2025-09-16 05:01:14
2025-09-16,"2025-09-16T09:01:14.0","2025-09-16T09:18:14.0",3,17,2025-09-16 09:01:14,2025-09-16 09:18:14,2025-09-16 05:01:14,2025-09-16 05:18:14
2025-09-16,"2025-09-16T09:18:14.0","2025-09-16T09:53:14.0",1,18,2025-09-16 09:18:14,2025-09-16 09:53:14,2025-09-16 05:18:14,2025-09-16 05:53:14
2025-09-16,"2025-09-16T09:53:14.0","2025-09-16T09:54:14.0",3,19,2025-09-16 09:53:14,2025-09-16 09:54:14,2025-09-16 05:53:14,2025-09-16 05:54:14
2025-09-16,"2025-09-16T09:54:14.0","2025-09-16T10:24:06.0",1,20,2025-09-16 09:54:14,2025-09-16 10:24:06,2025-09-16 05:54:14,2025-09-16 06:24:06
2025-09-17,"2025-09-17T02:51:06.0","2025-09-17T03:05:06.0",1,1,2025-09-17 02:51:06,2025-09-17 03:05:06,2025-09-16 22:51:06,2025-09-16 23:05:06
2025-09-17,"2025-09-17T03:05:06.0","2025-09-17T03:39:06.0",0,2,2025-09-17 03:05:06,2025-09-17 03:39:06,2025-09-16 23:05:06,2025-09-16 23:39:06
2025-09-17,"2025-09-17T03:39:06.0","2025-09-17T04:24:06.0",1,3,2025-09-17 03:39:06,2025-09-17 04:24:06,2025-09-16 23:39:06,2025-09-17 00:24:06
2025-09-17,"2025-09-17T04:24:06.0","2025-09-17T04:34:06.0",0,4,2025-09-17 04:24:06,2025-09-17 04:34:06,2025-09-17 00:24:06,2025-09-17 00:34:06
2025-09-17,"2025-09-17T04:34:06.0","2025-09-17T05:11:06.0",1,5,2025-09-17 04:34:06,2025-09-17 05:11:06,2025-09-17 00:34:06,2025-09-17 01:11:06
2025-09-17,"2025-09-17T05:11:06.0","2025-09-17T05:25:06.0",2,6,2025-09-17 05:11:06,2025-09-17 05:25:06,2025-09-17 01:11:06,2025-09-17 01:25:06
2025-09-17,"2025-09-17T05:25:06.0","2025-09-17T05:33:06.0",3,7,2025-09-17 05:25:06,2025-09-17 05:33:06,2025-09-17 01:25:06,2025-09-17 01:33:06
2025-09-17,"2025-09-17T05:33:06.0","2025-09-17T06:06:06.0",1,8,2025-09-17 05:33:06,2025-09-17 06:06:06,2025-09-17 01:33:06,2025-09-17 02:06:06
2025-09-17,"2025-09-17T06:06:06.0","2025-09-17T06:07:06.0",3,9,2025-09-17 06:06:06,2025-09-17 06:07:06,2025-09-17 02:06:06,2025-09-17 02:07:06
2025-09-17,"2025-09-17T06:07:06.0","2025-09-17T07:48:06.0",1,10,2025-09-17 06:07:06,2025-09-17 07:48:06,2025-09-17 02:07:06,2025-09-17 03:48:06
2025-09-17,"2025-09-17T07:48:06.0","2025-09-17T07:58:06.0",0,11,2025-09-17 07:48:06,2025-09-17 07:58:06,2025-09-17 03:48:06,2025-09-17 03:58:06
2025-09-17,"2025-09-17T07:58:06.0","2025-09-17T08:16:06.0",1,12,2025-09-17 07:58:06,2025-09-17 08:16:06,2025-09-17 03:58:06,2025-09-17 04:16:06
2025-09-17,"2025-09-17T08:16:06.0","2025-09-17T08:32:06.0",2,13,2025-09-17 08:16:06,2025-09-17 08:32:06,2025-09-17 04:16:06,2025-09-17 04:32:06
2025-09-17,"2025-09-17T08:32:06.0","2025-09-17T09:04:06.0",1,14,2025-09-17 08:32:06,2025-09-17 09:04:06,2025-09-17 04:32:06,2025-09-17 05:04:06
2025-09-17,"2025-09-17T09:04:06.0","2025-09-17T09:22:06.0",0,15,2025-09-17 09:04:06,2025-09-17 09:22:06,2025-09-17 05:04:06,2025-09-17 05:22:06
2025-09-17,"2025-09-17T09:22:06.0","2025-09-17T09:44:06.0",1,16,2025-09-17 09:22:06,2025-09-17 09:44:06,2025-09-17 05:22:06,2025-09-17 05:44:06
2025-09-17,"2025-09-17T09:44:06.0","2025-09-17T09:58:06.0",2,17,2025-09-17 09:44:06,2025-09-17 09:58:06,2025-09-17 05:44:06,2025-09-17 05:58:06
2025-09-17,"2025-09-17T09:58:06.0","2025-09-17T10:00:06.0",3,18,2025-09-17 09:58:06,2025-09-17 10:00:06,2025-09-17 05:58:06,2025-09-17 06:00:06
2025-09-17,"2025-09-17T10:00:06.0","2025-09-17T10:13:06.0",1,19,2025-09-17 10:00:06,2025-09-17 10:13:06,2025-09-17 06:00:06,2025-09-17 06:13:06
2025-09-19,"2025-09-19T03:11:37.0","2025-09-19T03:23:37.0",1,1,2025-09-19 03:11:37,2025-09-19 03:23:37,2025-09-18 23:11:37,2025-09-18 23:23:37
2025-09-19,"2025-09-19T03:23:37.0","2025-09-19T04:04:37.0",0,2,2025-09-19 03:23:37,2025-09-19 04:04:37,2025-09-18 23:23:37,2025-09-19 00:04:37
2025-09-19,"2025-09-19T04:04:37.0","2025-09-19T04:35:37.0",1,3,2025-09-19 04:04:37,2025-09-19 04:35:37,2025-09-19 00:04:37,2025-09-19 00:35:37
2025-09-19,"2025-09-19T04:35:37.0","2025-09-19T04:40:37.0",2,4,2025-09-19 04:35:37,2025-09-19 04:40:37,2025-09-19 00:35:37,2025-09-19 00:40:37
2025-09-19,"2025-09-19T04:40:37.0","2025-09-19T04:49:37.0",1,5,2025-09-19 04:40:37,2025-09-19 04:49:37,2025-09-19 00:40:37,2025-09-19 00:49:37
2025-09-19,"2025-09-19T04:49:37.0","2025-09-19T05:08:37.0",2,6,2025-09-19 04:49:37,2025-09-19 05:08:37,2025-09-19 00:49:37,2025-09-19 01:08:37
2025-09-19,"2025-09-19T05:08:37.0","2025-09-19T05:38:37.0",3,7,2025-09-19 05:08:37,2025-09-19 05:38:37,2025-09-19 01:08:37,2025-09-19 01:38:37
2025-09-19,"2025-09-19T05:38:37.0","2025-09-19T06:00:37.0",1,8,2025-09-19 05:38:37,2025-09-19 06:00:37,2025-09-19 01:38:37,2025-09-19 02:00:37
2025-09-19,"2025-09-19T06:00:37.0","2025-09-19T06:05:37.0",3,9,2025-09-19 06:00:37,2025-09-19 06:05:37,2025-09-19 02:00:37,2025-09-19 02:05:37
2025-09-19,"2025-09-19T06:05:37.0","2025-09-19T06:20:37.0",1,10,2025-09-19 06:05:37,2025-09-19 06:20:37,2025-09-19 02:05:37,2025-09-19 02:20:37
2025-09-19,"2025-09-19T06:20:37.0","2025-09-19T06:31:37.0",3,11,2025-09-19 06:20:37,2025-09-19 06:31:37,2025-09-19 02:20:37,2025-09-19 02:31:37
2025-09-19,"2025-09-19T06:31:37.0","2025-09-19T07:09:37.0",1,12,2025-09-19 06:31:37,2025-09-19 07:09:37,2025-09-19 02:31:37,2025-09-19 03:09:37
2025-09-19,"2025-09-19T07:09:37.0","2025-09-19T07:24:37.0",0,13,2025-09-19 07:09:37,2025-09-19 07:24:37,2025-09-19 03:09:37,2025-09-19 03:24:37
2025-09-19,"2025-09-19T07:24:37.0","2025-09-19T07:52:37.0",1,14,2025-09-19 07:24:37,2025-09-19 07:52:37,2025-09-19 03:24:37,2025-09-19 03:52:37
2025-09-19,"2025-09-19T07:52:37.0","2025-09-19T08:38:37.0",2,15,2025-09-19 07:52:37,2025-09-19 08:38:37,2025-09-19 03:52:37,2025-09-19 04:38:37
2025-09-19,"2025-09-19T08:38:37.0","2025-09-19T08:54:37.0",1,16,2025-09-19 08:38:37,2025-09-19 08:54:37,2025-09-19 04:38:37,2025-09-19 04:54:37
2025-09-19,"2025-09-19T08:54:37.0","2025-09-19T09:20:37.0",2,17,2025-09-19 08:54:37,2025-09-19 09:20:37,2025-09-19 04:54:37,2025-09-19 05:20:37
2025-09-20,"2025-09-20T04:49:01.0","2025-09-20T05:18:01.0",1,1,2025-09-20 04:49:01,2025-09-20 05:18:01,2025-09-20 00:49:01,2025-09-20 01:18:01
2025-09-20,"2025-09-20T05:18:01.0","2025-09-20T05:35:01.0",0,2,2025-09-20 05:18:01,2025-09-20 05:35:01,2025-09-20 01:18:01,2025-09-20 01:35:01
2025-09-20,"2025-09-20T05:35:01.0","2025-09-20T05:54:01.0",1,3,2025-09-20 05:35:01,2025-09-20 05:54:01,2025-09-20 01:35:01,2025-09-20 01:54:01
2025-09-20,"2025-09-20T05:54:01.0","2025-09-20T06:31:01.0",0,4,2025-09-20 05:54:01,2025-09-20 06:31:01,2025-09-20 01:54:01,2025-09-20 02:31:01
2025-09-20,"2025-09-20T06:31:01.0","2025-09-20T06:40:01.0",1,5,2025-09-20 06:31:01,2025-09-20 06:40:01,2025-09-20 02:31:01,2025-09-20 02:40:01
2025-09-20,"2025-09-20T06:40:01.0","2025-09-20T06:54:01.0",2,6,2025-09-20 06:40:01,2025-09-20 06:54:01,2025-09-20 02:40:01,2025-09-20 02:54:01
2025-09-20,"2025-09-20T06:54:01.0","2025-09-20T07:41:01.0",1,7,2025-09-20 06:54:01,2025-09-20 07:41:01,2025-09-20 02:54:01,2025-09-20 03:41:01
2025-09-20,"2025-09-20T07:41:01.0","2025-09-20T08:21:01.0",0,8,2025-09-20 07:41:01,2025-09-20 08:21:01,2025-09-20 03:41:01,2025-09-20 04:21:01
2025-09-20,"2025-09-20T08:21:01.0","2025-09-20T08:45:01.0",1,9,2025-09-20 08:21:01,2025-09-20 08:45:01,2025-09-20 04:21:01,2025-09-20 04:45:01
2025-09-20,"2025-09-20T08:45:01.0","2025-09-20T09:00:01.0",2,10,2025-09-20 08:45:01,2025-09-20 09:00:01,2025-09-20 04:45:01,2025-09-20 05:00:01
2025-09-20,"2025-09-20T09:00:01.0","2025-09-20T09:33:01.0",1,11,2025-09-20 09:00:01,2025-09-20 09:33:01,2025-09-20 05:00:01,2025-09-20 05:33:01
2025-09-20,"2025-09-20T09:33:01.0","2025-09-20T10:06:01.0",2,12,2025-09-20 09:33:01,2025-09-20 10:06:01,2025-09-20 05:33:01,2025-09-20 06:06:01
2025-09-21,"2025-09-21T03:58:37.0","2025-09-21T04:11:37.0",1,1,2025-09-21 03:58:37,2025-09-21 04:11:37,2025-09-20 23:58:37,2025-09-21 00:11:37
2025-09-21,"2025-09-21T04:11:37.0","2025-09-21T04:31:37.0",0,2,2025-09-21 04:11:37,2025-09-21 04:31:37,2025-09-21 00:11:37,2025-09-21 00:31:37
2025-09-21,"2025-09-21T04:31:37.0","2025-09-21T04:40:37.0",1,3,2025-09-21 04:31:37,2025-09-21 04:40:37,2025-09-21 00:31:37,2025-09-21 00:40:37
2025-09-21,"2025-09-21T04:40:37.0","2025-09-21T05:06:37.0",0,4,2025-09-21 04:40:37,2025-09-21 05:06:37,2025-09-21 00:40:37,2025-09-21 01:06:37
2025-09-21,"2025-09-21T05:06:37.0","2025-09-21T05:31:37.0",1,5,2025-09-21 05:06:37,2025-09-21 05:31:37,2025-09-21 01:06:37,2025-09-21 01:31:37
2025-09-21,"2025-09-21T05:31:37.0","2025-09-21T05:50:37.0",0,6,2025-09-21 05:31:37,2025-09-21 05:50:37,2025-09-21 01:31:37,2025-09-21 01:50:37
2025-09-21,"2025-09-21T05:50:37.0","2025-09-21T05:54:37.0",3,7,2025-09-21 05:50:37,2025-09-21 05:54:37,2025-09-21 01:50:37,2025-09-21 01:54:37
2025-09-21,"2025-09-21T05:54:37.0","2025-09-21T06:09:37.0",1,8,2025-09-21 05:54:37,2025-09-21 06:09:37,2025-09-21 01:54:37,2025-09-21 02:09:37
2025-09-21,"2025-09-21T06:09:37.0","2025-09-21T06:35:37.0",0,9,2025-09-21 06:09:37,2025-09-21 06:35:37,2025-09-21 02:09:37,2025-09-21 02:35:37
2025-09-21,"2025-09-21T06:35:37.0","2025-09-21T07:19:37.0",1,10,2025-09-21 06:35:37,2025-09-21 07:19:37,2025-09-21 02:35:37,2025-09-21 03:19:37
2025-09-21,"2025-09-21T07:19:37.0","2025-09-21T07:55:37.0",0,11,2025-09-21 07:19:37,2025-09-21 07:55:37,2025-09-21 03:19:37,2025-09-21 03:55:37
2025-09-21,"2025-09-21T07:55:37.0","2025-09-21T08:49:37.0",1,12,2025-09-21 07:55:37,2025-09-21 08:49:37,2025-09-21 03:55:37,2025-09-21 04:49:37
2025-09-21,"2025-09-21T08:49:37.0","2025-09-21T09:03:37.0",2,13,2025-09-21 08:49:37,2025-09-21 09:03:37,2025-09-21 04:49:37,2025-09-21 05:03:37
2025-09-21,"2025-09-21T09:03:37.0","2025-09-21T09:17:37.0",3,14,2025-09-21 09:03:37,2025-09-21 09:17:37,2025-09-21 05:03:37,2025-09-21 05:17:37
2025-09-21,"2025-09-21T09:17:37.0","2025-09-21T09:54:37.0",1,15,2025-09-21 09:17:37,2025-09-21 09:54:37,2025-09-21 05:17:37,2025-09-21 05:54:37
2025-09-21,"2025-09-21T09:54:37.0","2025-09-21T09:55:37.0",3,16,2025-09-21 09:54:37,2025-09-21 09:55:37,2025-09-21 05:54:37,2025-09-21 05:55:37
2025-09-21,"2025-09-21T09:55:37.0","2025-09-21T10:34:37.0",1,17,2025-09-21 09:55:37,2025-09-21 10:34:37,2025-09-21 05:55:37,2025-09-21 06:34:37
2025-09-21,"2025-09-21T10:34:37.0","2025-09-21T11:04:37.0",2,18,2025-09-21 10:34:37,2025-09-21 11:04:37,2025-09-21 06:34:37,2025-09-21 07:04:37
2025-09-21,"2025-09-21T11:04:37.0","2025-09-21T11:10:37.0",3,19,2025-09-21 11:04:37,2025-09-21 11:10:37,2025-09-21 07:04:37,2025-09-21 07:10:37
2025-09-21,"2025-09-21T11:10:37.0","2025-09-21T11:22:37.0",1,20,2025-09-21 11:10:37,2025-09-21 11:22:37,2025-09-21 07:10:37,2025-09-21 07:22:37
2025-09-21,"2025-09-21T11:22:37.0","2025-09-21T11:41:37.0",3,21,2025-09-21 11:22:37,2025-09-21 11:41:37,2025-09-21 07:22:37,2025-09-21 07:41:37
2025-09-21,"2025-09-21T11:41:37.0","2025-09-21T12:42:37.0",1,22,2025-09-21 11:41:37,2025-09-21 12:42:37,2025-09-21 07:41:37,2025-09-21 08:42:37
2025-09-22,"2025-09-22T01:59:37.0","2025-09-22T02:09:37.0",1,1,2025-09-22 01:59:37,2025-09-22 02:09:37,2025-09-21 21:59:37,2025-09-21 22:09:37
2025-09-22,"2025-09-22T02:09:37.0","2025-09-22T02:43:37.0",0,2,2025-09-22 02:09:37,2025-09-22 02:43:37,2025-09-21 22:09:37,2025-09-21 22:43:37
2025-09-22,"2025-09-22T02:43:37.0","2025-09-22T03:33:37.0",1,3,2025-09-22 02:43:37,2025-09-22 03:33:37,2025-09-21 22:43:37,2025-09-21 23:33:37
2025-09-22,"2025-09-22T03:33:37.0","2025-09-22T04:19:37.0",0,4,2025-09-22 03:33:37,2025-09-22 04:19:37,2025-09-21 23:33:37,2025-09-22 00:19:37
2025-09-22,"2025-09-22T04:19:37.0","2025-09-22T04:44:37.0",1,5,2025-09-22 04:19:37,2025-09-22 04:44:37,2025-09-22 00:19:37,2025-09-22 00:44:37
2025-09-22,"2025-09-22T04:44:37.0","2025-09-22T04:51:37.0",2,6,2025-09-22 04:44:37,2025-09-22 04:51:37,2025-09-22 00:44:37,2025-09-22 00:51:37
2025-09-22,"2025-09-22T04:51:37.0","2025-09-22T05:10:37.0",1,7,2025-09-22 04:51:37,2025-09-22 05:10:37,2025-09-22 00:51:37,2025-09-22 01:10:37
2025-09-22,"2025-09-22T05:10:37.0","2025-09-22T05:26:37.0",0,8,2025-09-22 05:10:37,2025-09-22 05:26:37,2025-09-22 01:10:37,2025-09-22 01:26:37
2025-09-22,"2025-09-22T05:26:37.0","2025-09-22T05:45:37.0",1,9,2025-09-22 05:26:37,2025-09-22 05:45:37,2025-09-22 01:26:37,2025-09-22 01:45:37
2025-09-22,"2025-09-22T05:45:37.0","2025-09-22T05:59:37.0",0,10,2025-09-22 05:45:37,2025-09-22 05:59:37,2025-09-22 01:45:37,2025-09-22 01:59:37
2025-09-22,"2025-09-22T05:59:37.0","2025-09-22T06:13:37.0",1,11,2025-09-22 05:59:37,2025-09-22 06:13:37,2025-09-22 01:59:37,2025-09-22 02:13:37
2025-09-22,"2025-09-22T06:13:37.0","2025-09-22T06:28:58.0",2,12,2025-09-22 06:13:37,2025-09-22 06:28:58,2025-09-22 02:13:37,2025-09-22 02:28:58
2025-09-23,"2025-09-23T02:14:36.0","2025-09-23T02:36:36.0",1,1,2025-09-23 02:14:36,2025-09-23 02:36:36,2025-09-22 22:14:36,2025-09-22 22:36:36
2025-09-23,"2025-09-23T02:36:36.0","2025-09-23T03:09:36.0",0,2,2025-09-23 02:36:36,2025-09-23 03:09:36,2025-09-22 22:36:36,2025-09-22 23:09:36
2025-09-23,"2025-09-23T03:09:36.0","2025-09-23T03:48:36.0",1,3,2025-09-23 03:09:36,2025-09-23 03:48:36,2025-09-22 23:09:36,2025-09-22 23:48:36
2025-09-23,"2025-09-23T03:48:36.0","2025-09-23T03:53:36.0",0,4,2025-09-23 03:48:36,2025-09-23 03:53:36,2025-09-22 23:48:36,2025-09-22 23:53:36
2025-09-23,"2025-09-23T03:53:36.0","2025-09-23T04:24:36.0",1,5,2025-09-23 03:53:36,2025-09-23 04:24:36,2025-09-22 23:53:36,2025-09-23 00:24:36
2025-09-23,"2025-09-23T04:24:36.0","2025-09-23T04:34:36.0",0,6,2025-09-23 04:24:36,2025-09-23 04:34:36,2025-09-23 00:24:36,2025-09-23 00:34:36
2025-09-23,"2025-09-23T04:34:36.0","2025-09-23T05:39:36.0",1,7,2025-09-23 04:34:36,2025-09-23 05:39:36,2025-09-23 00:34:36,2025-09-23 01:39:36
2025-09-23,"2025-09-23T05:39:36.0","2025-09-23T05:50:36.0",2,8,2025-09-23 05:39:36,2025-09-23 05:50:36,2025-09-23 01:39:36,2025-09-23 01:50:36
2025-09-23,"2025-09-23T05:50:36.0","2025-09-23T06:06:36.0",3,9,2025-09-23 05:50:36,2025-09-23 06:06:36,2025-09-23 01:50:36,2025-09-23 02:06:36
2025-09-23,"2025-09-23T06:06:36.0","2025-09-23T06:30:36.0",1,10,2025-09-23 06:06:36,2025-09-23 06:30:36,2025-09-23 02:06:36,2025-09-23 02:30:36
2025-09-23,"2025-09-23T06:30:36.0","2025-09-23T07:02:36.0",0,11,2025-09-23 06:30:36,2025-09-23 07:02:36,2025-09-23 02:30:36,2025-09-23 03:02:36
2025-09-23,"2025-09-23T07:02:36.0","2025-09-23T07:22:36.0",1,12,2025-09-23 07:02:36,2025-09-23 07:22:36,2025-09-23 03:02:36,2025-09-23 03:22:36
2025-09-23,"2025-09-23T07:22:36.0","2025-09-23T07:45:36.0",2,13,2025-09-23 07:22:36,2025-09-23 07:45:36,2025-09-23 03:22:36,2025-09-23 03:45:36
2025-09-23,"2025-09-23T07:45:36.0","2025-09-23T07:53:36.0",1,14,2025-09-23 07:45:36,2025-09-23 07:53:36,2025-09-23 03:45:36,2025-09-23 03:53:36
2025-09-23,"2025-09-23T07:53:36.0","2025-09-23T08:22:36.0",2,15,2025-09-23 07:53:36,2025-09-23 08:22:36,2025-09-23 03:53:36,2025-09-23 04:22:36
2025-09-23,"2025-09-23T08:22:36.0","2025-09-23T08:37:36.0",1,16,2025-09-23 08:22:36,2025-09-23 08:37:36,2025-09-23 04:22:36,2025-09-23 04:37:36
2025-09-23,"2025-09-23T08:37:36.0","2025-09-23T08:42:36.0",0,17,2025-09-23 08:37:36,2025-09-23 08:42:36,2025-09-23 04:37:36,2025-09-23 04:42:36
2025-09-23,"2025-09-23T08:42:36.0","2025-09-23T08:47:36.0",1,18,2025-09-23 08:42:36,2025-09-23 08:47:36,2025-09-23 04:42:36,2025-09-23 04:47:36
2025-09-23,"2025-09-23T08:47:36.0","2025-09-23T09:10:36.0",2,19,2025-09-23 08:47:36,2025-09-23 09:10:36,2025-09-23 04:47:36,2025-09-23 05:10:36
2025-09-24,"2025-09-24T03:31:36.0","2025-09-24T03:38:36.0",1,1,2025-09-24 03:31:36,2025-09-24 03:38:36,2025-09-23 23:31:36,2025-09-23 23:38:36
2025-09-24,"2025-09-24T03:38:36.0","2025-09-24T04:09:36.0",0,2,2025-09-24 03:38:36,2025-09-24 04:09:36,2025-09-23 23:38:36,2025-09-24 00:09:36
2025-09-24,"2025-09-24T04:09:36.0","2025-09-24T04:44:36.0",1,3,2025-09-24 04:09:36,2025-09-24 04:44:36,2025-09-24 00:09:36,2025-09-24 00:44:36
2025-09-24,"2025-09-24T04:44:36.0","2025-09-24T04:46:36.0",3,4,2025-09-24 04:44:36,2025-09-24 04:46:36,2025-09-24 00:44:36,2025-09-24 00:46:36
2025-09-24,"2025-09-24T04:46:36.0","2025-09-24T04:50:36.0",1,5,2025-09-24 04:46:36,2025-09-24 04:50:36,2025-09-24 00:46:36,2025-09-24 00:50:36
2025-09-24,"2025-09-24T04:50:36.0","2025-09-24T05:11:36.0",0,6,2025-09-24 04:50:36,2025-09-24 05:11:36,2025-09-24 00:50:36,2025-09-24 01:11:36
2025-09-24,"2025-09-24T05:11:36.0","2025-09-24T05:18:36.0",1,7,2025-09-24 05:11:36,2025-09-24 05:18:36,2025-09-24 01:11:36,2025-09-24 01:18:36
2025-09-24,"2025-09-24T05:18:36.0","2025-09-24T05:19:36.0",3,8,2025-09-24 05:18:36,2025-09-24 05:19:36,2025-09-24 01:18:36,2025-09-24 01:19:36
2025-09-24,"2025-09-24T05:19:36.0","2025-09-24T05:57:36.0",1,9,2025-09-24 05:19:36,2025-09-24 05:57:36,2025-09-24 01:19:36,2025-09-24 01:57:36
2025-09-24,"2025-09-24T05:57:36.0","2025-09-24T06:04:36.0",3,10,2025-09-24 05:57:36,2025-09-24 06:04:36,2025-09-24 01:57:36,2025-09-24 02:04:36
2025-09-24,"2025-09-24T06:04:36.0","2025-09-24T07:02:36.0",1,11,2025-09-24 06:04:36,2025-09-24 07:02:36,2025-09-24 02:04:36,2025-09-24 03:02:36
2025-09-24,"2025-09-24T07:02:36.0","2025-09-24T07:35:36.0",3,12,2025-09-24 07:02:36,2025-09-24 07:35:36,2025-09-24 03:02:36,2025-09-24 03:35:36
2025-09-24,"2025-09-24T07:35:36.0","2025-09-24T08:00:36.0",1,13,2025-09-24 07:35:36,2025-09-24 08:00:36,2025-09-24 03:35:36,2025-09-24 04:00:36
2025-09-24,"2025-09-24T08:00:36.0","2025-09-24T08:01:36.0",3,14,2025-09-24 08:00:36,2025-09-24 08:01:36,2025-09-24 04:00:36,2025-09-24 04:01:36
2025-09-24,"2025-09-24T08:01:36.0","2025-09-24T08:34:36.0",1,15,2025-09-24 08:01:36,2025-09-24 08:34:36,2025-09-24 04:01:36,2025-09-24 04:34:36
2025-09-24,"2025-09-24T08:34:36.0","2025-09-24T08:38:36.0",3,16,2025-09-24 08:34:36,2025-09-24 08:38:36,2025-09-24 04:34:36,2025-09-24 04:38:36
2025-09-24,"2025-09-24T08:38:36.0","2025-09-24T08:46:36.0",1,17,2025-09-24 08:38:36,2025-09-24 08:46:36,2025-09-24 04:38:36,2025-09-24 04:46:36
2025-09-24,"2025-09-24T08:46:36.0","2025-09-24T08:56:36.0",3,18,2025-09-24 08:46:36,2025-09-24 08:56:36,2025-09-24 04:46:36,2025-09-24 04:56:36
2025-09-24,"2025-09-24T08:56:36.0","2025-09-24T09:37:36.0",1,19,2025-09-24 08:56:36,2025-09-24 09:37:36,2025-09-24 04:56:36,2025-09-24 05:37:36
2025-09-24,"2025-09-24T09:37:36.0","2025-09-24T10:06:36.0",2,20,2025-09-24 09:37:36,2025-09-24 10:06:36,2025-09-24 05:37:36,2025-09-24 06:06:36
2025-09-24,"2025-09-24T10:06:36.0","2025-09-24T10:17:36.0",1,21,2025-09-24 10:06:36,2025-09-24 10:17:36,2025-09-24 06:06:36,2025-09-24 06:17:36
2025-09-24,"2025-09-24T10:17:36.0","2025-09-24T10:26:36.0",3,22,2025-09-24 10:17:36,2025-09-24 10:26:36,2025-09-24 06:17:36,2025-09-24 06:26:36
2025-09-24,"2025-09-24T10:26:36.0","2025-09-24T10:33:36.0",1,23,2025-09-24 10:26:36,2025-09-24 10:33:36,2025-09-24 06:26:36,2025-09-24 06:33:36
2025-09-24,"2025-09-24T10:33:36.0","2025-09-24T10:47:36.0",2,24,2025-09-24 10:33:36,2025-09-24 10:47:36,2025-09-24 06:33:36,2025-09-24 06:47:36
2025-09-25,"2025-09-25T03:43:46.0","2025-09-25T03:45:46.0",1,1,2025-09-25 03:43:46,2025-09-25 03:45:46,2025-09-24 23:43:46,2025-09-24 23:45:46
2025-09-25,"2025-09-25T03:45:46.0","2025-09-25T04:26:46.0",0,2,2025-09-25 03:45:46,2025-09-25 04:26:46,2025-09-24 23:45:46,2025-09-25 00:26:46
2025-09-25,"2025-09-25T04:26:46.0","2025-09-25T04:39:46.0",1,3,2025-09-25 04:26:46,2025-09-25 04:39:46,2025-09-25 00:26:46,2025-09-25 00:39:46
2025-09-25,"2025-09-25T04:39:46.0","2025-09-25T04:53:46.0",0,4,2025-09-25 04:39:46,2025-09-25 04:53:46,2025-09-25 00:39:46,2025-09-25 00:53:46
2025-09-25,"2025-09-25T04:53:46.0","2025-09-25T04:58:46.0",1,5,2025-09-25 04:53:46,2025-09-25 04:58:46,2025-09-25 00:53:46,2025-09-25 00:58:46
2025-09-25,"2025-09-25T04:58:46.0","2025-09-25T05:15:46.0",0,6,2025-09-25 04:58:46,2025-09-25 05:15:46,2025-09-25 00:58:46,2025-09-25 01:15:46
2025-09-25,"2025-09-25T05:15:46.0","2025-09-25T05:39:46.0",1,7,2025-09-25 05:15:46,2025-09-25 05:39:46,2025-09-25 01:15:46,2025-09-25 01:39:46
2025-09-25,"2025-09-25T05:39:46.0","2025-09-25T06:00:46.0",0,8,2025-09-25 05:39:46,2025-09-25 06:00:46,2025-09-25 01:39:46,2025-09-25 02:00:46
2025-09-25,"2025-09-25T06:00:46.0","2025-09-25T06:10:46.0",1,9,2025-09-25 06:00:46,2025-09-25 06:10:46,2025-09-25 02:00:46,2025-09-25 02:10:46
2025-09-25,"2025-09-25T06:10:46.0","2025-09-25T06:29:46.0",0,10,2025-09-25 06:10:46,2025-09-25 06:29:46,2025-09-25 02:10:46,2025-09-25 02:29:46
2025-09-25,"2025-09-25T06:29:46.0","2025-09-25T09:06:46.0",1,11,2025-09-25 06:29:46,2025-09-25 09:06:46,2025-09-25 02:29:46,2025-09-25 05:06:46
2025-09-25,"2025-09-25T09:06:46.0","2025-09-25T09:13:46.0",2,12,2025-09-25 09:06:46,2025-09-25 09:13:46,2025-09-25 05:06:46,2025-09-25 05:13:46
2025-09-25,"2025-09-25T09:13:46.0","2025-09-25T10:39:46.0",1,13,2025-09-25 09:13:46,2025-09-25 10:39:46,2025-09-25 05:13:46,2025-09-25 06:39:46
2025-09-26,"2025-09-26T03:12:36.0","2025-09-26T03:24:36.0",1,1,2025-09-26 03:12:36,2025-09-26 03:24:36,2025-09-25 23:12:36,2025-09-25 23:24:36
2025-09-26,"2025-09-26T03:24:36.0","2025-09-26T04:06:36.0",0,2,2025-09-26 03:24:36,2025-09-26 04:06:36,2025-09-25 23:24:36,2025-09-26 00:06:36
2025-09-26,"2025-09-26T04:06:36.0","2025-09-26T04:07:36.0",3,3,2025-09-26 04:06:36,2025-09-26 04:07:36,2025-09-26 00:06:36,2025-09-26 00:07:36
2025-09-26,"2025-09-26T04:07:36.0","2025-09-26T05:00:36.0",1,4,2025-09-26 04:07:36,2025-09-26 05:00:36,2025-09-26 00:07:36,2025-09-26 01:00:36
2025-09-26,"2025-09-26T05:00:36.0","2025-09-26T05:32:36.0",0,5,2025-09-26 05:00:36,2025-09-26 05:32:36,2025-09-26 01:00:36,2025-09-26 01:32:36
2025-09-26,"2025-09-26T05:32:36.0","2025-09-26T05:33:36.0",3,6,2025-09-26 05:32:36,2025-09-26 05:33:36,2025-09-26 01:32:36,2025-09-26 01:33:36
2025-09-26,"2025-09-26T05:33:36.0","2025-09-26T06:34:36.0",1,7,2025-09-26 05:33:36,2025-09-26 06:34:36,2025-09-26 01:33:36,2025-09-26 02:34:36
2025-09-26,"2025-09-26T06:34:36.0","2025-09-26T06:45:36.0",0,8,2025-09-26 06:34:36,2025-09-26 06:45:36,2025-09-26 02:34:36,2025-09-26 02:45:36
2025-09-26,"2025-09-26T06:45:36.0","2025-09-26T07:56:36.0",1,9,2025-09-26 06:45:36,2025-09-26 07:56:36,2025-09-26 02:45:36,2025-09-26 03:56:36
2025-09-26,"2025-09-26T07:56:36.0","2025-09-26T08:06:36.0",2,10,2025-09-26 07:56:36,2025-09-26 08:06:36,2025-09-26 03:56:36,2025-09-26 04:06:36
2025-09-26,"2025-09-26T08:06:36.0","2025-09-26T08:18:36.0",1,11,2025-09-26 08:06:36,2025-09-26 08:18:36,2025-09-26 04:06:36,2025-09-26 04:18:36
2025-09-26,"2025-09-26T08:18:36.0","2025-09-26T08:23:36.0",3,12,2025-09-26 08:18:36,2025-09-26 08:23:36,2025-09-26 04:18:36,2025-09-26 04:23:36
2025-09-26,"2025-09-26T08:23:36.0","2025-09-26T08:56:36.0",1,13,2025-09-26 08:23:36,2025-09-26 08:56:36,2025-09-26 04:23:36,2025-09-26 04:56:36
2025-09-27,"2025-09-27T05:48:20.0","2025-09-27T05:58:20.0",1,1,2025-09-27 05:48:20,2025-09-27 05:58:20,2025-09-27 01:48:20,2025-09-27 01:58:20
2025-09-27,"2025-09-27T05:58:20.0","2025-09-27T06:28:20.0",0,2,2025-09-27 05:58:20,2025-09-27 06:28:20,2025-09-27 01:58:20,2025-09-27 02:28:20
2025-09-27,"2025-09-27T06:28:20.0","2025-09-27T07:53:20.0",1,3,2025-09-27 06:28:20,2025-09-27 07:53:20,2025-09-27 02:28:20,2025-09-27 03:53:20
2025-09-27,"2025-09-27T07:53:20.0","2025-09-27T08:11:20.0",0,4,2025-09-27 07:53:20,2025-09-27 08:11:20,2025-09-27 03:53:20,2025-09-27 04:11:20
2025-09-27,"2025-09-27T08:11:20.0","2025-09-27T08:20:20.0",3,5,2025-09-27 08:11:20,2025-09-27 08:20:20,2025-09-27 04:11:20,2025-09-27 04:20:20
2025-09-27,"2025-09-27T08:20:20.0","2025-09-27T08:38:20.0",1,6,2025-09-27 08:20:20,2025-09-27 08:38:20,2025-09-27 04:20:20,2025-09-27 04:38:20
2025-09-27,"2025-09-27T08:38:20.0","2025-09-27T08:44:20.0",0,7,2025-09-27 08:38:20,2025-09-27 08:44:20,2025-09-27 04:38:20,2025-09-27 04:44:20
2025-09-27,"2025-09-27T08:44:20.0","2025-09-27T09:09:20.0",1,8,2025-09-27 08:44:20,2025-09-27 09:09:20,2025-09-27 04:44:20,2025-09-27 05:09:20
2025-09-27,"2025-09-27T09:09:20.0","2025-09-27T09:19:20.0",0,9,2025-09-27 09:09:20,2025-09-27 09:19:20,2025-09-27 05:09:20,2025-09-27 05:19:20
2025-09-27,"2025-09-27T09:19:20.0","2025-09-27T09:37:20.0",1,10,2025-09-27 09:19:20,2025-09-27 09:37:20,2025-09-27 05:19:20,2025-09-27 05:37:20
2025-09-27,"2025-09-27T09:37:20.0","2025-09-27T09:44:20.0",0,11,2025-09-27 09:37:20,2025-09-27 09:44:20,2025-09-27 05:37:20,2025-09-27 05:44:20
2025-09-27,"2025-09-27T09:44:20.0","2025-09-27T10:15:20.0",1,12,2025-09-27 09:44:20,2025-09-27 10:15:20,2025-09-27 05:44:20,2025-09-27 06:15:20
2025-09-27,"2025-09-27T10:15:20.0","2025-09-27T10:47:20.0",2,13,2025-09-27 10:15:20,2025-09-27 10:47:20,2025-09-27 06:15:20,2025-09-27 06:47:20
2025-09-27,"2025-09-27T10:47:20.0","2025-09-27T11:40:20.0",1,14,2025-09-27 10:47:20,2025-09-27 11:40:20,2025-09-27 06:47:20,2025-09-27 07:40:20
2025-09-27,"2025-09-27T11:40:20.0","2025-09-27T11:41:20.0",3,15,2025-09-27 11:40:20,2025-09-27 11:41:20,2025-09-27 07:40:20,2025-09-27 07:41:20
2025-09-27,"2025-09-27T11:41:20.0","2025-09-27T11:54:20.0",1,16,2025-09-27 11:41:20,2025-09-27 11:54:20,2025-09-27 07:41:20,2025-09-27 07:54:20
2025-09-27,"2025-09-27T11:54:20.0","2025-09-27T12:23:20.0",2,17,2025-09-27 11:54:20,2025-09-27 12:23:20,2025-09-27 07:54:20,2025-09-27 08:23:20
2025-09-28,"2025-09-28T04:59:22.0","2025-09-28T05:14:22.0",1,1,2025-09-28 04:59:22,2025-09-28 05:14:22,2025-09-28 00:59:22,2025-09-28 01:14:22
2025-09-28,"2025-09-28T05:14:22.0","2025-09-28T05:41:22.0",0,2,2025-09-28 05:14:22,2025-09-28 05:41:22,2025-09-28 01:14:22,2025-09-28 01:41:22
2025-09-28,"2025-09-28T05:41:22.0","2025-09-28T06:42:22.0",1,3,2025-09-28 05:41:22,2025-09-28 06:42:22,2025-09-28 01:41:22,2025-09-28 02:42:22
2025-09-28,"2025-09-28T06:42:22.0","2025-09-28T06:52:22.0",2,4,2025-09-28 06:42:22,2025-09-28 06:52:22,2025-09-28 02:42:22,2025-09-28 02:52:22
2025-09-28,"2025-09-28T06:52:22.0","2025-09-28T07:34:22.0",1,5,2025-09-28 06:52:22,2025-09-28 07:34:22,2025-09-28 02:52:22,2025-09-28 03:34:22
2025-09-28,"2025-09-28T07:34:22.0","2025-09-28T07:46:22.0",2,6,2025-09-28 07:34:22,2025-09-28 07:46:22,2025-09-28 03:34:22,2025-09-28 03:46:22
2025-09-28,"2025-09-28T07:46:22.0","2025-09-28T08:00:22.0",1,7,2025-09-28 07:46:22,2025-09-28 08:00:22,2025-09-28 03:46:22,2025-09-28 04:00:22
2025-09-28,"2025-09-28T08:00:22.0","2025-09-28T08:23:22.0",0,8,2025-09-28 08:00:22,2025-09-28 08:23:22,2025-09-28 04:00:22,2025-09-28 04:23:22
2025-09-28,"2025-09-28T08:23:22.0","2025-09-28T08:37:22.0",1,9,2025-09-28 08:23:22,2025-09-28 08:37:22,2025-09-28 04:23:22,2025-09-28 04:37:22
2025-09-28,"2025-09-28T08:37:22.0","2025-09-28T08:58:22.0",2,10,2025-09-28 08:37:22,2025-09-28 08:58:22,2025-09-28 04:37:22,2025-09-28 04:58:22
2025-09-28,"2025-09-28T08:58:22.0","2025-09-28T09:08:22.0",1,11,2025-09-28 08:58:22,2025-09-28 09:08:22,2025-09-28 04:58:22,2025-09-28 05:08:22
2025-09-28,"2025-09-28T09:08:22.0","2025-09-28T09:23:22.0",0,12,2025-09-28 09:08:22,2025-09-28 09:23:22,2025-09-28 05:08:22,2025-09-28 05:23:22
2025-09-28,"2025-09-28T09:23:22.0","2025-09-28T11:42:22.0",1,13,2025-09-28 09:23:22,2025-09-28 11:42:22,2025-09-28 05:23:22,2025-09-28 07:42:22
2025-09-28,"2025-09-28T11:42:22.0","2025-09-28T11:58:22.0",2,14,2025-09-28 11:42:22,2025-09-28 11:58:22,2025-09-28 07:42:22,2025-09-28 07:58:22
2025-09-29,"2025-09-29T05:00:47.0","2025-09-29T05:14:47.0",1,1,2025-09-29 05:00:47,2025-09-29 05:14:47,2025-09-29 01:00:47,2025-09-29 01:14:47
2025-09-29,"2025-09-29T05:14:47.0","2025-09-29T06:06:47.0",0,2,2025-09-29 05:14:47,2025-09-29 06:06:47,2025-09-29 01:14:47,2025-09-29 02:06:47
2025-09-29,"2025-09-29T06:06:47.0","2025-09-29T06:36:47.0",1,3,2025-09-29 06:06:47,2025-09-29 06:36:47,2025-09-29 02:06:47,2025-09-29 02:36:47
2025-09-29,"2025-09-29T06:36:47.0","2025-09-29T07:19:47.0",0,4,2025-09-29 06:36:47,2025-09-29 07:19:47,2025-09-29 02:36:47,2025-09-29 03:19:47
2025-09-29,"2025-09-29T07:19:47.0","2025-09-29T08:27:47.0",1,5,2025-09-29 07:19:47,2025-09-29 08:27:47,2025-09-29 03:19:47,2025-09-29 04:27:47
2025-09-29,"2025-09-29T08:27:47.0","2025-09-29T08:32:47.0",0,6,2025-09-29 08:27:47,2025-09-29 08:32:47,2025-09-29 04:27:47,2025-09-29 04:32:47
2025-09-29,"2025-09-29T08:32:47.0","2025-09-29T08:39:47.0",1,7,2025-09-29 08:32:47,2025-09-29 08:39:47,2025-09-29 04:32:47,2025-09-29 04:39:47
2025-09-29,"2025-09-29T08:39:47.0","2025-09-29T08:57:47.0",0,8,2025-09-29 08:39:47,2025-09-29 08:57:47,2025-09-29 04:39:47,2025-09-29 04:57:47
2025-09-29,"2025-09-29T08:57:47.0","2025-09-29T09:30:47.0",1,9,2025-09-29 08:57:47,2025-09-29 09:30:47,2025-09-29 04:57:47,2025-09-29 05:30:47
2025-09-29,"2025-09-29T09:30:47.0","2025-09-29T09:52:47.0",2,10,2025-09-29 09:30:47,2025-09-29 09:52:47,2025-09-29 05:30:47,2025-09-29 05:52:47
2025-09-29,"2025-09-29T09:52:47.0","2025-09-29T10:32:47.0",1,11,2025-09-29 09:52:47,2025-09-29 10:32:47,2025-09-29 05:52:47,2025-09-29 06:32:47
2025-09-29,"2025-09-29T10:32:47.0","2025-09-29T10:49:27.0",2,12,2025-09-29 10:32:47,2025-09-29 10:49:27,2025-09-29 06:32:47,2025-09-29 06:49:27
2025-09-30,"2025-09-30T02:39:27.0","2025-09-30T02:52:27.0",1,1,2025-09-30 02:39:27,2025-09-30 02:52:27,2025-09-29 22:39:27,2025-09-29 22:52:27
2025-09-30,"2025-09-30T02:52:27.0","2025-09-30T03:15:27.0",0,2,2025-09-30 02:52:27,2025-09-30 03:15:27,2025-09-29 22:52:27,2025-09-29 23:15:27
2025-09-30,"2025-09-30T03:15:27.0","2025-09-30T03:26:27.0",1,3,2025-09-30 03:15:27,2025-09-30 03:26:27,2025-09-29 23:15:27,2025-09-29 23:26:27
2025-09-30,"2025-09-30T03:26:27.0","2025-09-30T03:56:27.0",0,4,2025-09-30 03:26:27,2025-09-30 03:56:27,2025-09-29 23:26:27,2025-09-29 23:56:27
2025-09-30,"2025-09-30T03:56:27.0","2025-09-30T04:11:27.0",1,5,2025-09-30 03:56:27,2025-09-30 04:11:27,2025-09-29 23:56:27,2025-09-30 00:11:27
2025-09-30,"2025-09-30T04:11:27.0","2025-09-30T04:55:27.0",0,6,2025-09-30 04:11:27,2025-09-30 04:55:27,2025-09-30 00:11:27,2025-09-30 00:55:27
2025-09-30,"2025-09-30T04:55:27.0","2025-09-30T05:03:27.0",1,7,2025-09-30 04:55:27,2025-09-30 05:03:27,2025-09-30 00:55:27,2025-09-30 01:03:27
2025-09-30,"2025-09-30T05:03:27.0","2025-09-30T05:27:27.0",0,8,2025-09-30 05:03:27,2025-09-30 05:27:27,2025-09-30 01:03:27,2025-09-30 01:27:27
2025-09-30,"2025-09-30T05:27:27.0","2025-09-30T05:59:27.0",1,9,2025-09-30 05:27:27,2025-09-30 05:59:27,2025-09-30 01:27:27,2025-09-30 01:59:27
2025-09-30,"2025-09-30T05:59:27.0","2025-09-30T06:04:27.0",0,10,2025-09-30 05:59:27,2025-09-30 06:04:27,2025-09-30 01:59:27,2025-09-30 02:04:27
2025-09-30,"2025-09-30T06:04:27.0","2025-09-30T06:08:27.0",1,11,2025-09-30 06:04:27,2025-09-30 06:08:27,2025-09-30 02:04:27,2025-09-30 02:08:27
2025-09-30,"2025-09-30T06:08:27.0","2025-09-30T07:18:27.0",2,12,2025-09-30 06:08:27,2025-09-30 07:18:27,2025-09-30 02:08:27,2025-09-30 03:18:27
2025-09-30,"2025-09-30T07:18:27.0","2025-09-30T07:23:27.0",3,13,2025-09-30 07:18:27,2025-09-30 07:23:27,2025-09-30 03:18:27,2025-09-30 03:23:27
2025-09-30,"2025-09-30T07:23:27.0","2025-09-30T07:41:27.0",1,14,2025-09-30 07:23:27,2025-09-30 07:41:27,2025-09-30 03:23:27,2025-09-30 03:41:27
2025-10-01,"2025-10-01T01:42:34.0","2025-10-01T01:51:34.0",1,1,2025-10-01 01:42:34,2025-10-01 01:51:34,2025-09-30 21:42:34,2025-09-30 21:51:34
2025-10-01,"2025-10-01T01:51:34.0","2025-10-01T02:48:34.0",0,2,2025-10-01 01:51:34,2025-10-01 02:48:34,2025-09-30 21:51:34,2025-09-30 22:48:34
2025-10-01,"2025-10-01T02:48:34.0","2025-10-01T03:16:34.0",1,3,2025-10-01 02:48:34,2025-10-01 03:16:34,2025-09-30 22:48:34,2025-09-30 23:16:34
2025-10-01,"2025-10-01T03:16:34.0","2025-10-01T03:43:34.0",0,4,2025-10-01 03:16:34,2025-10-01 03:43:34,2025-09-30 23:16:34,2025-09-30 23:43:34
2025-10-01,"2025-10-01T03:43:34.0","2025-10-01T03:51:34.0",1,5,2025-10-01 03:43:34,2025-10-01 03:51:34,2025-09-30 23:43:34,2025-09-30 23:51:34
2025-10-01,"2025-10-01T03:51:34.0","2025-10-01T04:20:34.0",0,6,2025-10-01 03:51:34,2025-10-01 04:20:34,2025-09-30 23:51:34,2025-10-01 00:20:34
2025-10-01,"2025-10-01T04:20:34.0","2025-10-01T04:23:34.0",3,7,2025-10-01 04:20:34,2025-10-01 04:23:34,2025-10-01 00:20:34,2025-10-01 00:23:34
2025-10-01,"2025-10-01T04:23:34.0","2025-10-01T04:51:34.0",1,8,2025-10-01 04:23:34,2025-10-01 04:51:34,2025-10-01 00:23:34,2025-10-01 00:51:34
2025-10-01,"2025-10-01T04:51:34.0","2025-10-01T04:54:34.0",3,9,2025-10-01 04:51:34,2025-10-01 04:54:34,2025-10-01 00:51:34,2025-10-01 00:54:34
2025-10-01,"2025-10-01T04:54:34.0","2025-10-01T05:13:34.0",1,10,2025-10-01 04:54:34,2025-10-01 05:13:34,2025-10-01 00:54:34,2025-10-01 01:13:34
2025-10-01,"2025-10-01T05:13:34.0","2025-10-01T05:40:34.0",0,11,2025-10-01 05:13:34,2025-10-01 05:40:34,2025-10-01 01:13:34,2025-10-01 01:40:34
2025-10-01,"2025-10-01T05:40:34.0","2025-10-01T06:45:34.0",1,12,2025-10-01 05:40:34,2025-10-01 06:45:34,2025-10-01 01:40:34,2025-10-01 02:45:34
2025-10-01,"2025-10-01T06:45:34.0","2025-10-01T07:02:34.0",0,13,2025-10-01 06:45:34,2025-10-01 07:02:34,2025-10-01 02:45:34,2025-10-01 03:02:34
2025-10-01,"2025-10-01T07:02:34.0","2025-10-01T07:52:34.0",1,14,2025-10-01 07:02:34,2025-10-01 07:52:34,2025-10-01 03:02:34,2025-10-01 03:52:34
2025-10-01,"2025-10-01T07:52:34.0","2025-10-01T08:37:34.0",3,15,2025-10-01 07:52:34,2025-10-01 08:37:34,2025-10-01 03:52:34,2025-10-01 04:37:34
2025-10-01,"2025-10-01T08:37:34.0","2025-10-01T08:47:34.0",1,16,2025-10-01 08:37:34,2025-10-01 08:47:34,2025-10-01 04:37:34,2025-10-01 04:47:34
2025-10-01,"2025-10-01T08:47:34.0","2025-10-01T08:49:34.0",3,17,2025-10-01 08:47:34,2025-10-01 08:49:34,2025-10-01 04:47:34,2025-10-01 04:49:34
2025-10-01,"2025-10-01T08:49:34.0","2025-10-01T09:43:34.0",1,18,2025-10-01 08:49:34,2025-10-01 09:43:34,2025-10-01 04:49:34,2025-10-01 05:43:34
2025-10-01,"2025-10-01T09:43:34.0","2025-10-01T10:06:34.0",2,19,2025-10-01 09:43:34,2025-10-01 10:06:34,2025-10-01 05:43:34,2025-10-01 06:06:34
2025-10-01,"2025-10-01T10:06:34.0","2025-10-01T10:12:34.0",3,20,2025-10-01 10:06:34,2025-10-01 10:12:34,2025-10-01 06:06:34,2025-10-01 06:12:34
2025-10-01,"2025-10-01T10:12:34.0","2025-10-01T10:54:34.0",1,21,2025-10-01 10:12:34,2025-10-01 10:54:34,2025-10-01 06:12:34,2025-10-01 06:54:34
2025-10-01,"2025-10-01T10:54:34.0","2025-10-01T10:55:34.0",3,22,2025-10-01 10:54:34,2025-10-01 10:55:34,2025-10-01 06:54:34,2025-10-01 06:55:34
2025-10-01,"2025-10-01T10:55:34.0","2025-10-01T11:07:34.0",1,23,2025-10-01 10:55:34,2025-10-01 11:07:34,2025-10-01 06:55:34,2025-10-01 07:07:34
2025-10-01,"2025-10-01T11:07:34.0","2025-10-01T11:23:34.0",2,24,2025-10-01 11:07:34,2025-10-01 11:23:34,2025-10-01 07:07:34,2025-10-01 07:23:34
2025-10-02,"2025-10-02T02:25:02.0","2025-10-02T02:32:02.0",1,1,2025-10-02 02:25:02,2025-10-02 02:32:02,2025-10-01 22:25:02,2025-10-01 22:32:02
2025-10-02,"2025-10-02T02:32:02.0","2025-10-02T03:22:02.0",0,2,2025-10-02 02:32:02,2025-10-02 03:22:02,2025-10-01 22:32:02,2025-10-01 23:22:02
2025-10-02,"2025-10-02T03:22:02.0","2025-10-02T03:30:02.0",3,3,2025-10-02 03:22:02,2025-10-02 03:30:02,2025-10-01 23:22:02,2025-10-01 23:30:02
2025-10-02,"2025-10-02T03:30:02.0","2025-10-02T03:42:02.0",1,4,2025-10-02 03:30:02,2025-10-02 03:42:02,2025-10-01 23:30:02,2025-10-01 23:42:02
2025-10-02,"2025-10-02T03:42:02.0","2025-10-02T04:34:02.0",0,5,2025-10-02 03:42:02,2025-10-02 04:34:02,2025-10-01 23:42:02,2025-10-02 00:34:02
2025-10-02,"2025-10-02T04:34:02.0","2025-10-02T04:48:02.0",1,6,2025-10-02 04:34:02,2025-10-02 04:48:02,2025-10-02 00:34:02,2025-10-02 00:48:02
2025-10-02,"2025-10-02T04:48:02.0","2025-10-02T05:11:02.0",2,7,2025-10-02 04:48:02,2025-10-02 05:11:02,2025-10-02 00:48:02,2025-10-02 01:11:02
2025-10-02,"2025-10-02T05:11:02.0","2025-10-02T06:02:02.0",1,8,2025-10-02 05:11:02,2025-10-02 06:02:02,2025-10-02 01:11:02,2025-10-02 02:02:02
2025-10-02,"2025-10-02T06:02:02.0","2025-10-02T06:20:02.0",0,9,2025-10-02 06:02:02,2025-10-02 06:20:02,2025-10-02 02:02:02,2025-10-02 02:20:02
2025-10-02,"2025-10-02T06:20:02.0","2025-10-02T06:34:02.0",1,10,2025-10-02 06:20:02,2025-10-02 06:34:02,2025-10-02 02:20:02,2025-10-02 02:34:02
2025-10-02,"2025-10-02T06:34:02.0","2025-10-02T07:05:02.0",2,11,2025-10-02 06:34:02,2025-10-02 07:05:02,2025-10-02 02:34:02,2025-10-02 03:05:02
2025-10-02,"2025-10-02T07:05:02.0","2025-10-02T08:00:02.0",1,12,2025-10-02 07:05:02,2025-10-02 08:00:02,2025-10-02 03:05:02,2025-10-02 04:00:02
2025-10-02,"2025-10-02T08:00:02.0","2025-10-02T08:10:02.0",2,13,2025-10-02 08:00:02,2025-10-02 08:10:02,2025-10-02 04:00:02,2025-10-02 04:10:02
2025-10-02,"2025-10-02T08:10:02.0","2025-10-02T09:23:02.0",1,14,2025-10-02 08:10:02,2025-10-02 09:23:02,2025-10-02 04:10:02,2025-10-02 05:23:02
2025-10-02,"2025-10-02T09:23:02.0","2025-10-02T09:26:02.0",3,15,2025-10-02 09:23:02,2025-10-02 09:26:02,2025-10-02 05:23:02,2025-10-02 05:26:02
2025-10-02,"2025-10-02T09:26:02.0","2025-10-02T09:38:02.0",1,16,2025-10-02 09:26:02,2025-10-02 09:38:02,2025-10-02 05:26:02,2025-10-02 05:38:02
2025-10-03,"2025-10-03T03:10:43.0","2025-10-03T03:12:43.0",1,1,2025-10-03 03:10:43,2025-10-03 03:12:43,2025-10-02 23:10:43,2025-10-02 23:12:43
2025-10-03,"2025-10-03T03:12:43.0","2025-10-03T03:21:43.0",0,2,2025-10-03 03:12:43,2025-10-03 03:21:43,2025-10-02 23:12:43,2025-10-02 23:21:43
2025-10-03,"2025-10-03T03:21:43.0","2025-10-03T03:26:43.0",3,3,2025-10-03 03:21:43,2025-10-03 03:26:43,2025-10-02 23:21:43,2025-10-02 23:26:43
2025-10-03,"2025-10-03T03:26:43.0","2025-10-03T03:51:43.0",1,4,2025-10-03 03:26:43,2025-10-03 03:51:43,2025-10-02 23:26:43,2025-10-02 23:51:43
2025-10-03,"2025-10-03T03:51:43.0","2025-10-03T04:18:43.0",0,5,2025-10-03 03:51:43,2025-10-03 04:18:43,2025-10-02 23:51:43,2025-10-03 00:18:43
2025-10-03,"2025-10-03T04:18:43.0","2025-10-03T04:54:43.0",1,6,2025-10-03 04:18:43,2025-10-03 04:54:43,2025-10-03 00:18:43,2025-10-03 00:54:43
2025-10-03,"2025-10-03T04:54:43.0","2025-10-03T04:59:43.0",3,7,2025-10-03 04:54:43,2025-10-03 04:59:43,2025-10-03 00:54:43,2025-10-03 00:59:43
2025-10-03,"2025-10-03T04:59:43.0","2025-10-03T05:08:43.0",1,8,2025-10-03 04:59:43,2025-10-03 05:08:43,2025-10-03 00:59:43,2025-10-03 01:08:43
2025-10-03,"2025-10-03T05:08:43.0","2025-10-03T05:55:43.0",0,9,2025-10-03 05:08:43,2025-10-03 05:55:43,2025-10-03 01:08:43,2025-10-03 01:55:43
2025-10-03,"2025-10-03T05:55:43.0","2025-10-03T05:58:43.0",3,10,2025-10-03 05:55:43,2025-10-03 05:58:43,2025-10-03 01:55:43,2025-10-03 01:58:43
2025-10-03,"2025-10-03T05:58:43.0","2025-10-03T06:28:43.0",1,11,2025-10-03 05:58:43,2025-10-03 06:28:43,2025-10-03 01:58:43,2025-10-03 02:28:43
2025-10-03,"2025-10-03T06:28:43.0","2025-10-03T06:56:43.0",3,12,2025-10-03 06:28:43,2025-10-03 06:56:43,2025-10-03 02:28:43,2025-10-03 02:56:43
2025-10-03,"2025-10-03T06:56:43.0","2025-10-03T07:11:43.0",1,13,2025-10-03 06:56:43,2025-10-03 07:11:43,2025-10-03 02:56:43,2025-10-03 03:11:43
2025-10-03,"2025-10-03T07:11:43.0","2025-10-03T07:16:43.0",3,14,2025-10-03 07:11:43,2025-10-03 07:16:43,2025-10-03 03:11:43,2025-10-03 03:16:43
2025-10-03,"2025-10-03T07:16:43.0","2025-10-03T08:08:43.0",1,15,2025-10-03 07:16:43,2025-10-03 08:08:43,2025-10-03 03:16:43,2025-10-03 04:08:43
2025-10-03,"2025-10-03T08:08:43.0","2025-10-03T08:24:43.0",0,16,2025-10-03 08:08:43,2025-10-03 08:24:43,2025-10-03 04:08:43,2025-10-03 04:24:43
2025-10-03,"2025-10-03T08:24:43.0","2025-10-03T08:25:43.0",3,17,2025-10-03 08:24:43,2025-10-03 08:25:43,2025-10-03 04:24:43,2025-10-03 04:25:43
2025-10-03,"2025-10-03T08:25:43.0","2025-10-03T08:41:43.0",1,18,2025-10-03 08:25:43,2025-10-03 08:41:43,2025-10-03 04:25:43,2025-10-03 04:41:43
2025-10-03,"2025-10-03T08:41:43.0","2025-10-03T08:51:43.0",2,19,2025-10-03 08:41:43,2025-10-03 08:51:43,2025-10-03 04:41:43,2025-10-03 04:51:43
2025-10-03,"2025-10-03T08:51:43.0","2025-10-03T10:06:43.0",1,20,2025-10-03 08:51:43,2025-10-03 10:06:43,2025-10-03 04:51:43,2025-10-03 06:06:43
2025-10-03,"2025-10-03T10:06:43.0","2025-10-03T10:36:43.0",2,21,2025-10-03 10:06:43,2025-10-03 10:36:43,2025-10-03 06:06:43,2025-10-03 06:36:43
2025-10-04,"2025-10-04T03:36:44.0","2025-10-04T03:55:44.0",1,1,2025-10-04 03:36:44,2025-10-04 03:55:44,2025-10-03 23:36:44,2025-10-03 23:55:44
2025-10-04,"2025-10-04T03:55:44.0","2025-10-04T04:27:44.0",0,2,2025-10-04 03:55:44,2025-10-04 04:27:44,2025-10-03 23:55:44,2025-10-04 00:27:44
2025-10-04,"2025-10-04T04:27:44.0","2025-10-04T05:22:44.0",1,3,2025-10-04 04:27:44,2025-10-04 05:22:44,2025-10-04 00:27:44,2025-10-04 01:22:44
2025-10-04,"2025-10-04T05:22:44.0","2025-10-04T05:23:44.0",3,4,2025-10-04 05:22:44,2025-10-04 05:23:44,2025-10-04 01:22:44,2025-10-04 01:23:44
2025-10-04,"2025-10-04T05:23:44.0","2025-10-04T05:31:44.0",1,5,2025-10-04 05:23:44,2025-10-04 05:31:44,2025-10-04 01:23:44,2025-10-04 01:31:44
2025-10-04,"2025-10-04T05:31:44.0","2025-10-04T06:09:44.0",0,6,2025-10-04 05:31:44,2025-10-04 06:09:44,2025-10-04 01:31:44,2025-10-04 02:09:44
2025-10-04,"2025-10-04T06:09:44.0","2025-10-04T07:49:44.0",1,7,2025-10-04 06:09:44,2025-10-04 07:49:44,2025-10-04 02:09:44,2025-10-04 03:49:44
2025-10-04,"2025-10-04T07:49:44.0","2025-10-04T08:10:44.0",0,8,2025-10-04 07:49:44,2025-10-04 08:10:44,2025-10-04 03:49:44,2025-10-04 04:10:44
2025-10-04,"2025-10-04T08:10:44.0","2025-10-04T08:52:44.0",1,9,2025-10-04 08:10:44,2025-10-04 08:52:44,2025-10-04 04:10:44,2025-10-04 04:52:44
2025-10-04,"2025-10-04T08:52:44.0","2025-10-04T09:05:44.0",2,10,2025-10-04 08:52:44,2025-10-04 09:05:44,2025-10-04 04:52:44,2025-10-04 05:05:44
2025-10-04,"2025-10-04T09:05:44.0","2025-10-04T09:18:44.0",1,11,2025-10-04 09:05:44,2025-10-04 09:18:44,2025-10-04 05:05:44,2025-10-04 05:18:44
2025-10-04,"2025-10-04T09:18:44.0","2025-10-04T09:40:44.0",2,12,2025-10-04 09:18:44,2025-10-04 09:40:44,2025-10-04 05:18:44,2025-10-04 05:40:44
2025-10-04,"2025-10-04T09:40:44.0","2025-10-04T09:54:44.0",1,13,2025-10-04 09:40:44,2025-10-04 09:54:44,2025-10-04 05:40:44,2025-10-04 05:54:44
2025-10-04,"2025-10-04T09:54:44.0","2025-10-04T10:01:44.0",3,14,2025-10-04 09:54:44,2025-10-04 10:01:44,2025-10-04 05:54:44,2025-10-04 06:01:44
2025-10-04,"2025-10-04T10:01:44.0","2025-10-04T10:17:44.0",1,15,2025-10-04 10:01:44,2025-10-04 10:17:44,2025-10-04 06:01:44,2025-10-04 06:17:44
2025-10-04,"2025-10-04T10:17:44.0","2025-10-04T10:22:44.0",0,16,2025-10-04 10:17:44,2025-10-04 10:22:44,2025-10-04 06:17:44,2025-10-04 06:22:44
2025-10-04,"2025-10-04T10:22:44.0","2025-10-04T11:01:44.0",1,17,2025-10-04 10:22:44,2025-10-04 11:01:44,2025-10-04 06:22:44,2025-10-04 07:01:44
2025-10-04,"2025-10-04T11:01:44.0","2025-10-04T11:32:44.0",2,18,2025-10-04 11:01:44,2025-10-04 11:32:44,2025-10-04 07:01:44,2025-10-04 07:32:44
2025-10-05,"2025-10-05T03:49:09.0","2025-10-05T03:59:09.0",1,1,2025-10-05 03:49:09,2025-10-05 03:59:09,2025-10-04 23:49:09,2025-10-04 23:59:09
2025-10-05,"2025-10-05T03:59:09.0","2025-10-05T04:30:09.0",0,2,2025-10-05 03:59:09,2025-10-05 04:30:09,2025-10-04 23:59:09,2025-10-05 00:30:09
2025-10-05,"2025-10-05T04:30:09.0","2025-10-05T05:56:09.0",1,3,2025-10-05 04:30:09,2025-10-05 05:56:09,2025-10-05 00:30:09,2025-10-05 01:56:09
2025-10-05,"2025-10-05T05:56:09.0","2025-10-05T05:57:09.0",3,4,2025-10-05 05:56:09,2025-10-05 05:57:09,2025-10-05 01:56:09,2025-10-05 01:57:09
2025-10-05,"2025-10-05T05:57:09.0","2025-10-05T06:16:09.0",1,5,2025-10-05 05:57:09,2025-10-05 06:16:09,2025-10-05 01:57:09,2025-10-05 02:16:09
2025-10-05,"2025-10-05T06:16:09.0","2025-10-05T06:49:09.0",0,6,2025-10-05 06:16:09,2025-10-05 06:49:09,2025-10-05 02:16:09,2025-10-05 02:49:09
2025-10-05,"2025-10-05T06:49:09.0","2025-10-05T07:59:09.0",1,7,2025-10-05 06:49:09,2025-10-05 07:59:09,2025-10-05 02:49:09,2025-10-05 03:59:09
2025-10-05,"2025-10-05T07:59:09.0","2025-10-05T08:17:09.0",0,8,2025-10-05 07:59:09,2025-10-05 08:17:09,2025-10-05 03:59:09,2025-10-05 04:17:09
2025-10-05,"2025-10-05T08:17:09.0","2025-10-05T09:32:09.0",1,9,2025-10-05 08:17:09,2025-10-05 09:32:09,2025-10-05 04:17:09,2025-10-05 05:32:09
2025-10-05,"2025-10-05T09:32:09.0","2025-10-05T09:34:09.0",3,10,2025-10-05 09:32:09,2025-10-05 09:34:09,2025-10-05 05:32:09,2025-10-05 05:34:09
2025-10-05,"2025-10-05T09:34:09.0","2025-10-05T10:39:09.0",1,11,2025-10-05 09:34:09,2025-10-05 10:39:09,2025-10-05 05:34:09,2025-10-05 06:39:09
2025-10-05,"2025-10-05T10:39:09.0","2025-10-05T10:53:09.0",3,12,2025-10-05 10:39:09,2025-10-05 10:53:09,2025-10-05 06:39:09,2025-10-05 06:53:09
2025-10-05,"2025-10-05T10:53:09.0","2025-10-05T11:10:09.0",1,13,2025-10-05 10:53:09,2025-10-05 11:10:09,2025-10-05 06:53:09,2025-10-05 07:10:09
2025-10-05,"2025-10-05T11:10:09.0","2025-10-05T11:17:09.0",0,14,2025-10-05 11:10:09,2025-10-05 11:17:09,2025-10-05 07:10:09,2025-10-05 07:17:09
2025-10-05,"2025-10-05T11:17:09.0","2025-10-05T11:18:09.0",3,15,2025-10-05 11:17:09,2025-10-05 11:18:09,2025-10-05 07:17:09,2025-10-05 07:18:09
2025-10-05,"2025-10-05T11:18:09.0","2025-10-05T12:05:09.0",1,16,2025-10-05 11:18:09,2025-10-05 12:05:09,2025-10-05 07:18:09,2025-10-05 08:05:09
2025-10-06,"2025-10-06T03:30:07.0","2025-10-06T03:47:07.0",1,1,2025-10-06 03:30:07,2025-10-06 03:47:07,2025-10-05 23:30:07,2025-10-05 23:47:07
2025-10-06,"2025-10-06T03:47:07.0","2025-10-06T04:10:07.0",0,2,2025-10-06 03:47:07,2025-10-06 04:10:07,2025-10-05 23:47:07,2025-10-06 00:10:07
2025-10-06,"2025-10-06T04:10:07.0","2025-10-06T04:12:07.0",3,3,2025-10-06 04:10:07,2025-10-06 04:12:07,2025-10-06 00:10:07,2025-10-06 00:12:07
2025-10-06,"2025-10-06T04:12:07.0","2025-10-06T04:46:07.0",1,4,2025-10-06 04:12:07,2025-10-06 04:46:07,2025-10-06 00:12:07,2025-10-06 00:46:07
2025-10-06,"2025-10-06T04:46:07.0","2025-10-06T04:57:07.0",0,5,2025-10-06 04:46:07,2025-10-06 04:57:07,2025-10-06 00:46:07,2025-10-06 00:57:07
2025-10-06,"2025-10-06T04:57:07.0","2025-10-06T05:51:07.0",1,6,2025-10-06 04:57:07,2025-10-06 05:51:07,2025-10-06 00:57:07,2025-10-06 01:51:07
2025-10-06,"2025-10-06T05:51:07.0","2025-10-06T06:04:07.0",0,7,2025-10-06 05:51:07,2025-10-06 06:04:07,2025-10-06 01:51:07,2025-10-06 02:04:07
2025-10-06,"2025-10-06T06:04:07.0","2025-10-06T07:20:07.0",1,8,2025-10-06 06:04:07,2025-10-06 07:20:07,2025-10-06 02:04:07,2025-10-06 03:20:07
2025-10-06,"2025-10-06T07:20:07.0","2025-10-06T07:27:07.0",0,9,2025-10-06 07:20:07,2025-10-06 07:27:07,2025-10-06 03:20:07,2025-10-06 03:27:07
2025-10-06,"2025-10-06T07:27:07.0","2025-10-06T07:52:07.0",1,10,2025-10-06 07:27:07,2025-10-06 07:52:07,2025-10-06 03:27:07,2025-10-06 03:52:07
2025-10-06,"2025-10-06T07:52:07.0","2025-10-06T07:59:07.0",3,11,2025-10-06 07:52:07,2025-10-06 07:59:07,2025-10-06 03:52:07,2025-10-06 03:59:07
2025-10-06,"2025-10-06T07:59:07.0","2025-10-06T09:55:07.0",1,12,2025-10-06 07:59:07,2025-10-06 09:55:07,2025-10-06 03:59:07,2025-10-06 05:55:07
2025-10-06,"2025-10-06T09:55:07.0","2025-10-06T10:08:07.0",2,13,2025-10-06 09:55:07,2025-10-06 10:08:07,2025-10-06 05:55:07,2025-10-06 06:08:07
2025-10-06,"2025-10-06T10:08:07.0","2025-10-06T10:30:29.0",1,14,2025-10-06 10:08:07,2025-10-06 10:30:29,2025-10-06 06:08:07,2025-10-06 06:30:29
2025-10-07,"2025-10-07T02:18:36.0","2025-10-07T02:24:36.0",1,1,2025-10-07 02:18:36,2025-10-07 02:24:36,2025-10-06 22:18:36,2025-10-06 22:24:36
2025-10-07,"2025-10-07T02:24:36.0","2025-10-07T03:14:36.0",0,2,2025-10-07 02:24:36,2025-10-07 03:14:36,2025-10-06 22:24:36,2025-10-06 23:14:36
2025-10-07,"2025-10-07T03:14:36.0","2025-10-07T03:55:36.0",1,3,2025-10-07 03:14:36,2025-10-07 03:55:36,2025-10-06 23:14:36,2025-10-06 23:55:36
2025-10-07,"2025-10-07T03:55:36.0","2025-10-07T04:03:36.0",3,4,2025-10-07 03:55:36,2025-10-07 04:03:36,2025-10-06 23:55:36,2025-10-07 00:03:36
2025-10-07,"2025-10-07T04:03:36.0","2025-10-07T04:15:36.0",1,5,2025-10-07 04:03:36,2025-10-07 04:15:36,2025-10-07 00:03:36,2025-10-07 00:15:36
2025-10-07,"2025-10-07T04:15:36.0","2025-10-07T04:18:36.0",3,6,2025-10-07 04:15:36,2025-10-07 04:18:36,2025-10-07 00:15:36,2025-10-07 00:18:36
2025-10-07,"2025-10-07T04:18:36.0","2025-10-07T04:58:36.0",1,7,2025-10-07 04:18:36,2025-10-07 04:58:36,2025-10-07 00:18:36,2025-10-07 00:58:36
2025-10-07,"2025-10-07T04:58:36.0","2025-10-07T05:00:36.0",3,8,2025-10-07 04:58:36,2025-10-07 05:00:36,2025-10-07 00:58:36,2025-10-07 01:00:36
2025-10-07,"2025-10-07T05:00:36.0","2025-10-07T05:24:36.0",1,9,2025-10-07 05:00:36,2025-10-07 05:24:36,2025-10-07 01:00:36,2025-10-07 01:24:36
2025-10-07,"2025-10-07T05:24:36.0","2025-10-07T05:33:36.0",0,10,2025-10-07 05:24:36,2025-10-07 05:33:36,2025-10-07 01:24:36,2025-10-07 01:33:36
2025-10-07,"2025-10-07T05:33:36.0","2025-10-07T05:52:36.0",1,11,2025-10-07 05:33:36,2025-10-07 05:52:36,2025-10-07 01:33:36,2025-10-07 01:52:36
2025-10-07,"2025-10-07T05:52:36.0","2025-10-07T06:02:36.0",0,12,2025-10-07 05:52:36,2025-10-07 06:02:36,2025-10-07 01:52:36,2025-10-07 02:02:36
2025-10-07,"2025-10-07T06:02:36.0","2025-10-07T06:36:36.0",1,13,2025-10-07 06:02:36,2025-10-07 06:36:36,2025-10-07 02:02:36,2025-10-07 02:36:36
2025-10-07,"2025-10-07T06:36:36.0","2025-10-07T06:44:36.0",2,14,2025-10-07 06:36:36,2025-10-07 06:44:36,2025-10-07 02:36:36,2025-10-07 02:44:36
2025-10-07,"2025-10-07T06:44:36.0","2025-10-07T06:55:36.0",1,15,2025-10-07 06:44:36,2025-10-07 06:55:36,2025-10-07 02:44:36,2025-10-07 02:55:36
2025-10-07,"2025-10-07T06:55:36.0","2025-10-07T07:08:36.0",0,16,2025-10-07 06:55:36,2025-10-07 07:08:36,2025-10-07 02:55:36,2025-10-07 03:08:36
2025-10-07,"2025-10-07T07:08:36.0","2025-10-07T07:14:36.0",1,17,2025-10-07 07:08:36,2025-10-07 07:14:36,2025-10-07 03:08:36,2025-10-07 03:14:36
2025-10-07,"2025-10-07T07:14:36.0","2025-10-07T07:15:36.0",3,18,2025-10-07 07:14:36,2025-10-07 07:15:36,2025-10-07 03:14:36,2025-10-07 03:15:36
2025-10-07,"2025-10-07T07:15:36.0","2025-10-07T07:50:36.0",1,19,2025-10-07 07:15:36,2025-10-07 07:50:36,2025-10-07 03:15:36,2025-10-07 03:50:36
2025-10-07,"2025-10-07T07:50:36.0","2025-10-07T07:57:36.0",0,20,2025-10-07 07:50:36,2025-10-07 07:57:36,2025-10-07 03:50:36,2025-10-07 03:57:36
2025-10-07,"2025-10-07T07:57:36.0","2025-10-07T08:18:36.0",1,21,2025-10-07 07:57:36,2025-10-07 08:18:36,2025-10-07 03:57:36,2025-10-07 04:18:36
2025-10-07,"2025-10-07T08:18:36.0","2025-10-07T08:53:36.0",2,22,2025-10-07 08:18:36,2025-10-07 08:53:36,2025-10-07 04:18:36,2025-10-07 04:53:36
2025-10-07,"2025-10-07T08:53:36.0","2025-10-07T08:54:36.0",3,23,2025-10-07 08:53:36,2025-10-07 08:54:36,2025-10-07 04:53:36,2025-10-07 04:54:36
2025-10-07,"2025-10-07T08:54:36.0","2025-10-07T09:56:36.0",1,24,2025-10-07 08:54:36,2025-10-07 09:56:36,2025-10-07 04:54:36,2025-10-07 05:56:36
2025-10-07,"2025-10-07T09:56:36.0","2025-10-07T10:35:36.0",2,25,2025-10-07 09:56:36,2025-10-07 10:35:36,2025-10-07 05:56:36,2025-10-07 06:35:36
2025-10-08,"2025-10-08T02:43:57.0","2025-10-08T02:44:57.0",1,1,2025-10-08 02:43:57,2025-10-08 02:44:57,2025-10-07 22:43:57,2025-10-07 22:44:57
2025-10-08,"2025-10-08T02:44:57.0","2025-10-08T03:00:57.0",0,2,2025-10-08 02:44:57,2025-10-08 03:00:57,2025-10-07 22:44:57,2025-10-07 23:00:57
2025-10-08,"2025-10-08T03:00:57.0","2025-10-08T03:06:57.0",1,3,2025-10-08 03:00:57,2025-10-08 03:06:57,2025-10-07 23:00:57,2025-10-07 23:06:57
2025-10-08,"2025-10-08T03:06:57.0","2025-10-08T03:12:57.0",0,4,2025-10-08 03:06:57,2025-10-08 03:12:57,2025-10-07 23:06:57,2025-10-07 23:12:57
2025-10-08,"2025-10-08T03:12:57.0","2025-10-08T03:39:57.0",1,5,2025-10-08 03:12:57,2025-10-08 03:39:57,2025-10-07 23:12:57,2025-10-07 23:39:57
2025-10-08,"2025-10-08T03:39:57.0","2025-10-08T03:43:57.0",3,6,2025-10-08 03:39:57,2025-10-08 03:43:57,2025-10-07 23:39:57,2025-10-07 23:43:57
2025-10-08,"2025-10-08T03:43:57.0","2025-10-08T04:07:57.0",1,7,2025-10-08 03:43:57,2025-10-08 04:07:57,2025-10-07 23:43:57,2025-10-08 00:07:57
2025-10-08,"2025-10-08T04:07:57.0","2025-10-08T04:27:57.0",0,8,2025-10-08 04:07:57,2025-10-08 04:27:57,2025-10-08 00:07:57,2025-10-08 00:27:57
2025-10-08,"2025-10-08T04:27:57.0","2025-10-08T05:18:57.0",1,9,2025-10-08 04:27:57,2025-10-08 05:18:57,2025-10-08 00:27:57,2025-10-08 01:18:57
2025-10-08,"2025-10-08T05:18:57.0","2025-10-08T05:25:57.0",3,10,2025-10-08 05:18:57,2025-10-08 05:25:57,2025-10-08 01:18:57,2025-10-08 01:25:57
2025-10-08,"2025-10-08T05:25:57.0","2025-10-08T05:35:57.0",1,11,2025-10-08 05:25:57,2025-10-08 05:35:57,2025-10-08 01:25:57,2025-10-08 01:35:57
2025-10-08,"2025-10-08T05:35:57.0","2025-10-08T05:53:57.0",0,12,2025-10-08 05:35:57,2025-10-08 05:53:57,2025-10-08 01:35:57,2025-10-08 01:53:57
2025-10-08,"2025-10-08T05:53:57.0","2025-10-08T05:54:57.0",3,13,2025-10-08 05:53:57,2025-10-08 05:54:57,2025-10-08 01:53:57,2025-10-08 01:54:57
2025-10-08,"2025-10-08T05:54:57.0","2025-10-08T06:45:57.0",1,14,2025-10-08 05:54:57,2025-10-08 06:45:57,2025-10-08 01:54:57,2025-10-08 02:45:57
2025-10-08,"2025-10-08T06:45:57.0","2025-10-08T07:02:57.0",0,15,2025-10-08 06:45:57,2025-10-08 07:02:57,2025-10-08 02:45:57,2025-10-08 03:02:57
2025-10-08,"2025-10-08T07:02:57.0","2025-10-08T07:39:57.0",1,16,2025-10-08 07:02:57,2025-10-08 07:39:57,2025-10-08 03:02:57,2025-10-08 03:39:57
2025-10-08,"2025-10-08T07:39:57.0","2025-10-08T07:49:57.0",3,17,2025-10-08 07:39:57,2025-10-08 07:49:57,2025-10-08 03:39:57,2025-10-08 03:49:57
2025-10-08,"2025-10-08T07:49:57.0","2025-10-08T07:59:57.0",1,18,2025-10-08 07:49:57,2025-10-08 07:59:57,2025-10-08 03:49:57,2025-10-08 03:59:57
2025-10-08,"2025-10-08T07:59:57.0","2025-10-08T08:20:57.0",2,19,2025-10-08 07:59:57,2025-10-08 08:20:57,2025-10-08 03:59:57,2025-10-08 04:20:57
2025-10-09,"2025-10-09T03:02:17.0","2025-10-09T03:05:17.0",1,1,2025-10-09 03:02:17,2025-10-09 03:05:17,2025-10-08 23:02:17,2025-10-08 23:05:17
2025-10-09,"2025-10-09T03:05:17.0","2025-10-09T04:19:17.0",0,2,2025-10-09 03:05:17,2025-10-09 04:19:17,2025-10-08 23:05:17,2025-10-09 00:19:17
2025-10-09,"2025-10-09T04:19:17.0","2025-10-09T04:31:17.0",1,3,2025-10-09 04:19:17,2025-10-09 04:31:17,2025-10-09 00:19:17,2025-10-09 00:31:17
2025-10-09,"2025-10-09T04:31:17.0","2025-10-09T04:42:17.0",2,4,2025-10-09 04:31:17,2025-10-09 04:42:17,2025-10-09 00:31:17,2025-10-09 00:42:17
2025-10-09,"2025-10-09T04:42:17.0","2025-10-09T05:37:17.0",1,5,2025-10-09 04:42:17,2025-10-09 05:37:17,2025-10-09 00:42:17,2025-10-09 01:37:17
2025-10-09,"2025-10-09T05:37:17.0","2025-10-09T06:05:17.0",0,6,2025-10-09 05:37:17,2025-10-09 06:05:17,2025-10-09 01:37:17,2025-10-09 02:05:17
2025-10-09,"2025-10-09T06:05:17.0","2025-10-09T06:58:17.0",1,7,2025-10-09 06:05:17,2025-10-09 06:58:17,2025-10-09 02:05:17,2025-10-09 02:58:17
2025-10-09,"2025-10-09T06:58:17.0","2025-10-09T07:13:17.0",0,8,2025-10-09 06:58:17,2025-10-09 07:13:17,2025-10-09 02:58:17,2025-10-09 03:13:17
2025-10-09,"2025-10-09T07:13:17.0","2025-10-09T07:22:17.0",1,9,2025-10-09 07:13:17,2025-10-09 07:22:17,2025-10-09 03:13:17,2025-10-09 03:22:17
2025-10-09,"2025-10-09T07:22:17.0","2025-10-09T08:07:17.0",2,10,2025-10-09 07:22:17,2025-10-09 08:07:17,2025-10-09 03:22:17,2025-10-09 04:07:17
2025-10-09,"2025-10-09T08:07:17.0","2025-10-09T09:09:17.0",1,11,2025-10-09 08:07:17,2025-10-09 09:09:17,2025-10-09 04:07:17,2025-10-09 05:09:17
2025-10-09,"2025-10-09T09:09:17.0","2025-10-09T10:05:17.0",2,12,2025-10-09 09:09:17,2025-10-09 10:05:17,2025-10-09 05:09:17,2025-10-09 06:05:17
2025-10-09,"2025-10-09T10:05:17.0","2025-10-09T10:28:17.0",1,13,2025-10-09 10:05:17,2025-10-09 10:28:17,2025-10-09 06:05:17,2025-10-09 06:28:17
2025-10-09,"2025-10-09T10:28:17.0","2025-10-09T10:42:57.0",2,14,2025-10-09 10:28:17,2025-10-09 10:42:57,2025-10-09 06:28:17,2025-10-09 06:42:57
2025-10-10,"2025-10-10T03:57:57.0","2025-10-10T04:24:57.0",1,1,2025-10-10 03:57:57,2025-10-10 04:24:57,2025-10-09 23:57:57,2025-10-10 00:24:57
2025-10-10,"2025-10-10T04:24:57.0","2025-10-10T05:01:57.0",0,2,2025-10-10 04:24:57,2025-10-10 05:01:57,2025-10-10 00:24:57,2025-10-10 01:01:57
2025-10-10,"2025-10-10T05:01:57.0","2025-10-10T05:18:57.0",1,3,2025-10-10 05:01:57,2025-10-10 05:18:57,2025-10-10 01:01:57,2025-10-10 01:18:57
2025-10-10,"2025-10-10T05:18:57.0","2025-10-10T05:32:57.0",2,4,2025-10-10 05:18:57,2025-10-10 05:32:57,2025-10-10 01:18:57,2025-10-10 01:32:57
2025-10-10,"2025-10-10T05:32:57.0","2025-10-10T05:51:57.0",1,5,2025-10-10 05:32:57,2025-10-10 05:51:57,2025-10-10 01:32:57,2025-10-10 01:51:57
2025-10-10,"2025-10-10T05:51:57.0","2025-10-10T06:20:57.0",0,6,2025-10-10 05:51:57,2025-10-10 06:20:57,2025-10-10 01:51:57,2025-10-10 02:20:57
2025-10-10,"2025-10-10T06:20:57.0","2025-10-10T06:28:57.0",1,7,2025-10-10 06:20:57,2025-10-10 06:28:57,2025-10-10 02:20:57,2025-10-10 02:28:57
2025-10-10,"2025-10-10T06:28:57.0","2025-10-10T06:55:57.0",2,8,2025-10-10 06:28:57,2025-10-10 06:55:57,2025-10-10 02:28:57,2025-10-10 02:55:57
2025-10-10,"2025-10-10T06:55:57.0","2025-10-10T07:10:57.0",3,9,2025-10-10 06:55:57,2025-10-10 07:10:57,2025-10-10 02:55:57,2025-10-10 03:10:57
2025-10-10,"2025-10-10T07:10:57.0","2025-10-10T07:38:57.0",1,10,2025-10-10 07:10:57,2025-10-10 07:38:57,2025-10-10 03:10:57,2025-10-10 03:38:57
2025-10-10,"2025-10-10T07:38:57.0","2025-10-10T07:49:57.0",0,11,2025-10-10 07:38:57,2025-10-10 07:49:57,2025-10-10 03:38:57,2025-10-10 03:49:57
2025-10-10,"2025-10-10T07:49:57.0","2025-10-10T08:03:57.0",1,12,2025-10-10 07:49:57,2025-10-10 08:03:57,2025-10-10 03:49:57,2025-10-10 04:03:57
2025-10-10,"2025-10-10T08:03:57.0","2025-10-10T08:31:57.0",2,13,2025-10-10 08:03:57,2025-10-10 08:31:57,2025-10-10 04:03:57,2025-10-10 04:31:57
2025-10-10,"2025-10-10T08:31:57.0","2025-10-10T09:50:57.0",1,14,2025-10-10 08:31:57,2025-10-10 09:50:57,2025-10-10 04:31:57,2025-10-10 05:50:57
2025-10-10,"2025-10-10T09:50:57.0","2025-10-10T10:01:57.0",2,15,2025-10-10 09:50:57,2025-10-10 10:01:57,2025-10-10 05:50:57,2025-10-10 06:01:57
2025-10-12,"2025-10-12T04:59:36.0","2025-10-12T05:04:36.0",1,1,2025-10-12 04:59:36,2025-10-12 05:04:36,2025-10-12 00:59:36,2025-10-12 01:04:36
2025-10-12,"2025-10-12T05:04:36.0","2025-10-12T05:49:36.0",0,2,2025-10-12 05:04:36,2025-10-12 05:49:36,2025-10-12 01:04:36,2025-10-12 01:49:36
2025-10-12,"2025-10-12T05:49:36.0","2025-10-12T06:37:36.0",1,3,2025-10-12 05:49:36,2025-10-12 06:37:36,2025-10-12 01:49:36,2025-10-12 02:37:36
2025-10-12,"2025-10-12T06:37:36.0","2025-10-12T06:48:36.0",0,4,2025-10-12 06:37:36,2025-10-12 06:48:36,2025-10-12 02:37:36,2025-10-12 02:48:36
2025-10-12,"2025-10-12T06:48:36.0","2025-10-12T07:12:36.0",1,5,2025-10-12 06:48:36,2025-10-12 07:12:36,2025-10-12 02:48:36,2025-10-12 03:12:36
2025-10-12,"2025-10-12T07:12:36.0","2025-10-12T07:13:36.0",3,6,2025-10-12 07:12:36,2025-10-12 07:13:36,2025-10-12 03:12:36,2025-10-12 03:13:36
2025-10-12,"2025-10-12T07:13:36.0","2025-10-12T07:24:36.0",1,7,2025-10-12 07:13:36,2025-10-12 07:24:36,2025-10-12 03:13:36,2025-10-12 03:24:36
2025-10-12,"2025-10-12T07:24:36.0","2025-10-12T07:44:36.0",0,8,2025-10-12 07:24:36,2025-10-12 07:44:36,2025-10-12 03:24:36,2025-10-12 03:44:36
2025-10-12,"2025-10-12T07:44:36.0","2025-10-12T08:03:36.0",1,9,2025-10-12 07:44:36,2025-10-12 08:03:36,2025-10-12 03:44:36,2025-10-12 04:03:36
2025-10-12,"2025-10-12T08:03:36.0","2025-10-12T08:26:36.0",2,10,2025-10-12 08:03:36,2025-10-12 08:26:36,2025-10-12 04:03:36,2025-10-12 04:26:36
2025-10-12,"2025-10-12T08:26:36.0","2025-10-12T08:48:36.0",1,11,2025-10-12 08:26:36,2025-10-12 08:48:36,2025-10-12 04:26:36,2025-10-12 04:48:36
2025-10-12,"2025-10-12T08:48:36.0","2025-10-12T08:53:36.0",0,12,2025-10-12 08:48:36,2025-10-12 08:53:36,2025-10-12 04:48:36,2025-10-12 04:53:36
2025-10-12,"2025-10-12T08:53:36.0","2025-10-12T09:30:36.0",1,13,2025-10-12 08:53:36,2025-10-12 09:30:36,2025-10-12 04:53:36,2025-10-12 05:30:36
2025-10-12,"2025-10-12T09:30:36.0","2025-10-12T09:35:36.0",2,14,2025-10-12 09:30:36,2025-10-12 09:35:36,2025-10-12 05:30:36,2025-10-12 05:35:36
2025-10-12,"2025-10-12T09:35:36.0","2025-10-12T10:34:36.0",1,15,2025-10-12 09:35:36,2025-10-12 10:34:36,2025-10-12 05:35:36,2025-10-12 06:34:36
2025-10-12,"2025-10-12T10:34:36.0","2025-10-12T10:38:36.0",3,16,2025-10-12 10:34:36,2025-10-12 10:38:36,2025-10-12 06:34:36,2025-10-12 06:38:36
2025-10-12,"2025-10-12T10:38:36.0","2025-10-12T11:30:36.0",1,17,2025-10-12 10:38:36,2025-10-12 11:30:36,2025-10-12 06:38:36,2025-10-12 07:30:36
2025-10-12,"2025-10-12T11:30:36.0","2025-10-12T11:41:36.0",2,18,2025-10-12 11:30:36,2025-10-12 11:41:36,2025-10-12 07:30:36,2025-10-12 07:41:36
2025-10-12,"2025-10-12T11:41:36.0","2025-10-12T11:47:36.0",3,19,2025-10-12 11:41:36,2025-10-12 11:47:36,2025-10-12 07:41:36,2025-10-12 07:47:36
2025-10-12,"2025-10-12T11:47:36.0","2025-10-12T11:56:36.0",1,20,2025-10-12 11:47:36,2025-10-12 11:56:36,2025-10-12 07:47:36,2025-10-12 07:56:36
2025-10-12,"2025-10-12T11:56:36.0","2025-10-12T12:24:36.0",2,21,2025-10-12 11:56:36,2025-10-12 12:24:36,2025-10-12 07:56:36,2025-10-12 08:24:36
2025-10-13,"2025-10-13T04:15:57.0","2025-10-13T04:27:57.0",1,1,2025-10-13 04:15:57,2025-10-13 04:27:57,2025-10-13 00:15:57,2025-10-13 00:27:57
2025-10-13,"2025-10-13T04:27:57.0","2025-10-13T05:01:57.0",0,2,2025-10-13 04:27:57,2025-10-13 05:01:57,2025-10-13 00:27:57,2025-10-13 01:01:57
2025-10-13,"2025-10-13T05:01:57.0","2025-10-13T05:19:57.0",1,3,2025-10-13 05:01:57,2025-10-13 05:19:57,2025-10-13 01:01:57,2025-10-13 01:19:57
2025-10-13,"2025-10-13T05:19:57.0","2025-10-13T05:42:57.0",2,4,2025-10-13 05:19:57,2025-10-13 05:42:57,2025-10-13 01:19:57,2025-10-13 01:42:57
2025-10-13,"2025-10-13T05:42:57.0","2025-10-13T07:02:57.0",1,5,2025-10-13 05:42:57,2025-10-13 07:02:57,2025-10-13 01:42:57,2025-10-13 03:02:57
2025-10-13,"2025-10-13T07:02:57.0","2025-10-13T07:13:57.0",2,6,2025-10-13 07:02:57,2025-10-13 07:13:57,2025-10-13 03:02:57,2025-10-13 03:13:57
2025-10-13,"2025-10-13T07:13:57.0","2025-10-13T07:27:57.0",1,7,2025-10-13 07:13:57,2025-10-13 07:27:57,2025-10-13 03:13:57,2025-10-13 03:27:57
2025-10-13,"2025-10-13T07:27:57.0","2025-10-13T07:51:57.0",0,8,2025-10-13 07:27:57,2025-10-13 07:51:57,2025-10-13 03:27:57,2025-10-13 03:51:57
2025-10-13,"2025-10-13T07:51:57.0","2025-10-13T08:07:57.0",1,9,2025-10-13 07:51:57,2025-10-13 08:07:57,2025-10-13 03:51:57,2025-10-13 04:07:57
2025-10-13,"2025-10-13T08:07:57.0","2025-10-13T08:53:57.0",2,10,2025-10-13 08:07:57,2025-10-13 08:53:57,2025-10-13 04:07:57,2025-10-13 04:53:57
2025-10-13,"2025-10-13T08:53:57.0","2025-10-13T09:26:57.0",1,11,2025-10-13 08:53:57,2025-10-13 09:26:57,2025-10-13 04:53:57,2025-10-13 05:26:57
2025-10-13,"2025-10-13T09:26:57.0","2025-10-13T09:35:57.0",2,12,2025-10-13 09:26:57,2025-10-13 09:35:57,2025-10-13 05:26:57,2025-10-13 05:35:57
2025-10-13,"2025-10-13T09:35:57.0","2025-10-13T09:42:57.0",1,13,2025-10-13 09:35:57,2025-10-13 09:42:57,2025-10-13 05:35:57,2025-10-13 05:42:57
2025-10-13,"2025-10-13T09:42:57.0","2025-10-13T10:13:47.0",2,14,2025-10-13 09:42:57,2025-10-13 10:13:47,2025-10-13 05:42:57,2025-10-13 06:13:47
2025-10-14,"2025-10-14T02:58:42.0","2025-10-14T03:06:42.0",1,1,2025-10-14 02:58:42,2025-10-14 03:06:42,2025-10-13 22:58:42,2025-10-13 23:06:42
2025-10-14,"2025-10-14T03:06:42.0","2025-10-14T04:02:42.0",0,2,2025-10-14 03:06:42,2025-10-14 04:02:42,2025-10-13 23:06:42,2025-10-14 00:02:42
2025-10-14,"2025-10-14T04:02:42.0","2025-10-14T04:06:42.0",3,3,2025-10-14 04:02:42,2025-10-14 04:06:42,2025-10-14 00:02:42,2025-10-14 00:06:42
2025-10-14,"2025-10-14T04:06:42.0","2025-10-14T04:24:42.0",1,4,2025-10-14 04:06:42,2025-10-14 04:24:42,2025-10-14 00:06:42,2025-10-14 00:24:42
2025-10-14,"2025-10-14T04:24:42.0","2025-10-14T04:25:42.0",3,5,2025-10-14 04:24:42,2025-10-14 04:25:42,2025-10-14 00:24:42,2025-10-14 00:25:42
2025-10-14,"2025-10-14T04:25:42.0","2025-10-14T04:30:42.0",1,6,2025-10-14 04:25:42,2025-10-14 04:30:42,2025-10-14 00:25:42,2025-10-14 00:30:42
2025-10-14,"2025-10-14T04:30:42.0","2025-10-14T04:46:42.0",0,7,2025-10-14 04:30:42,2025-10-14 04:46:42,2025-10-14 00:30:42,2025-10-14 00:46:42
2025-10-14,"2025-10-14T04:46:42.0","2025-10-14T05:05:42.0",1,8,2025-10-14 04:46:42,2025-10-14 05:05:42,2025-10-14 00:46:42,2025-10-14 01:05:42
2025-10-14,"2025-10-14T05:05:42.0","2025-10-14T05:24:42.0",2,9,2025-10-14 05:05:42,2025-10-14 05:24:42,2025-10-14 01:05:42,2025-10-14 01:24:42
2025-10-14,"2025-10-14T05:24:42.0","2025-10-14T05:30:42.0",3,10,2025-10-14 05:24:42,2025-10-14 05:30:42,2025-10-14 01:24:42,2025-10-14 01:30:42
2025-10-14,"2025-10-14T05:30:42.0","2025-10-14T05:48:42.0",1,11,2025-10-14 05:30:42,2025-10-14 05:48:42,2025-10-14 01:30:42,2025-10-14 01:48:42
2025-10-14,"2025-10-14T05:48:42.0","2025-10-14T06:19:42.0",0,12,2025-10-14 05:48:42,2025-10-14 06:19:42,2025-10-14 01:48:42,2025-10-14 02:19:42
2025-10-14,"2025-10-14T06:19:42.0","2025-10-14T06:29:42.0",1,13,2025-10-14 06:19:42,2025-10-14 06:29:42,2025-10-14 02:19:42,2025-10-14 02:29:42
2025-10-14,"2025-10-14T06:29:42.0","2025-10-14T07:01:42.0",2,14,2025-10-14 06:29:42,2025-10-14 07:01:42,2025-10-14 02:29:42,2025-10-14 03:01:42
2025-10-14,"2025-10-14T07:01:42.0","2025-10-14T07:10:42.0",1,15,2025-10-14 07:01:42,2025-10-14 07:10:42,2025-10-14 03:01:42,2025-10-14 03:10:42
2025-10-14,"2025-10-14T07:10:42.0","2025-10-14T07:17:42.0",2,16,2025-10-14 07:10:42,2025-10-14 07:17:42,2025-10-14 03:10:42,2025-10-14 03:17:42
2025-10-14,"2025-10-14T07:17:42.0","2025-10-14T07:38:42.0",1,17,2025-10-14 07:17:42,2025-10-14 07:38:42,2025-10-14 03:17:42,2025-10-14 03:38:42
2025-10-14,"2025-10-14T07:38:42.0","2025-10-14T08:02:42.0",0,18,2025-10-14 07:38:42,2025-10-14 08:02:42,2025-10-14 03:38:42,2025-10-14 04:02:42
2025-10-14,"2025-10-14T08:02:42.0","2025-10-14T08:30:42.0",1,19,2025-10-14 08:02:42,2025-10-14 08:30:42,2025-10-14 04:02:42,2025-10-14 04:30:42
2025-10-14,"2025-10-14T08:30:42.0","2025-10-14T09:06:42.0",2,20,2025-10-14 08:30:42,2025-10-14 09:06:42,2025-10-14 04:30:42,2025-10-14 05:06:42
2025-10-15,"2025-10-15T03:47:29.0","2025-10-15T04:00:29.0",1,1,2025-10-15 03:47:29,2025-10-15 04:00:29,2025-10-14 23:47:29,2025-10-15 00:00:29
2025-10-15,"2025-10-15T04:00:29.0","2025-10-15T04:23:29.0",0,2,2025-10-15 04:00:29,2025-10-15 04:23:29,2025-10-15 00:00:29,2025-10-15 00:23:29
2025-10-15,"2025-10-15T04:23:29.0","2025-10-15T04:34:29.0",1,3,2025-10-15 04:23:29,2025-10-15 04:34:29,2025-10-15 00:23:29,2025-10-15 00:34:29
2025-10-15,"2025-10-15T04:34:29.0","2025-10-15T04:42:29.0",3,4,2025-10-15 04:34:29,2025-10-15 04:42:29,2025-10-15 00:34:29,2025-10-15 00:42:29
2025-10-15,"2025-10-15T04:42:29.0","2025-10-15T04:52:29.0",1,5,2025-10-15 04:42:29,2025-10-15 04:52:29,2025-10-15 00:42:29,2025-10-15 00:52:29
2025-10-15,"2025-10-15T04:52:29.0","2025-10-15T05:15:29.0",0,6,2025-10-15 04:52:29,2025-10-15 05:15:29,2025-10-15 00:52:29,2025-10-15 01:15:29
2025-10-15,"2025-10-15T05:15:29.0","2025-10-15T06:16:29.0",1,7,2025-10-15 05:15:29,2025-10-15 06:16:29,2025-10-15 01:15:29,2025-10-15 02:16:29
2025-10-15,"2025-10-15T06:16:29.0","2025-10-15T06:26:29.0",0,8,2025-10-15 06:16:29,2025-10-15 06:26:29,2025-10-15 02:16:29,2025-10-15 02:26:29
2025-10-15,"2025-10-15T06:26:29.0","2025-10-15T06:47:29.0",1,9,2025-10-15 06:26:29,2025-10-15 06:47:29,2025-10-15 02:26:29,2025-10-15 02:47:29
2025-10-15,"2025-10-15T06:47:29.0","2025-10-15T07:03:29.0",2,10,2025-10-15 06:47:29,2025-10-15 07:03:29,2025-10-15 02:47:29,2025-10-15 03:03:29
2025-10-15,"2025-10-15T07:03:29.0","2025-10-15T07:26:29.0",1,11,2025-10-15 07:03:29,2025-10-15 07:26:29,2025-10-15 03:03:29,2025-10-15 03:26:29
2025-10-15,"2025-10-15T07:26:29.0","2025-10-15T07:48:29.0",3,12,2025-10-15 07:26:29,2025-10-15 07:48:29,2025-10-15 03:26:29,2025-10-15 03:48:29
2025-10-15,"2025-10-15T07:48:29.0","2025-10-15T09:20:29.0",1,13,2025-10-15 07:48:29,2025-10-15 09:20:29,2025-10-15 03:48:29,2025-10-15 05:20:29
2025-10-15,"2025-10-15T09:20:29.0","2025-10-15T09:42:29.0",2,14,2025-10-15 09:20:29,2025-10-15 09:42:29,2025-10-15 05:20:29,2025-10-15 05:42:29
2025-10-16,"2025-10-16T02:46:49.0","2025-10-16T02:50:49.0",1,1,2025-10-16 02:46:49,2025-10-16 02:50:49,2025-10-15 22:46:49,2025-10-15 22:50:49
2025-10-16,"2025-10-16T02:50:49.0","2025-10-16T03:40:49.0",0,2,2025-10-16 02:50:49,2025-10-16 03:40:49,2025-10-15 22:50:49,2025-10-15 23:40:49
2025-10-16,"2025-10-16T03:40:49.0","2025-10-16T03:53:49.0",1,3,2025-10-16 03:40:49,2025-10-16 03:53:49,2025-10-15 23:40:49,2025-10-15 23:53:49
2025-10-16,"2025-10-16T03:53:49.0","2025-10-16T03:59:49.0",2,4,2025-10-16 03:53:49,2025-10-16 03:59:49,2025-10-15 23:53:49,2025-10-15 23:59:49
2025-10-16,"2025-10-16T03:59:49.0","2025-10-16T04:05:49.0",1,5,2025-10-16 03:59:49,2025-10-16 04:05:49,2025-10-15 23:59:49,2025-10-16 00:05:49
2025-10-16,"2025-10-16T04:05:49.0","2025-10-16T04:14:49.0",2,6,2025-10-16 04:05:49,2025-10-16 04:14:49,2025-10-16 00:05:49,2025-10-16 00:14:49
2025-10-16,"2025-10-16T04:14:49.0","2025-10-16T04:26:49.0",1,7,2025-10-16 04:14:49,2025-10-16 04:26:49,2025-10-16 00:14:49,2025-10-16 00:26:49
2025-10-16,"2025-10-16T04:26:49.0","2025-10-16T04:38:49.0",0,8,2025-10-16 04:26:49,2025-10-16 04:38:49,2025-10-16 00:26:49,2025-10-16 00:38:49
2025-10-16,"2025-10-16T04:38:49.0","2025-10-16T04:39:49.0",3,9,2025-10-16 04:38:49,2025-10-16 04:39:49,2025-10-16 00:38:49,2025-10-16 00:39:49
2025-10-16,"2025-10-16T04:39:49.0","2025-10-16T04:45:49.0",1,10,2025-10-16 04:39:49,2025-10-16 04:45:49,2025-10-16 00:39:49,2025-10-16 00:45:49
2025-10-16,"2025-10-16T04:45:49.0","2025-10-16T05:01:49.0",0,11,2025-10-16 04:45:49,2025-10-16 05:01:49,2025-10-16 00:45:49,2025-10-16 01:01:49
2025-10-16,"2025-10-16T05:01:49.0","2025-10-16T05:10:49.0",1,12,2025-10-16 05:01:49,2025-10-16 05:10:49,2025-10-16 01:01:49,2025-10-16 01:10:49
2025-10-16,"2025-10-16T05:10:49.0","2025-10-16T05:16:49.0",0,13,2025-10-16 05:10:49,2025-10-16 05:16:49,2025-10-16 01:10:49,2025-10-16 01:16:49
2025-10-16,"2025-10-16T05:16:49.0","2025-10-16T05:21:49.0",1,14,2025-10-16 05:16:49,2025-10-16 05:21:49,2025-10-16 01:16:49,2025-10-16 01:21:49
2025-10-16,"2025-10-16T05:21:49.0","2025-10-16T05:39:49.0",0,15,2025-10-16 05:21:49,2025-10-16 05:39:49,2025-10-16 01:21:49,2025-10-16 01:39:49
2025-10-16,"2025-10-16T05:39:49.0","2025-10-16T05:49:49.0",1,16,2025-10-16 05:39:49,2025-10-16 05:49:49,2025-10-16 01:39:49,2025-10-16 01:49:49
2025-10-16,"2025-10-16T05:49:49.0","2025-10-16T05:57:49.0",2,17,2025-10-16 05:49:49,2025-10-16 05:57:49,2025-10-16 01:49:49,2025-10-16 01:57:49
2025-10-16,"2025-10-16T05:57:49.0","2025-10-16T06:51:49.0",1,18,2025-10-16 05:57:49,2025-10-16 06:51:49,2025-10-16 01:57:49,2025-10-16 02:51:49
2025-10-16,"2025-10-16T06:51:49.0","2025-10-16T07:02:49.0",0,19,2025-10-16 06:51:49,2025-10-16 07:02:49,2025-10-16 02:51:49,2025-10-16 03:02:49
2025-10-16,"2025-10-16T07:02:49.0","2025-10-16T07:33:49.0",1,20,2025-10-16 07:02:49,2025-10-16 07:33:49,2025-10-16 03:02:49,2025-10-16 03:33:49
2025-10-16,"2025-10-16T07:33:49.0","2025-10-16T07:49:49.0",2,21,2025-10-16 07:33:49,2025-10-16 07:49:49,2025-10-16 03:33:49,2025-10-16 03:49:49
2025-10-16,"2025-10-16T07:49:49.0","2025-10-16T08:38:49.0",1,22,2025-10-16 07:49:49,2025-10-16 08:38:49,2025-10-16 03:49:49,2025-10-16 04:38:49
2025-10-16,"2025-10-16T08:38:49.0","2025-10-16T09:26:49.0",2,23,2025-10-16 08:38:49,2025-10-16 09:26:49,2025-10-16 04:38:49,2025-10-16 05:26:49
2025-10-17,"2025-10-17T02:44:36.0","2025-10-17T02:57:36.0",1,1,2025-10-17 02:44:36,2025-10-17 02:57:36,2025-10-16 22:44:36,2025-10-16 22:57:36
2025-10-17,"2025-10-17T02:57:36.0","2025-10-17T03:39:36.0",0,2,2025-10-17 02:57:36,2025-10-17 03:39:36,2025-10-16 22:57:36,2025-10-16 23:39:36
2025-10-17,"2025-10-17T03:39:36.0","2025-10-17T04:22:36.0",1,3,2025-10-17 03:39:36,2025-10-17 04:22:36,2025-10-16 23:39:36,2025-10-17 00:22:36
2025-10-17,"2025-10-17T04:22:36.0","2025-10-17T04:53:36.0",0,4,2025-10-17 04:22:36,2025-10-17 04:53:36,2025-10-17 00:22:36,2025-10-17 00:53:36
2025-10-17,"2025-10-17T04:53:36.0","2025-10-17T06:48:36.0",1,5,2025-10-17 04:53:36,2025-10-17 06:48:36,2025-10-17 00:53:36,2025-10-17 02:48:36
2025-10-17,"2025-10-17T06:48:36.0","2025-10-17T07:04:36.0",0,6,2025-10-17 06:48:36,2025-10-17 07:04:36,2025-10-17 02:48:36,2025-10-17 03:04:36
2025-10-17,"2025-10-17T07:04:36.0","2025-10-17T07:34:36.0",1,7,2025-10-17 07:04:36,2025-10-17 07:34:36,2025-10-17 03:04:36,2025-10-17 03:34:36
2025-10-17,"2025-10-17T07:34:36.0","2025-10-17T08:32:36.0",3,8,2025-10-17 07:34:36,2025-10-17 08:32:36,2025-10-17 03:34:36,2025-10-17 04:32:36
2025-10-17,"2025-10-17T08:32:36.0","2025-10-17T08:50:36.0",1,9,2025-10-17 08:32:36,2025-10-17 08:50:36,2025-10-17 04:32:36,2025-10-17 04:50:36
2025-10-17,"2025-10-17T08:50:36.0","2025-10-17T08:51:36.0",3,10,2025-10-17 08:50:36,2025-10-17 08:51:36,2025-10-17 04:50:36,2025-10-17 04:51:36
2025-10-17,"2025-10-17T08:51:36.0","2025-10-17T09:33:36.0",1,11,2025-10-17 08:51:36,2025-10-17 09:33:36,2025-10-17 04:51:36,2025-10-17 05:33:36
2025-10-17,"2025-10-17T09:33:36.0","2025-10-17T10:04:36.0",2,12,2025-10-17 09:33:36,2025-10-17 10:04:36,2025-10-17 05:33:36,2025-10-17 06:04:36
2025-10-17,"2025-10-17T10:04:36.0","2025-10-17T11:10:36.0",1,13,2025-10-17 10:04:36,2025-10-17 11:10:36,2025-10-17 06:04:36,2025-10-17 07:10:36
2025-10-17,"2025-10-17T11:10:36.0","2025-10-17T11:30:36.0",2,14,2025-10-17 11:10:36,2025-10-17 11:30:36,2025-10-17 07:10:36,2025-10-17 07:30:36
2025-10-18,"2025-10-18T06:29:46.0","2025-10-18T06:41:46.0",1,1,2025-10-18 06:29:46,2025-10-18 06:41:46,2025-10-18 02:29:46,2025-10-18 02:41:46
2025-10-18,"2025-10-18T06:41:46.0","2025-10-18T07:09:46.0",0,2,2025-10-18 06:41:46,2025-10-18 07:09:46,2025-10-18 02:41:46,2025-10-18 03:09:46
2025-10-18,"2025-10-18T07:09:46.0","2025-10-18T07:46:46.0",1,3,2025-10-18 07:09:46,2025-10-18 07:46:46,2025-10-18 03:09:46,2025-10-18 03:46:46
2025-10-18,"2025-10-18T07:46:46.0","2025-10-18T07:58:46.0",2,4,2025-10-18 07:46:46,2025-10-18 07:58:46,2025-10-18 03:46:46,2025-10-18 03:58:46
2025-10-18,"2025-10-18T07:58:46.0","2025-10-18T08:18:46.0",1,5,2025-10-18 07:58:46,2025-10-18 08:18:46,2025-10-18 03:58:46,2025-10-18 04:18:46
2025-10-18,"2025-10-18T08:18:46.0","2025-10-18T09:12:46.0",0,6,2025-10-18 08:18:46,2025-10-18 09:12:46,2025-10-18 04:18:46,2025-10-18 05:12:46
2025-10-18,"2025-10-18T09:12:46.0","2025-10-18T09:13:46.0",3,7,2025-10-18 09:12:46,2025-10-18 09:13:46,2025-10-18 05:12:46,2025-10-18 05:13:46
2025-10-18,"2025-10-18T09:13:46.0","2025-10-18T09:25:46.0",1,8,2025-10-18 09:13:46,2025-10-18 09:25:46,2025-10-18 05:13:46,2025-10-18 05:25:46
2025-10-18,"2025-10-18T09:25:46.0","2025-10-18T09:54:46.0",2,9,2025-10-18 09:25:46,2025-10-18 09:54:46,2025-10-18 05:25:46,2025-10-18 05:54:46
2025-10-18,"2025-10-18T09:54:46.0","2025-10-18T11:05:46.0",1,10,2025-10-18 09:54:46,2025-10-18 11:05:46,2025-10-18 05:54:46,2025-10-18 07:05:46
2025-10-18,"2025-10-18T11:05:46.0","2025-10-18T11:23:46.0",2,11,2025-10-18 11:05:46,2025-10-18 11:23:46,2025-10-18 07:05:46,2025-10-18 07:23:46
2025-10-18,"2025-10-18T11:23:46.0","2025-10-18T11:58:46.0",1,12,2025-10-18 11:23:46,2025-10-18 11:58:46,2025-10-18 07:23:46,2025-10-18 07:58:46
2025-10-18,"2025-10-18T11:58:46.0","2025-10-18T12:00:46.0",3,13,2025-10-18 11:58:46,2025-10-18 12:00:46,2025-10-18 07:58:46,2025-10-18 08:00:46
2025-10-18,"2025-10-18T12:00:46.0","2025-10-18T12:38:46.0",1,14,2025-10-18 12:00:46,2025-10-18 12:38:46,2025-10-18 08:00:46,2025-10-18 08:38:46
2025-10-18,"2025-10-18T12:38:46.0","2025-10-18T12:40:46.0",3,15,2025-10-18 12:38:46,2025-10-18 12:40:46,2025-10-18 08:38:46,2025-10-18 08:40:46
2025-10-18,"2025-10-18T12:40:46.0","2025-10-18T13:14:46.0",1,16,2025-10-18 12:40:46,2025-10-18 13:14:46,2025-10-18 08:40:46,2025-10-18 09:14:46
2025-10-18,"2025-10-18T13:14:46.0","2025-10-18T13:45:46.0",2,17,2025-10-18 13:14:46,2025-10-18 13:45:46,2025-10-18 09:14:46,2025-10-18 09:45:46
2025-10-19,"2025-10-19T03:15:31.0","2025-10-19T03:25:31.0",1,1,2025-10-19 03:15:31,2025-10-19 03:25:31,2025-10-18 23:15:31,2025-10-18 23:25:31
2025-10-19,"2025-10-19T03:25:31.0","2025-10-19T03:51:31.0",0,2,2025-10-19 03:25:31,2025-10-19 03:51:31,2025-10-18 23:25:31,2025-10-18 23:51:31
2025-10-19,"2025-10-19T03:51:31.0","2025-10-19T04:42:31.0",1,3,2025-10-19 03:51:31,2025-10-19 04:42:31,2025-10-18 23:51:31,2025-10-19 00:42:31
2025-10-19,"2025-10-19T04:42:31.0","2025-10-19T05:27:31.0",0,4,2025-10-19 04:42:31,2025-10-19 05:27:31,2025-10-19 00:42:31,2025-10-19 01:27:31
2025-10-19,"2025-10-19T05:27:31.0","2025-10-19T06:05:31.0",1,5,2025-10-19 05:27:31,2025-10-19 06:05:31,2025-10-19 01:27:31,2025-10-19 02:05:31
2025-10-19,"2025-10-19T06:05:31.0","2025-10-19T06:18:31.0",2,6,2025-10-19 06:05:31,2025-10-19 06:18:31,2025-10-19 02:05:31,2025-10-19 02:18:31
2025-10-19,"2025-10-19T06:18:31.0","2025-10-19T06:34:31.0",1,7,2025-10-19 06:18:31,2025-10-19 06:34:31,2025-10-19 02:18:31,2025-10-19 02:34:31
2025-10-19,"2025-10-19T06:34:31.0","2025-10-19T07:22:31.0",3,8,2025-10-19 06:34:31,2025-10-19 07:22:31,2025-10-19 02:34:31,2025-10-19 03:22:31
2025-10-19,"2025-10-19T07:22:31.0","2025-10-19T07:33:31.0",1,9,2025-10-19 07:22:31,2025-10-19 07:33:31,2025-10-19 03:22:31,2025-10-19 03:33:31
2025-10-19,"2025-10-19T07:33:31.0","2025-10-19T07:34:31.0",3,10,2025-10-19 07:33:31,2025-10-19 07:34:31,2025-10-19 03:33:31,2025-10-19 03:34:31
2025-10-19,"2025-10-19T07:34:31.0","2025-10-19T07:51:31.0",1,11,2025-10-19 07:34:31,2025-10-19 07:51:31,2025-10-19 03:34:31,2025-10-19 03:51:31
2025-10-19,"2025-10-19T07:51:31.0","2025-10-19T08:33:31.0",3,12,2025-10-19 07:51:31,2025-10-19 08:33:31,2025-10-19 03:51:31,2025-10-19 04:33:31
2025-10-19,"2025-10-19T08:33:31.0","2025-10-19T09:38:31.0",1,13,2025-10-19 08:33:31,2025-10-19 09:38:31,2025-10-19 04:33:31,2025-10-19 05:38:31
2025-10-19,"2025-10-19T09:38:31.0","2025-10-19T09:54:31.0",2,14,2025-10-19 09:38:31,2025-10-19 09:54:31,2025-10-19 05:38:31,2025-10-19 05:54:31
2025-10-19,"2025-10-19T09:54:31.0","2025-10-19T10:30:31.0",1,15,2025-10-19 09:54:31,2025-10-19 10:30:31,2025-10-19 05:54:31,2025-10-19 06:30:31
2025-10-19,"2025-10-19T10:30:31.0","2025-10-19T10:46:31.0",2,16,2025-10-19 10:30:31,2025-10-19 10:46:31,2025-10-19 06:30:31,2025-10-19 06:46:31
2025-10-19,"2025-10-19T10:46:31.0","2025-10-19T10:53:31.0",1,17,2025-10-19 10:46:31,2025-10-19 10:53:31,2025-10-19 06:46:31,2025-10-19 06:53:31
2025-10-19,"2025-10-19T10:53:31.0","2025-10-19T11:02:31.0",2,18,2025-10-19 10:53:31,2025-10-19 11:02:31,2025-10-19 06:53:31,2025-10-19 07:02:31
2025-10-19,"2025-10-19T11:02:31.0","2025-10-19T11:19:31.0",1,19,2025-10-19 11:02:31,2025-10-19 11:19:31,2025-10-19 07:02:31,2025-10-19 07:19:31
2025-10-19,"2025-10-19T11:19:31.0","2025-10-19T11:23:31.0",3,20,2025-10-19 11:19:31,2025-10-19 11:23:31,2025-10-19 07:19:31,2025-10-19 07:23:31
2025-10-19,"2025-10-19T11:23:31.0","2025-10-19T11:45:31.0",1,21,2025-10-19 11:23:31,2025-10-19 11:45:31,2025-10-19 07:23:31,2025-10-19 07:45:31
2025-10-19,"2025-10-19T11:45:31.0","2025-10-19T11:59:31.0",2,22,2025-10-19 11:45:31,2025-10-19 11:59:31,2025-10-19 07:45:31,2025-10-19 07:59:31
2025-10-19,"2025-10-19T11:59:31.0","2025-10-19T12:22:31.0",1,23,2025-10-19 11:59:31,2025-10-19 12:22:31,2025-10-19 07:59:31,2025-10-19 08:22:31
2025-10-20,"2025-10-20T03:33:05.0","2025-10-20T03:44:05.0",1,1,2025-10-20 03:33:05,2025-10-20 03:44:05,2025-10-19 23:33:05,2025-10-19 23:44:05
2025-10-20,"2025-10-20T03:44:05.0","2025-10-20T04:14:05.0",0,2,2025-10-20 03:44:05,2025-10-20 04:14:05,2025-10-19 23:44:05,2025-10-20 00:14:05
2025-10-20,"2025-10-20T04:14:05.0","2025-10-20T04:41:05.0",1,3,2025-10-20 04:14:05,2025-10-20 04:41:05,2025-10-20 00:14:05,2025-10-20 00:41:05
2025-10-20,"2025-10-20T04:41:05.0","2025-10-20T04:49:05.0",0,4,2025-10-20 04:41:05,2025-10-20 04:49:05,2025-10-20 00:41:05,2025-10-20 00:49:05
2025-10-20,"2025-10-20T04:49:05.0","2025-10-20T04:50:05.0",3,5,2025-10-20 04:49:05,2025-10-20 04:50:05,2025-10-20 00:49:05,2025-10-20 00:50:05
2025-10-20,"2025-10-20T04:50:05.0","2025-10-20T05:09:05.0",1,6,2025-10-20 04:50:05,2025-10-20 05:09:05,2025-10-20 00:50:05,2025-10-20 01:09:05
2025-10-20,"2025-10-20T05:09:05.0","2025-10-20T05:24:05.0",0,7,2025-10-20 05:09:05,2025-10-20 05:24:05,2025-10-20 01:09:05,2025-10-20 01:24:05
2025-10-20,"2025-10-20T05:24:05.0","2025-10-20T05:35:05.0",1,8,2025-10-20 05:24:05,2025-10-20 05:35:05,2025-10-20 01:24:05,2025-10-20 01:35:05
2025-10-20,"2025-10-20T05:35:05.0","2025-10-20T05:53:05.0",2,9,2025-10-20 05:35:05,2025-10-20 05:53:05,2025-10-20 01:35:05,2025-10-20 01:53:05
2025-10-20,"2025-10-20T05:53:05.0","2025-10-20T06:10:05.0",1,10,2025-10-20 05:53:05,2025-10-20 06:10:05,2025-10-20 01:53:05,2025-10-20 02:10:05
2025-10-20,"2025-10-20T06:10:05.0","2025-10-20T06:26:05.0",2,11,2025-10-20 06:10:05,2025-10-20 06:26:05,2025-10-20 02:10:05,2025-10-20 02:26:05
2025-10-20,"2025-10-20T06:26:05.0","2025-10-20T06:36:05.0",1,12,2025-10-20 06:26:05,2025-10-20 06:36:05,2025-10-20 02:26:05,2025-10-20 02:36:05
2025-10-20,"2025-10-20T06:36:05.0","2025-10-20T06:52:05.0",0,13,2025-10-20 06:36:05,2025-10-20 06:52:05,2025-10-20 02:36:05,2025-10-20 02:52:05
2025-10-20,"2025-10-20T06:52:05.0","2025-10-20T07:21:05.0",1,14,2025-10-20 06:52:05,2025-10-20 07:21:05,2025-10-20 02:52:05,2025-10-20 03:21:05
2025-10-20,"2025-10-20T07:21:05.0","2025-10-20T07:29:05.0",0,15,2025-10-20 07:21:05,2025-10-20 07:29:05,2025-10-20 03:21:05,2025-10-20 03:29:05
2025-10-20,"2025-10-20T07:29:05.0","2025-10-20T08:11:05.0",1,16,2025-10-20 07:29:05,2025-10-20 08:11:05,2025-10-20 03:29:05,2025-10-20 04:11:05
2025-10-21,"2025-10-21T03:28:53.0","2025-10-21T03:38:53.0",1,1,2025-10-21 03:28:53,2025-10-21 03:38:53,2025-10-20 23:28:53,2025-10-20 23:38:53
2025-10-21,"2025-10-21T03:38:53.0","2025-10-21T03:54:53.0",0,2,2025-10-21 03:38:53,2025-10-21 03:54:53,2025-10-20 23:38:53,2025-10-20 23:54:53
2025-10-21,"2025-10-21T03:54:53.0","2025-10-21T04:00:53.0",1,3,2025-10-21 03:54:53,2025-10-21 04:00:53,2025-10-20 23:54:53,2025-10-21 00:00:53
2025-10-21,"2025-10-21T04:00:53.0","2025-10-21T04:06:53.0",3,4,2025-10-21 04:00:53,2025-10-21 04:06:53,2025-10-21 00:00:53,2025-10-21 00:06:53
2025-10-21,"2025-10-21T04:06:53.0","2025-10-21T04:38:53.0",1,5,2025-10-21 04:06:53,2025-10-21 04:38:53,2025-10-21 00:06:53,2025-10-21 00:38:53
2025-10-21,"2025-10-21T04:38:53.0","2025-10-21T04:54:53.0",0,6,2025-10-21 04:38:53,2025-10-21 04:54:53,2025-10-21 00:38:53,2025-10-21 00:54:53
2025-10-21,"2025-10-21T04:54:53.0","2025-10-21T05:24:53.0",1,7,2025-10-21 04:54:53,2025-10-21 05:24:53,2025-10-21 00:54:53,2025-10-21 01:24:53
2025-10-21,"2025-10-21T05:24:53.0","2025-10-21T05:41:53.0",0,8,2025-10-21 05:24:53,2025-10-21 05:41:53,2025-10-21 01:24:53,2025-10-21 01:41:53
2025-10-21,"2025-10-21T05:41:53.0","2025-10-21T06:11:53.0",1,9,2025-10-21 05:41:53,2025-10-21 06:11:53,2025-10-21 01:41:53,2025-10-21 02:11:53
2025-10-21,"2025-10-21T06:11:53.0","2025-10-21T06:25:53.0",0,10,2025-10-21 06:11:53,2025-10-21 06:25:53,2025-10-21 02:11:53,2025-10-21 02:25:53
2025-10-21,"2025-10-21T06:25:53.0","2025-10-21T06:34:53.0",1,11,2025-10-21 06:25:53,2025-10-21 06:34:53,2025-10-21 02:25:53,2025-10-21 02:34:53
2025-10-21,"2025-10-21T06:34:53.0","2025-10-21T07:11:53.0",2,12,2025-10-21 06:34:53,2025-10-21 07:11:53,2025-10-21 02:34:53,2025-10-21 03:11:53
2025-10-21,"2025-10-21T07:11:53.0","2025-10-21T07:55:53.0",1,13,2025-10-21 07:11:53,2025-10-21 07:55:53,2025-10-21 03:11:53,2025-10-21 03:55:53
2025-10-21,"2025-10-21T07:55:53.0","2025-10-21T08:04:53.0",0,14,2025-10-21 07:55:53,2025-10-21 08:04:53,2025-10-21 03:55:53,2025-10-21 04:04:53
2025-10-21,"2025-10-21T08:04:53.0","2025-10-21T08:15:53.0",1,15,2025-10-21 08:04:53,2025-10-21 08:15:53,2025-10-21 04:04:53,2025-10-21 04:15:53
2025-10-21,"2025-10-21T08:15:53.0","2025-10-21T09:10:53.0",2,16,2025-10-21 08:15:53,2025-10-21 09:10:53,2025-10-21 04:15:53,2025-10-21 05:10:53
2025-10-22,"2025-10-22T03:24:38.0","2025-10-22T03:33:38.0",1,1,2025-10-22 03:24:38,2025-10-22 03:33:38,2025-10-21 23:24:38,2025-10-21 23:33:38
2025-10-22,"2025-10-22T03:33:38.0","2025-10-22T04:29:38.0",0,2,2025-10-22 03:33:38,2025-10-22 04:29:38,2025-10-21 23:33:38,2025-10-22 00:29:38
2025-10-22,"2025-10-22T04:29:38.0","2025-10-22T05:00:38.0",1,3,2025-10-22 04:29:38,2025-10-22 05:00:38,2025-10-22 00:29:38,2025-10-22 01:00:38
2025-10-22,"2025-10-22T05:00:38.0","2025-10-22T05:25:38.0",0,4,2025-10-22 05:00:38,2025-10-22 05:25:38,2025-10-22 01:00:38,2025-10-22 01:25:38
2025-10-22,"2025-10-22T05:25:38.0","2025-10-22T05:46:38.0",1,5,2025-10-22 05:25:38,2025-10-22 05:46:38,2025-10-22 01:25:38,2025-10-22 01:46:38
2025-10-22,"2025-10-22T05:46:38.0","2025-10-22T05:53:38.0",0,6,2025-10-22 05:46:38,2025-10-22 05:53:38,2025-10-22 01:46:38,2025-10-22 01:53:38
2025-10-22,"2025-10-22T05:53:38.0","2025-10-22T05:58:38.0",1,7,2025-10-22 05:53:38,2025-10-22 05:58:38,2025-10-22 01:53:38,2025-10-22 01:58:38
2025-10-22,"2025-10-22T05:58:38.0","2025-10-22T06:10:38.0",0,8,2025-10-22 05:58:38,2025-10-22 06:10:38,2025-10-22 01:58:38,2025-10-22 02:10:38
2025-10-22,"2025-10-22T06:10:38.0","2025-10-22T07:16:38.0",1,9,2025-10-22 06:10:38,2025-10-22 07:16:38,2025-10-22 02:10:38,2025-10-22 03:16:38
2025-10-22,"2025-10-22T07:16:38.0","2025-10-22T07:48:38.0",0,10,2025-10-22 07:16:38,2025-10-22 07:48:38,2025-10-22 03:16:38,2025-10-22 03:48:38
2025-10-22,"2025-10-22T07:48:38.0","2025-10-22T07:55:38.0",1,11,2025-10-22 07:48:38,2025-10-22 07:55:38,2025-10-22 03:48:38,2025-10-22 03:55:38
2025-10-22,"2025-10-22T07:55:38.0","2025-10-22T08:25:38.0",2,12,2025-10-22 07:55:38,2025-10-22 08:25:38,2025-10-22 03:55:38,2025-10-22 04:25:38
2025-10-22,"2025-10-22T08:25:38.0","2025-10-22T08:44:38.0",3,13,2025-10-22 08:25:38,2025-10-22 08:44:38,2025-10-22 04:25:38,2025-10-22 04:44:38
2025-10-22,"2025-10-22T08:44:38.0","2025-10-22T09:07:38.0",1,14,2025-10-22 08:44:38,2025-10-22 09:07:38,2025-10-22 04:44:38,2025-10-22 05:07:38
2025-10-22,"2025-10-22T09:07:38.0","2025-10-22T09:16:38.0",3,15,2025-10-22 09:07:38,2025-10-22 09:16:38,2025-10-22 05:07:38,2025-10-22 05:16:38
2025-10-22,"2025-10-22T09:16:38.0","2025-10-22T09:26:38.0",1,16,2025-10-22 09:16:38,2025-10-22 09:26:38,2025-10-22 05:16:38,2025-10-22 05:26:38
2025-10-22,"2025-10-22T09:26:38.0","2025-10-22T09:47:38.0",3,17,2025-10-22 09:26:38,2025-10-22 09:47:38,2025-10-22 05:26:38,2025-10-22 05:47:38
2025-10-22,"2025-10-22T09:47:38.0","2025-10-22T09:57:38.0",1,18,2025-10-22 09:47:38,2025-10-22 09:57:38,2025-10-22 05:47:38,2025-10-22 05:57:38
2025-10-22,"2025-10-22T09:57:38.0","2025-10-22T09:58:38.0",3,19,2025-10-22 09:57:38,2025-10-22 09:58:38,2025-10-22 05:57:38,2025-10-22 05:58:38
2025-10-22,"2025-10-22T09:58:38.0","2025-10-22T10:35:38.0",1,20,2025-10-22 09:58:38,2025-10-22 10:35:38,2025-10-22 05:58:38,2025-10-22 06:35:38
2025-10-23,"2025-10-23T04:52:55.0","2025-10-23T05:20:55.0",1,1,2025-10-23 04:52:55,2025-10-23 05:20:55,2025-10-23 00:52:55,2025-10-23 01:20:55
2025-10-23,"2025-10-23T05:20:55.0","2025-10-23T05:22:55.0",3,2,2025-10-23 05:20:55,2025-10-23 05:22:55,2025-10-23 01:20:55,2025-10-23 01:22:55
2025-10-23,"2025-10-23T05:22:55.0","2025-10-23T05:41:55.0",1,3,2025-10-23 05:22:55,2025-10-23 05:41:55,2025-10-23 01:22:55,2025-10-23 01:41:55
2025-10-23,"2025-10-23T05:41:55.0","2025-10-23T05:47:55.0",0,4,2025-10-23 05:41:55,2025-10-23 05:47:55,2025-10-23 01:41:55,2025-10-23 01:47:55
2025-10-23,"2025-10-23T05:47:55.0","2025-10-23T05:48:55.0",1,5,2025-10-23 05:47:55,2025-10-23 05:48:55,2025-10-23 01:47:55,2025-10-23 01:48:55
2025-10-23,"2025-10-23T05:48:55.0","2025-10-23T05:52:55.0",3,6,2025-10-23 05:48:55,2025-10-23 05:52:55,2025-10-23 01:48:55,2025-10-23 01:52:55
2025-10-23,"2025-10-23T05:52:55.0","2025-10-23T06:37:55.0",1,7,2025-10-23 05:52:55,2025-10-23 06:37:55,2025-10-23 01:52:55,2025-10-23 02:37:55
2025-10-23,"2025-10-23T06:37:55.0","2025-10-23T06:38:55.0",3,8,2025-10-23 06:37:55,2025-10-23 06:38:55,2025-10-23 02:37:55,2025-10-23 02:38:55
2025-10-23,"2025-10-23T06:38:55.0","2025-10-23T06:51:55.0",1,9,2025-10-23 06:38:55,2025-10-23 06:51:55,2025-10-23 02:38:55,2025-10-23 02:51:55
2025-10-23,"2025-10-23T06:51:55.0","2025-10-23T07:01:55.0",3,10,2025-10-23 06:51:55,2025-10-23 07:01:55,2025-10-23 02:51:55,2025-10-23 03:01:55
2025-10-23,"2025-10-23T07:01:55.0","2025-10-23T07:34:55.0",1,11,2025-10-23 07:01:55,2025-10-23 07:34:55,2025-10-23 03:01:55,2025-10-23 03:34:55
2025-10-23,"2025-10-23T07:34:55.0","2025-10-23T07:42:55.0",0,12,2025-10-23 07:34:55,2025-10-23 07:42:55,2025-10-23 03:34:55,2025-10-23 03:42:55
2025-10-23,"2025-10-23T07:42:55.0","2025-10-23T07:58:55.0",1,13,2025-10-23 07:42:55,2025-10-23 07:58:55,2025-10-23 03:42:55,2025-10-23 03:58:55
2025-10-23,"2025-10-23T07:58:55.0","2025-10-23T07:59:55.0",3,14,2025-10-23 07:58:55,2025-10-23 07:59:55,2025-10-23 03:58:55,2025-10-23 03:59:55
2025-10-23,"2025-10-23T07:59:55.0","2025-10-23T08:23:55.0",1,15,2025-10-23 07:59:55,2025-10-23 08:23:55,2025-10-23 03:59:55,2025-10-23 04:23:55
2025-10-23,"2025-10-23T08:23:55.0","2025-10-23T08:26:55.0",3,16,2025-10-23 08:23:55,2025-10-23 08:26:55,2025-10-23 04:23:55,2025-10-23 04:26:55
2025-10-23,"2025-10-23T08:26:55.0","2025-10-23T08:50:55.0",1,17,2025-10-23 08:26:55,2025-10-23 08:50:55,2025-10-23 04:26:55,2025-10-23 04:50:55
2025-10-23,"2025-10-23T08:50:55.0","2025-10-23T08:58:55.0",3,18,2025-10-23 08:50:55,2025-10-23 08:58:55,2025-10-23 04:50:55,2025-10-23 04:58:55
2025-10-23,"2025-10-23T08:58:55.0","2025-10-23T09:14:55.0",1,19,2025-10-23 08:58:55,2025-10-23 09:14:55,2025-10-23 04:58:55,2025-10-23 05:14:55
2025-10-23,"2025-10-23T09:14:55.0","2025-10-23T09:30:55.0",3,20,2025-10-23 09:14:55,2025-10-23 09:30:55,2025-10-23 05:14:55,2025-10-23 05:30:55
2025-10-23,"2025-10-23T09:30:55.0","2025-10-23T09:46:55.0",1,21,2025-10-23 09:30:55,2025-10-23 09:46:55,2025-10-23 05:30:55,2025-10-23 05:46:55
2025-10-23,"2025-10-23T09:46:55.0","2025-10-23T09:47:55.0",3,22,2025-10-23 09:46:55,2025-10-23 09:47:55,2025-10-23 05:46:55,2025-10-23 05:47:55
2025-10-23,"2025-10-23T09:47:55.0","2025-10-23T09:54:55.0",1,23,2025-10-23 09:47:55,2025-10-23 09:54:55,2025-10-23 05:47:55,2025-10-23 05:54:55
2025-10-23,"2025-10-23T09:54:55.0","2025-10-23T09:59:55.0",0,24,2025-10-23 09:54:55,2025-10-23 09:59:55,2025-10-23 05:54:55,2025-10-23 05:59:55
2025-10-23,"2025-10-23T09:59:55.0","2025-10-23T10:00:55.0",3,25,2025-10-23 09:59:55,2025-10-23 10:00:55,2025-10-23 05:59:55,2025-10-23 06:00:55
2025-10-23,"2025-10-23T10:00:55.0","2025-10-23T10:15:55.0",1,26,2025-10-23 10:00:55,2025-10-23 10:15:55,2025-10-23 06:00:55,2025-10-23 06:15:55
2025-10-23,"2025-10-23T10:15:55.0","2025-10-23T10:16:55.0",3,27,2025-10-23 10:15:55,2025-10-23 10:16:55,2025-10-23 06:15:55,2025-10-23 06:16:55
2025-10-23,"2025-10-23T10:16:55.0","2025-10-23T10:17:55.0",1,28,2025-10-23 10:16:55,2025-10-23 10:17:55,2025-10-23 06:16:55,2025-10-23 06:17:55
2025-10-23,"2025-10-23T10:17:55.0","2025-10-23T10:30:55.0",0,29,2025-10-23 10:17:55,2025-10-23 10:30:55,2025-10-23 06:17:55,2025-10-23 06:30:55
2025-10-25,"2025-10-25T04:59:35.0","2025-10-25T05:09:35.0",1,1,2025-10-25 04:59:35,2025-10-25 05:09:35,2025-10-25 00:59:35,2025-10-25 01:09:35
2025-10-25,"2025-10-25T05:09:35.0","2025-10-25T05:20:35.0",0,2,2025-10-25 05:09:35,2025-10-25 05:20:35,2025-10-25 01:09:35,2025-10-25 01:20:35
2025-10-25,"2025-10-25T05:20:35.0","2025-10-25T05:26:35.0",1,3,2025-10-25 05:20:35,2025-10-25 05:26:35,2025-10-25 01:20:35,2025-10-25 01:26:35
2025-10-25,"2025-10-25T05:26:35.0","2025-10-25T05:53:35.0",0,4,2025-10-25 05:26:35,2025-10-25 05:53:35,2025-10-25 01:26:35,2025-10-25 01:53:35
2025-10-25,"2025-10-25T05:53:35.0","2025-10-25T06:48:35.0",1,5,2025-10-25 05:53:35,2025-10-25 06:48:35,2025-10-25 01:53:35,2025-10-25 02:48:35
2025-10-25,"2025-10-25T06:48:35.0","2025-10-25T07:02:35.0",0,6,2025-10-25 06:48:35,2025-10-25 07:02:35,2025-10-25 02:48:35,2025-10-25 03:02:35
2025-10-25,"2025-10-25T07:02:35.0","2025-10-25T07:09:35.0",1,7,2025-10-25 07:02:35,2025-10-25 07:09:35,2025-10-25 03:02:35,2025-10-25 03:09:35
2025-10-25,"2025-10-25T07:09:35.0","2025-10-25T07:47:35.0",0,8,2025-10-25 07:09:35,2025-10-25 07:47:35,2025-10-25 03:09:35,2025-10-25 03:47:35
2025-10-25,"2025-10-25T07:47:35.0","2025-10-25T07:48:35.0",3,9,2025-10-25 07:47:35,2025-10-25 07:48:35,2025-10-25 03:47:35,2025-10-25 03:48:35
2025-10-25,"2025-10-25T07:48:35.0","2025-10-25T07:53:35.0",1,10,2025-10-25 07:48:35,2025-10-25 07:53:35,2025-10-25 03:48:35,2025-10-25 03:53:35
2025-10-25,"2025-10-25T07:53:35.0","2025-10-25T08:29:35.0",2,11,2025-10-25 07:53:35,2025-10-25 08:29:35,2025-10-25 03:53:35,2025-10-25 04:29:35
2025-10-25,"2025-10-25T08:29:35.0","2025-10-25T08:44:35.0",1,12,2025-10-25 08:29:35,2025-10-25 08:44:35,2025-10-25 04:29:35,2025-10-25 04:44:35
2025-10-25,"2025-10-25T08:44:35.0","2025-10-25T09:09:35.0",0,13,2025-10-25 08:44:35,2025-10-25 09:09:35,2025-10-25 04:44:35,2025-10-25 05:09:35
2025-10-25,"2025-10-25T09:09:35.0","2025-10-25T09:18:35.0",1,14,2025-10-25 09:09:35,2025-10-25 09:18:35,2025-10-25 05:09:35,2025-10-25 05:18:35
2025-10-25,"2025-10-25T09:18:35.0","2025-10-25T09:30:35.0",3,15,2025-10-25 09:18:35,2025-10-25 09:30:35,2025-10-25 05:18:35,2025-10-25 05:30:35
2025-10-25,"2025-10-25T09:30:35.0","2025-10-25T09:47:35.0",1,16,2025-10-25 09:30:35,2025-10-25 09:47:35,2025-10-25 05:30:35,2025-10-25 05:47:35
2025-10-25,"2025-10-25T09:47:35.0","2025-10-25T09:55:35.0",3,17,2025-10-25 09:47:35,2025-10-25 09:55:35,2025-10-25 05:47:35,2025-10-25 05:55:35
2025-10-25,"2025-10-25T09:55:35.0","2025-10-25T10:05:35.0",1,18,2025-10-25 09:55:35,2025-10-25 10:05:35,2025-10-25 05:55:35,2025-10-25 06:05:35
2025-10-25,"2025-10-25T10:05:35.0","2025-10-25T10:34:35.0",3,19,2025-10-25 10:05:35,2025-10-25 10:34:35,2025-10-25 06:05:35,2025-10-25 06:34:35
2025-10-25,"2025-10-25T10:34:35.0","2025-10-25T11:17:35.0",1,20,2025-10-25 10:34:35,2025-10-25 11:17:35,2025-10-25 06:34:35,2025-10-25 07:17:35
2025-10-25,"2025-10-25T11:17:35.0","2025-10-25T12:11:01.0",2,21,2025-10-25 11:17:35,2025-10-25 12:11:01,2025-10-25 07:17:35,2025-10-25 08:11:01
2025-10-26,"2025-10-26T04:32:16.0","2025-10-26T04:37:16.0",1,1,2025-10-26 04:32:16,2025-10-26 04:37:16,2025-10-26 00:32:16,2025-10-26 00:37:16
2025-10-26,"2025-10-26T04:37:16.0","2025-10-26T05:31:16.0",0,2,2025-10-26 04:37:16,2025-10-26 05:31:16,2025-10-26 00:37:16,2025-10-26 01:31:16
2025-10-26,"2025-10-26T05:31:16.0","2025-10-26T06:28:16.0",1,3,2025-10-26 05:31:16,2025-10-26 06:28:16,2025-10-26 01:31:16,2025-10-26 02:28:16
2025-10-26,"2025-10-26T06:28:16.0","2025-10-26T06:40:16.0",0,4,2025-10-26 06:28:16,2025-10-26 06:40:16,2025-10-26 02:28:16,2025-10-26 02:40:16
2025-10-26,"2025-10-26T06:40:16.0","2025-10-26T07:14:16.0",1,5,2025-10-26 06:40:16,2025-10-26 07:14:16,2025-10-26 02:40:16,2025-10-26 03:14:16
2025-10-26,"2025-10-26T07:14:16.0","2025-10-26T07:24:16.0",0,6,2025-10-26 07:14:16,2025-10-26 07:24:16,2025-10-26 03:14:16,2025-10-26 03:24:16
2025-10-26,"2025-10-26T07:24:16.0","2025-10-26T09:40:16.0",1,7,2025-10-26 07:24:16,2025-10-26 09:40:16,2025-10-26 03:24:16,2025-10-26 05:40:16
2025-10-26,"2025-10-26T09:40:16.0","2025-10-26T10:04:53.0",2,8,2025-10-26 09:40:16,2025-10-26 10:04:53,2025-10-26 05:40:16,2025-10-26 06:04:53
2025-10-27,"2025-10-27T02:22:35.0","2025-10-27T02:40:35.0",1,1,2025-10-27 02:22:35,2025-10-27 02:40:35,2025-10-26 22:22:35,2025-10-26 22:40:35
2025-10-27,"2025-10-27T02:40:35.0","2025-10-27T03:19:35.0",0,2,2025-10-27 02:40:35,2025-10-27 03:19:35,2025-10-26 22:40:35,2025-10-26 23:19:35
2025-10-27,"2025-10-27T03:19:35.0","2025-10-27T03:48:35.0",1,3,2025-10-27 03:19:35,2025-10-27 03:48:35,2025-10-26 23:19:35,2025-10-26 23:48:35
2025-10-27,"2025-10-27T03:48:35.0","2025-10-27T04:02:35.0",0,4,2025-10-27 03:48:35,2025-10-27 04:02:35,2025-10-26 23:48:35,2025-10-27 00:02:35
2025-10-27,"2025-10-27T04:02:35.0","2025-10-27T04:03:35.0",3,5,2025-10-27 04:02:35,2025-10-27 04:03:35,2025-10-27 00:02:35,2025-10-27 00:03:35
2025-10-27,"2025-10-27T04:03:35.0","2025-10-27T04:45:35.0",1,6,2025-10-27 04:03:35,2025-10-27 04:45:35,2025-10-27 00:03:35,2025-10-27 00:45:35
2025-10-27,"2025-10-27T04:45:35.0","2025-10-27T05:28:35.0",0,7,2025-10-27 04:45:35,2025-10-27 05:28:35,2025-10-27 00:45:35,2025-10-27 01:28:35
2025-10-27,"2025-10-27T05:28:35.0","2025-10-27T05:38:35.0",1,8,2025-10-27 05:28:35,2025-10-27 05:38:35,2025-10-27 01:28:35,2025-10-27 01:38:35
2025-10-27,"2025-10-27T05:38:35.0","2025-10-27T06:15:35.0",2,9,2025-10-27 05:38:35,2025-10-27 06:15:35,2025-10-27 01:38:35,2025-10-27 02:15:35
2025-10-27,"2025-10-27T06:15:35.0","2025-10-27T06:30:35.0",1,10,2025-10-27 06:15:35,2025-10-27 06:30:35,2025-10-27 02:15:35,2025-10-27 02:30:35
2025-10-27,"2025-10-27T06:30:35.0","2025-10-27T06:36:35.0",2,11,2025-10-27 06:30:35,2025-10-27 06:36:35,2025-10-27 02:30:35,2025-10-27 02:36:35
2025-10-27,"2025-10-27T06:36:35.0","2025-10-27T07:13:35.0",1,12,2025-10-27 06:36:35,2025-10-27 07:13:35,2025-10-27 02:36:35,2025-10-27 03:13:35
2025-10-27,"2025-10-27T07:13:35.0","2025-10-27T07:18:35.0",0,13,2025-10-27 07:13:35,2025-10-27 07:18:35,2025-10-27 03:13:35,2025-10-27 03:18:35
2025-10-27,"2025-10-27T07:18:35.0","2025-10-27T07:36:35.0",1,14,2025-10-27 07:18:35,2025-10-27 07:36:35,2025-10-27 03:18:35,2025-10-27 03:36:35
2025-10-27,"2025-10-27T07:36:35.0","2025-10-27T07:47:35.0",0,15,2025-10-27 07:36:35,2025-10-27 07:47:35,2025-10-27 03:36:35,2025-10-27 03:47:35
2025-10-27,"2025-10-27T07:47:35.0","2025-10-27T07:55:35.0",1,16,2025-10-27 07:47:35,2025-10-27 07:55:35,2025-10-27 03:47:35,2025-10-27 03:55:35
2025-10-27,"2025-10-27T07:55:35.0","2025-10-27T08:09:35.0",2,17,2025-10-27 07:55:35,2025-10-27 08:09:35,2025-10-27 03:55:35,2025-10-27 04:09:35
2025-10-28,"2025-10-27T23:39:48.0","2025-10-27T23:44:48.0",1,1,2025-10-27 23:39:48,2025-10-27 23:44:48,2025-10-27 19:39:48,2025-10-27 19:44:48
2025-10-28,"2025-10-27T23:44:48.0","2025-10-28T00:16:48.0",0,2,2025-10-27 23:44:48,2025-10-28 00:16:48,2025-10-27 19:44:48,2025-10-27 20:16:48
2025-10-28,"2025-10-28T00:16:48.0","2025-10-28T00:17:48.0",3,3,2025-10-28 00:16:48,2025-10-28 00:17:48,2025-10-27 20:16:48,2025-10-27 20:17:48
2025-10-28,"2025-10-28T00:17:48.0","2025-10-28T00:46:48.0",1,4,2025-10-28 00:17:48,2025-10-28 00:46:48,2025-10-27 20:17:48,2025-10-27 20:46:48
2025-10-28,"2025-10-28T00:46:48.0","2025-10-28T00:51:48.0",2,5,2025-10-28 00:46:48,2025-10-28 00:51:48,2025-10-27 20:46:48,2025-10-27 20:51:48
2025-10-28,"2025-10-28T00:51:48.0","2025-10-28T01:31:48.0",1,6,2025-10-28 00:51:48,2025-10-28 01:31:48,2025-10-27 20:51:48,2025-10-27 21:31:48
2025-10-28,"2025-10-28T01:31:48.0","2025-10-28T02:09:48.0",3,7,2025-10-28 01:31:48,2025-10-28 02:09:48,2025-10-27 21:31:48,2025-10-27 22:09:48
2025-10-28,"2025-10-28T02:09:48.0","2025-10-28T02:23:48.0",1,8,2025-10-28 02:09:48,2025-10-28 02:23:48,2025-10-27 22:09:48,2025-10-27 22:23:48
2025-10-28,"2025-10-28T02:23:48.0","2025-10-28T02:57:48.0",0,9,2025-10-28 02:23:48,2025-10-28 02:57:48,2025-10-27 22:23:48,2025-10-27 22:57:48
2025-10-28,"2025-10-28T02:57:48.0","2025-10-28T03:47:48.0",1,10,2025-10-28 02:57:48,2025-10-28 03:47:48,2025-10-27 22:57:48,2025-10-27 23:47:48
2025-10-28,"2025-10-28T03:47:48.0","2025-10-28T04:17:48.0",0,11,2025-10-28 03:47:48,2025-10-28 04:17:48,2025-10-27 23:47:48,2025-10-28 00:17:48
2025-10-28,"2025-10-28T04:17:48.0","2025-10-28T04:29:48.0",1,12,2025-10-28 04:17:48,2025-10-28 04:29:48,2025-10-28 00:17:48,2025-10-28 00:29:48
2025-10-28,"2025-10-28T04:29:48.0","2025-10-28T05:00:48.0",2,13,2025-10-28 04:29:48,2025-10-28 05:00:48,2025-10-28 00:29:48,2025-10-28 01:00:48
2025-10-28,"2025-10-28T05:00:48.0","2025-10-28T05:14:48.0",1,14,2025-10-28 05:00:48,2025-10-28 05:14:48,2025-10-28 01:00:48,2025-10-28 01:14:48
2025-10-28,"2025-10-28T05:14:48.0","2025-10-28T05:25:48.0",0,15,2025-10-28 05:14:48,2025-10-28 05:25:48,2025-10-28 01:14:48,2025-10-28 01:25:48
2025-10-28,"2025-10-28T05:25:48.0","2025-10-28T05:47:48.0",1,16,2025-10-28 05:25:48,2025-10-28 05:47:48,2025-10-28 01:25:48,2025-10-28 01:47:48
2025-10-28,"2025-10-28T05:47:48.0","2025-10-28T06:23:48.0",2,17,2025-10-28 05:47:48,2025-10-28 06:23:48,2025-10-28 01:47:48,2025-10-28 02:23:48
2025-10-29,"2025-10-29T03:06:17.0","2025-10-29T03:14:17.0",1,1,2025-10-29 03:06:17,2025-10-29 03:14:17,2025-10-28 23:06:17,2025-10-28 23:14:17
2025-10-29,"2025-10-29T03:14:17.0","2025-10-29T04:03:17.0",0,2,2025-10-29 03:14:17,2025-10-29 04:03:17,2025-10-28 23:14:17,2025-10-29 00:03:17
2025-10-29,"2025-10-29T04:03:17.0","2025-10-29T04:25:17.0",1,3,2025-10-29 04:03:17,2025-10-29 04:25:17,2025-10-29 00:03:17,2025-10-29 00:25:17
2025-10-29,"2025-10-29T04:25:17.0","2025-10-29T04:48:17.0",0,4,2025-10-29 04:25:17,2025-10-29 04:48:17,2025-10-29 00:25:17,2025-10-29 00:48:17
2025-10-29,"2025-10-29T04:48:17.0","2025-10-29T04:55:17.0",1,5,2025-10-29 04:48:17,2025-10-29 04:55:17,2025-10-29 00:48:17,2025-10-29 00:55:17
2025-10-29,"2025-10-29T04:55:17.0","2025-10-29T05:14:17.0",0,6,2025-10-29 04:55:17,2025-10-29 05:14:17,2025-10-29 00:55:17,2025-10-29 01:14:17
2025-10-29,"2025-10-29T05:14:17.0","2025-10-29T05:15:17.0",3,7,2025-10-29 05:14:17,2025-10-29 05:15:17,2025-10-29 01:14:17,2025-10-29 01:15:17
2025-10-29,"2025-10-29T05:15:17.0","2025-10-29T06:38:17.0",1,8,2025-10-29 05:15:17,2025-10-29 06:38:17,2025-10-29 01:15:17,2025-10-29 02:38:17
2025-10-29,"2025-10-29T06:38:17.0","2025-10-29T07:06:17.0",2,9,2025-10-29 06:38:17,2025-10-29 07:06:17,2025-10-29 02:38:17,2025-10-29 03:06:17
2025-10-29,"2025-10-29T07:06:17.0","2025-10-29T07:14:17.0",1,10,2025-10-29 07:06:17,2025-10-29 07:14:17,2025-10-29 03:06:17,2025-10-29 03:14:17
2025-10-29,"2025-10-29T07:14:17.0","2025-10-29T07:17:17.0",3,11,2025-10-29 07:14:17,2025-10-29 07:17:17,2025-10-29 03:14:17,2025-10-29 03:17:17
2025-10-29,"2025-10-29T07:17:17.0","2025-10-29T07:34:17.0",1,12,2025-10-29 07:17:17,2025-10-29 07:34:17,2025-10-29 03:17:17,2025-10-29 03:34:17
2025-10-29,"2025-10-29T07:34:17.0","2025-10-29T07:43:17.0",3,13,2025-10-29 07:34:17,2025-10-29 07:43:17,2025-10-29 03:34:17,2025-10-29 03:43:17
2025-10-29,"2025-10-29T07:43:17.0","2025-10-29T08:17:17.0",1,14,2025-10-29 07:43:17,2025-10-29 08:17:17,2025-10-29 03:43:17,2025-10-29 04:17:17
2025-10-29,"2025-10-29T08:17:17.0","2025-10-29T08:28:17.0",0,15,2025-10-29 08:17:17,2025-10-29 08:28:17,2025-10-29 04:17:17,2025-10-29 04:28:17
2025-10-29,"2025-10-29T08:28:17.0","2025-10-29T08:47:17.0",1,16,2025-10-29 08:28:17,2025-10-29 08:47:17,2025-10-29 04:28:17,2025-10-29 04:47:17
2025-10-29,"2025-10-29T08:47:17.0","2025-10-29T09:23:17.0",2,17,2025-10-29 08:47:17,2025-10-29 09:23:17,2025-10-29 04:47:17,2025-10-29 05:23:17
2025-10-29,"2025-10-29T09:23:17.0","2025-10-29T09:49:17.0",1,18,2025-10-29 09:23:17,2025-10-29 09:49:17,2025-10-29 05:23:17,2025-10-29 05:49:17
2025-10-30,"2025-10-30T03:55:35.0","2025-10-30T04:04:35.0",1,1,2025-10-30 03:55:35,2025-10-30 04:04:35,2025-10-29 23:55:35,2025-10-30 00:04:35
2025-10-30,"2025-10-30T04:04:35.0","2025-10-30T04:31:35.0",0,2,2025-10-30 04:04:35,2025-10-30 04:31:35,2025-10-30 00:04:35,2025-10-30 00:31:35
2025-10-30,"2025-10-30T04:31:35.0","2025-10-30T06:20:35.0",1,3,2025-10-30 04:31:35,2025-10-30 06:20:35,2025-10-30 00:31:35,2025-10-30 02:20:35
2025-10-30,"2025-10-30T06:20:35.0","2025-10-30T06:41:35.0",0,4,2025-10-30 06:20:35,2025-10-30 06:41:35,2025-10-30 02:20:35,2025-10-30 02:41:35
2025-10-30,"2025-10-30T06:41:35.0","2025-10-30T06:58:35.0",1,5,2025-10-30 06:41:35,2025-10-30 06:58:35,2025-10-30 02:41:35,2025-10-30 02:58:35
2025-10-30,"2025-10-30T06:58:35.0","2025-10-30T07:31:35.0",2,6,2025-10-30 06:58:35,2025-10-30 07:31:35,2025-10-30 02:58:35,2025-10-30 03:31:35
2025-10-30,"2025-10-30T07:31:35.0","2025-10-30T07:54:35.0",1,7,2025-10-30 07:31:35,2025-10-30 07:54:35,2025-10-30 03:31:35,2025-10-30 03:54:35
2025-10-30,"2025-10-30T07:54:35.0","2025-10-30T08:07:35.0",0,8,2025-10-30 07:54:35,2025-10-30 08:07:35,2025-10-30 03:54:35,2025-10-30 04:07:35
2025-10-30,"2025-10-30T08:07:35.0","2025-10-30T08:24:35.0",1,9,2025-10-30 08:07:35,2025-10-30 08:24:35,2025-10-30 04:07:35,2025-10-30 04:24:35
2025-10-30,"2025-10-30T08:24:35.0","2025-10-30T09:16:35.0",2,10,2025-10-30 08:24:35,2025-10-30 09:16:35,2025-10-30 04:24:35,2025-10-30 05:16:35
2025-10-30,"2025-10-30T09:16:35.0","2025-10-30T10:07:35.0",1,11,2025-10-30 09:16:35,2025-10-30 10:07:35,2025-10-30 05:16:35,2025-10-30 06:07:35
2025-10-30,"2025-10-30T10:07:35.0","2025-10-30T10:10:35.0",3,12,2025-10-30 10:07:35,2025-10-30 10:10:35,2025-10-30 06:07:35,2025-10-30 06:10:35
2025-10-30,"2025-10-30T10:10:35.0","2025-10-30T10:49:35.0",1,13,2025-10-30 10:10:35,2025-10-30 10:49:35,2025-10-30 06:10:35,2025-10-30 06:49:35
2025-10-30,"2025-10-30T10:49:35.0","2025-10-30T11:29:35.0",2,14,2025-10-30 10:49:35,2025-10-30 11:29:35,2025-10-30 06:49:35,2025-10-30 07:29:35
2025-10-31,"2025-10-31T03:56:35.0","2025-10-31T04:06:35.0",1,1,2025-10-31 03:56:35,2025-10-31 04:06:35,2025-10-30 23:56:35,2025-10-31 00:06:35
2025-10-31,"2025-10-31T04:06:35.0","2025-10-31T04:49:35.0",0,2,2025-10-31 04:06:35,2025-10-31 04:49:35,2025-10-31 00:06:35,2025-10-31 00:49:35
2025-10-31,"2025-10-31T04:49:35.0","2025-10-31T05:29:35.0",1,3,2025-10-31 04:49:35,2025-10-31 05:29:35,2025-10-31 00:49:35,2025-10-31 01:29:35
2025-10-31,"2025-10-31T05:29:35.0","2025-10-31T06:12:35.0",0,4,2025-10-31 05:29:35,2025-10-31 06:12:35,2025-10-31 01:29:35,2025-10-31 02:12:35
2025-10-31,"2025-10-31T06:12:35.0","2025-10-31T06:47:35.0",1,5,2025-10-31 06:12:35,2025-10-31 06:47:35,2025-10-31 02:12:35,2025-10-31 02:47:35
2025-10-31,"2025-10-31T06:47:35.0","2025-10-31T06:56:35.0",2,6,2025-10-31 06:47:35,2025-10-31 06:56:35,2025-10-31 02:47:35,2025-10-31 02:56:35
2025-10-31,"2025-10-31T06:56:35.0","2025-10-31T07:07:35.0",1,7,2025-10-31 06:56:35,2025-10-31 07:07:35,2025-10-31 02:56:35,2025-10-31 03:07:35
2025-10-31,"2025-10-31T07:07:35.0","2025-10-31T07:47:35.0",0,8,2025-10-31 07:07:35,2025-10-31 07:47:35,2025-10-31 03:07:35,2025-10-31 03:47:35
2025-10-31,"2025-10-31T07:47:35.0","2025-10-31T08:35:35.0",1,9,2025-10-31 07:47:35,2025-10-31 08:35:35,2025-10-31 03:47:35,2025-10-31 04:35:35
2025-10-31,"2025-10-31T08:35:35.0","2025-10-31T09:17:35.0",2,10,2025-10-31 08:35:35,2025-10-31 09:17:35,2025-10-31 04:35:35,2025-10-31 05:17:35
2025-11-01,"2025-11-01T05:08:15.0","2025-11-01T05:41:15.0",1,1,2025-11-01 05:08:15,2025-11-01 05:41:15,2025-11-01 01:08:15,2025-11-01 01:41:15
2025-11-01,"2025-11-01T05:41:15.0","2025-11-01T06:02:15.0",0,2,2025-11-01 05:41:15,2025-11-01 06:02:15,2025-11-01 01:41:15,2025-11-01 02:02:15
2025-11-01,"2025-11-01T06:02:15.0","2025-11-01T06:08:15.0",1,3,2025-11-01 06:02:15,2025-11-01 06:08:15,2025-11-01 02:02:15,2025-11-01 02:08:15
2025-11-01,"2025-11-01T06:08:15.0","2025-11-01T06:09:15.0",3,4,2025-11-01 06:08:15,2025-11-01 06:09:15,2025-11-01 02:08:15,2025-11-01 02:09:15
2025-11-01,"2025-11-01T06:09:15.0","2025-11-01T06:22:15.0",1,5,2025-11-01 06:09:15,2025-11-01 06:22:15,2025-11-01 02:09:15,2025-11-01 02:22:15
2025-11-01,"2025-11-01T06:22:15.0","2025-11-01T06:40:15.0",2,6,2025-11-01 06:22:15,2025-11-01 06:40:15,2025-11-01 02:22:15,2025-11-01 02:40:15
2025-11-01,"2025-11-01T06:40:15.0","2025-11-01T06:43:15.0",1,7,2025-11-01 06:40:15,2025-11-01 06:43:15,2025-11-01 02:40:15,2025-11-01 02:43:15
2025-11-01,"2025-11-01T06:43:15.0","2025-11-01T06:44:15.0",3,8,2025-11-01 06:43:15,2025-11-01 06:44:15,2025-11-01 02:43:15,2025-11-01 02:44:15
2025-11-01,"2025-11-01T06:44:15.0","2025-11-01T07:07:15.0",1,9,2025-11-01 06:44:15,2025-11-01 07:07:15,2025-11-01 02:44:15,2025-11-01 03:07:15
2025-11-01,"2025-11-01T07:07:15.0","2025-11-01T07:41:15.0",0,10,2025-11-01 07:07:15,2025-11-01 07:41:15,2025-11-01 03:07:15,2025-11-01 03:41:15
2025-11-01,"2025-11-01T07:41:15.0","2025-11-01T08:24:15.0",1,11,2025-11-01 07:41:15,2025-11-01 08:24:15,2025-11-01 03:41:15,2025-11-01 04:24:15
2025-11-01,"2025-11-01T08:24:15.0","2025-11-01T08:54:15.0",0,12,2025-11-01 08:24:15,2025-11-01 08:54:15,2025-11-01 04:24:15,2025-11-01 04:54:15
2025-11-01,"2025-11-01T08:54:15.0","2025-11-01T09:18:15.0",1,13,2025-11-01 08:54:15,2025-11-01 09:18:15,2025-11-01 04:54:15,2025-11-01 05:18:15
2025-11-01,"2025-11-01T09:18:15.0","2025-11-01T09:29:15.0",2,14,2025-11-01 09:18:15,2025-11-01 09:29:15,2025-11-01 05:18:15,2025-11-01 05:29:15
2025-11-01,"2025-11-01T09:29:15.0","2025-11-01T10:00:07.0",1,15,2025-11-01 09:29:15,2025-11-01 10:00:07,2025-11-01 05:29:15,2025-11-01 06:00:07
2025-11-02,"2025-11-02T03:05:07.0","2025-11-02T03:18:07.0",1,1,2025-11-02 03:05:07,2025-11-02 03:18:07,2025-11-01 23:05:07,2025-11-01 23:18:07
2025-11-02,"2025-11-02T03:18:07.0","2025-11-02T03:26:07.0",0,2,2025-11-02 03:18:07,2025-11-02 03:26:07,2025-11-01 23:18:07,2025-11-01 23:26:07
2025-11-02,"2025-11-02T03:26:07.0","2025-11-02T03:29:07.0",3,3,2025-11-02 03:26:07,2025-11-02 03:29:07,2025-11-01 23:26:07,2025-11-01 23:29:07
2025-11-02,"2025-11-02T03:29:07.0","2025-11-02T03:39:07.0",1,4,2025-11-02 03:29:07,2025-11-02 03:39:07,2025-11-01 23:29:07,2025-11-01 23:39:07
2025-11-02,"2025-11-02T03:39:07.0","2025-11-02T03:49:07.0",0,5,2025-11-02 03:39:07,2025-11-02 03:49:07,2025-11-01 23:39:07,2025-11-01 23:49:07
2025-11-02,"2025-11-02T03:49:07.0","2025-11-02T04:32:07.0",1,6,2025-11-02 03:49:07,2025-11-02 04:32:07,2025-11-01 23:49:07,2025-11-02 00:32:07
2025-11-02,"2025-11-02T04:32:07.0","2025-11-02T04:51:07.0",3,7,2025-11-02 04:32:07,2025-11-02 04:51:07,2025-11-02 00:32:07,2025-11-02 00:51:07
2025-11-02,"2025-11-02T04:51:07.0","2025-11-02T05:03:07.0",1,8,2025-11-02 04:51:07,2025-11-02 05:03:07,2025-11-02 00:51:07,2025-11-02 01:03:07
2025-11-02,"2025-11-02T05:03:07.0","2025-11-02T05:45:07.0",0,9,2025-11-02 05:03:07,2025-11-02 05:45:07,2025-11-02 01:03:07,2025-11-02 01:45:07
2025-11-02,"2025-11-02T05:45:07.0","2025-11-02T06:54:07.0",1,10,2025-11-02 05:45:07,2025-11-02 06:54:07,2025-11-02 01:45:07,2025-11-02 01:54:07
2025-11-02,"2025-11-02T06:54:07.0","2025-11-02T07:12:07.0",0,11,2025-11-02 06:54:07,2025-11-02 07:12:07,2025-11-02 01:54:07,2025-11-02 02:12:07
2025-11-02,"2025-11-02T07:12:07.0","2025-11-02T07:32:07.0",1,12,2025-11-02 07:12:07,2025-11-02 07:32:07,2025-11-02 02:12:07,2025-11-02 02:32:07
2025-11-02,"2025-11-02T07:32:07.0","2025-11-02T07:33:07.0",3,13,2025-11-02 07:32:07,2025-11-02 07:33:07,2025-11-02 02:32:07,2025-11-02 02:33:07
2025-11-02,"2025-11-02T07:33:07.0","2025-11-02T07:58:07.0",1,14,2025-11-02 07:33:07,2025-11-02 07:58:07,2025-11-02 02:33:07,2025-11-02 02:58:07
2025-11-02,"2025-11-02T07:58:07.0","2025-11-02T08:12:07.0",0,15,2025-11-02 07:58:07,2025-11-02 08:12:07,2025-11-02 02:58:07,2025-11-02 03:12:07
2025-11-02,"2025-11-02T08:12:07.0","2025-11-02T08:32:07.0",1,16,2025-11-02 08:12:07,2025-11-02 08:32:07,2025-11-02 03:12:07,2025-11-02 03:32:07
2025-11-02,"2025-11-02T08:32:07.0","2025-11-02T09:03:07.0",2,17,2025-11-02 08:32:07,2025-11-02 09:03:07,2025-11-02 03:32:07,2025-11-02 04:03:07
2025-11-03,"2025-11-03T01:38:34.0","2025-11-03T01:45:34.0",1,1,2025-11-03 01:38:34,2025-11-03 01:45:34,2025-11-02 20:38:34,2025-11-02 20:45:34
2025-11-03,"2025-11-03T01:45:34.0","2025-11-03T02:12:34.0",0,2,2025-11-03 01:45:34,2025-11-03 02:12:34,2025-11-02 20:45:34,2025-11-02 21:12:34
2025-11-03,"2025-11-03T02:12:34.0","2025-11-03T02:14:34.0",3,3,2025-11-03 02:12:34,2025-11-03 02:14:34,2025-11-02 21:12:34,2025-11-02 21:14:34
2025-11-03,"2025-11-03T02:14:34.0","2025-11-03T02:41:34.0",1,4,2025-11-03 02:14:34,2025-11-03 02:41:34,2025-11-02 21:14:34,2025-11-02 21:41:34
2025-11-03,"2025-11-03T02:41:34.0","2025-11-03T02:54:34.0",0,5,2025-11-03 02:41:34,2025-11-03 02:54:34,2025-11-02 21:41:34,2025-11-02 21:54:34
2025-11-03,"2025-11-03T02:54:34.0","2025-11-03T03:35:34.0",1,6,2025-11-03 02:54:34,2025-11-03 03:35:34,2025-11-02 21:54:34,2025-11-02 22:35:34
2025-11-03,"2025-11-03T03:35:34.0","2025-11-03T04:24:34.0",0,7,2025-11-03 03:35:34,2025-11-03 04:24:34,2025-11-02 22:35:34,2025-11-02 23:24:34
2025-11-03,"2025-11-03T04:24:34.0","2025-11-03T05:13:34.0",1,8,2025-11-03 04:24:34,2025-11-03 05:13:34,2025-11-02 23:24:34,2025-11-03 00:13:34
2025-11-03,"2025-11-03T05:13:34.0","2025-11-03T05:18:34.0",2,9,2025-11-03 05:13:34,2025-11-03 05:18:34,2025-11-03 00:13:34,2025-11-03 00:18:34
2025-11-03,"2025-11-03T05:18:34.0","2025-11-03T05:49:34.0",1,10,2025-11-03 05:18:34,2025-11-03 05:49:34,2025-11-03 00:18:34,2025-11-03 00:49:34
2025-11-03,"2025-11-03T05:49:34.0","2025-11-03T05:50:34.0",3,11,2025-11-03 05:49:34,2025-11-03 05:50:34,2025-11-03 00:49:34,2025-11-03 00:50:34
2025-11-03,"2025-11-03T05:50:34.0","2025-11-03T06:47:34.0",1,12,2025-11-03 05:50:34,2025-11-03 06:47:34,2025-11-03 00:50:34,2025-11-03 01:47:34
2025-11-03,"2025-11-03T06:47:34.0","2025-11-03T06:55:34.0",3,13,2025-11-03 06:47:34,2025-11-03 06:55:34,2025-11-03 01:47:34,2025-11-03 01:55:34
2025-11-03,"2025-11-03T06:55:34.0","2025-11-03T07:12:34.0",1,14,2025-11-03 06:55:34,2025-11-03 07:12:34,2025-11-03 01:55:34,2025-11-03 02:12:34
2025-11-03,"2025-11-03T07:12:34.0","2025-11-03T07:33:34.0",3,15,2025-11-03 07:12:34,2025-11-03 07:33:34,2025-11-03 02:12:34,2025-11-03 02:33:34
2025-11-03,"2025-11-03T07:33:34.0","2025-11-03T08:08:34.0",1,16,2025-11-03 07:33:34,2025-11-03 08:08:34,2025-11-03 02:33:34,2025-11-03 03:08:34
2025-11-03,"2025-11-03T08:08:34.0","2025-11-03T08:10:34.0",3,17,2025-11-03 08:08:34,2025-11-03 08:10:34,2025-11-03 03:08:34,2025-11-03 03:10:34
2025-11-03,"2025-11-03T08:10:34.0","2025-11-03T08:58:34.0",1,18,2025-11-03 08:10:34,2025-11-03 08:58:34,2025-11-03 03:10:34,2025-11-03 03:58:34
2025-11-03,"2025-11-03T08:58:34.0","2025-11-03T09:26:34.0",2,19,2025-11-03 08:58:34,2025-11-03 09:26:34,2025-11-03 03:58:34,2025-11-03 04:26:34
2025-11-04,"2025-11-04T03:17:41.0","2025-11-04T03:21:41.0",1,1,2025-11-04 03:17:41,2025-11-04 03:21:41,2025-11-03 22:17:41,2025-11-03 22:21:41
2025-11-04,"2025-11-04T03:21:41.0","2025-11-04T04:01:41.0",0,2,2025-11-04 03:21:41,2025-11-04 04:01:41,2025-11-03 22:21:41,2025-11-03 23:01:41
2025-11-04,"2025-11-04T04:01:41.0","2025-11-04T04:59:41.0",1,3,2025-11-04 04:01:41,2025-11-04 04:59:41,2025-11-03 23:01:41,2025-11-03 23:59:41
2025-11-04,"2025-11-04T04:59:41.0","2025-11-04T05:48:41.0",0,4,2025-11-04 04:59:41,2025-11-04 05:48:41,2025-11-03 23:59:41,2025-11-04 00:48:41
2025-11-04,"2025-11-04T05:48:41.0","2025-11-04T05:56:41.0",1,5,2025-11-04 05:48:41,2025-11-04 05:56:41,2025-11-04 00:48:41,2025-11-04 00:56:41
2025-11-04,"2025-11-04T05:56:41.0","2025-11-04T06:14:41.0",2,6,2025-11-04 05:56:41,2025-11-04 06:14:41,2025-11-04 00:56:41,2025-11-04 01:14:41
2025-11-04,"2025-11-04T06:14:41.0","2025-11-04T06:30:41.0",1,7,2025-11-04 06:14:41,2025-11-04 06:30:41,2025-11-04 01:14:41,2025-11-04 01:30:41
2025-11-04,"2025-11-04T06:30:41.0","2025-11-04T06:35:41.0",0,8,2025-11-04 06:30:41,2025-11-04 06:35:41,2025-11-04 01:30:41,2025-11-04 01:35:41
2025-11-04,"2025-11-04T06:35:41.0","2025-11-04T07:04:41.0",1,9,2025-11-04 06:35:41,2025-11-04 07:04:41,2025-11-04 01:35:41,2025-11-04 02:04:41
2025-11-04,"2025-11-04T07:04:41.0","2025-11-04T07:51:41.0",2,10,2025-11-04 07:04:41,2025-11-04 07:51:41,2025-11-04 02:04:41,2025-11-04 02:51:41
2025-11-04,"2025-11-04T07:51:41.0","2025-11-04T07:59:41.0",1,11,2025-11-04 07:51:41,2025-11-04 07:59:41,2025-11-04 02:51:41,2025-11-04 02:59:41
2025-11-04,"2025-11-04T07:59:41.0","2025-11-04T08:00:41.0",3,12,2025-11-04 07:59:41,2025-11-04 08:00:41,2025-11-04 02:59:41,2025-11-04 03:00:41
2025-11-04,"2025-11-04T08:00:41.0","2025-11-04T08:18:41.0",1,13,2025-11-04 08:00:41,2025-11-04 08:18:41,2025-11-04 03:00:41,2025-11-04 03:18:41
2025-11-04,"2025-11-04T08:18:41.0","2025-11-04T08:37:41.0",0,14,2025-11-04 08:18:41,2025-11-04 08:37:41,2025-11-04 03:18:41,2025-11-04 03:37:41
2025-11-04,"2025-11-04T08:37:41.0","2025-11-04T09:08:41.0",1,15,2025-11-04 08:37:41,2025-11-04 09:08:41,2025-11-04 03:37:41,2025-11-04 04:08:41
2025-11-04,"2025-11-04T09:08:41.0","2025-11-04T09:28:41.0",2,16,2025-11-04 09:08:41,2025-11-04 09:28:41,2025-11-04 04:08:41,2025-11-04 04:28:41
2025-11-04,"2025-11-04T09:28:41.0","2025-11-04T09:49:41.0",1,17,2025-11-04 09:28:41,2025-11-04 09:49:41,2025-11-04 04:28:41,2025-11-04 04:49:41
2025-11-04,"2025-11-04T09:49:41.0","2025-11-04T10:07:41.0",2,18,2025-11-04 09:49:41,2025-11-04 10:07:41,2025-11-04 04:49:41,2025-11-04 05:07:41
2025-11-04,"2025-11-04T10:07:41.0","2025-11-04T10:39:41.0",1,19,2025-11-04 10:07:41,2025-11-04 10:39:41,2025-11-04 05:07:41,2025-11-04 05:39:41
2025-11-04,"2025-11-04T10:39:41.0","2025-11-04T10:50:41.0",2,20,2025-11-04 10:39:41,2025-11-04 10:50:41,2025-11-04 05:39:41,2025-11-04 05:50:41
2025-11-05,"2025-11-05T04:01:41.0","2025-11-05T04:13:41.0",1,1,2025-11-05 04:01:41,2025-11-05 04:13:41,2025-11-04 23:01:41,2025-11-04 23:13:41
2025-11-05,"2025-11-05T04:13:41.0","2025-11-05T05:00:41.0",0,2,2025-11-05 04:13:41,2025-11-05 05:00:41,2025-11-04 23:13:41,2025-11-05 00:00:41
2025-11-05,"2025-11-05T05:00:41.0","2025-11-05T05:56:41.0",1,3,2025-11-05 05:00:41,2025-11-05 05:56:41,2025-11-05 00:00:41,2025-11-05 00:56:41
2025-11-05,"2025-11-05T05:56:41.0","2025-11-05T06:04:41.0",0,4,2025-11-05 05:56:41,2025-11-05 06:04:41,2025-11-05 00:56:41,2025-11-05 01:04:41
2025-11-05,"2025-11-05T06:04:41.0","2025-11-05T06:22:41.0",1,5,2025-11-05 06:04:41,2025-11-05 06:22:41,2025-11-05 01:04:41,2025-11-05 01:22:41
2025-11-05,"2025-11-05T06:22:41.0","2025-11-05T06:50:41.0",2,6,2025-11-05 06:22:41,2025-11-05 06:50:41,2025-11-05 01:22:41,2025-11-05 01:50:41
2025-11-05,"2025-11-05T06:50:41.0","2025-11-05T07:04:41.0",1,7,2025-11-05 06:50:41,2025-11-05 07:04:41,2025-11-05 01:50:41,2025-11-05 02:04:41
2025-11-05,"2025-11-05T07:04:41.0","2025-11-05T07:34:41.0",0,8,2025-11-05 07:04:41,2025-11-05 07:34:41,2025-11-05 02:04:41,2025-11-05 02:34:41
2025-11-05,"2025-11-05T07:34:41.0","2025-11-05T07:35:41.0",3,9,2025-11-05 07:34:41,2025-11-05 07:35:41,2025-11-05 02:34:41,2025-11-05 02:35:41
2025-11-05,"2025-11-05T07:35:41.0","2025-11-05T07:41:41.0",1,10,2025-11-05 07:35:41,2025-11-05 07:41:41,2025-11-05 02:35:41,2025-11-05 02:41:41
2025-11-05,"2025-11-05T07:41:41.0","2025-11-05T08:27:41.0",2,11,2025-11-05 07:41:41,2025-11-05 08:27:41,2025-11-05 02:41:41,2025-11-05 03:27:41
2025-11-05,"2025-11-05T08:27:41.0","2025-11-05T09:44:41.0",1,12,2025-11-05 08:27:41,2025-11-05 09:44:41,2025-11-05 03:27:41,2025-11-05 04:44:41
2025-11-05,"2025-11-05T09:44:41.0","2025-11-05T10:06:41.0",2,13,2025-11-05 09:44:41,2025-11-05 10:06:41,2025-11-05 04:44:41,2025-11-05 05:06:41
2025-11-05,"2025-11-05T10:06:41.0","2025-11-05T10:52:41.0",1,14,2025-11-05 10:06:41,2025-11-05 10:52:41,2025-11-05 05:06:41,2025-11-05 05:52:41
2025-11-05,"2025-11-05T10:52:41.0","2025-11-05T11:14:41.0",2,15,2025-11-05 10:52:41,2025-11-05 11:14:41,2025-11-05 05:52:41,2025-11-05 06:14:41
2025-11-06,"2025-11-06T03:46:01.0","2025-11-06T03:56:01.0",1,1,2025-11-06 03:46:01,2025-11-06 03:56:01,2025-11-05 22:46:01,2025-11-05 22:56:01
2025-11-06,"2025-11-06T03:56:01.0","2025-11-06T04:18:01.0",0,2,2025-11-06 03:56:01,2025-11-06 04:18:01,2025-11-05 22:56:01,2025-11-05 23:18:01
2025-11-06,"2025-11-06T04:18:01.0","2025-11-06T04:42:01.0",1,3,2025-11-06 04:18:01,2025-11-06 04:42:01,2025-11-05 23:18:01,2025-11-05 23:42:01
2025-11-06,"2025-11-06T04:42:01.0","2025-11-06T04:48:01.0",3,4,2025-11-06 04:42:01,2025-11-06 04:48:01,2025-11-05 23:42:01,2025-11-05 23:48:01
2025-11-06,"2025-11-06T04:48:01.0","2025-11-06T04:58:01.0",1,5,2025-11-06 04:48:01,2025-11-06 04:58:01,2025-11-05 23:48:01,2025-11-05 23:58:01
2025-11-06,"2025-11-06T04:58:01.0","2025-11-06T05:43:01.0",0,6,2025-11-06 04:58:01,2025-11-06 05:43:01,2025-11-05 23:58:01,2025-11-06 00:43:01
2025-11-06,"2025-11-06T05:43:01.0","2025-11-06T05:55:01.0",1,7,2025-11-06 05:43:01,2025-11-06 05:55:01,2025-11-06 00:43:01,2025-11-06 00:55:01
2025-11-06,"2025-11-06T05:55:01.0","2025-11-06T05:57:01.0",3,8,2025-11-06 05:55:01,2025-11-06 05:57:01,2025-11-06 00:55:01,2025-11-06 00:57:01
2025-11-06,"2025-11-06T05:57:01.0","2025-11-06T06:14:01.0",1,9,2025-11-06 05:57:01,2025-11-06 06:14:01,2025-11-06 00:57:01,2025-11-06 01:14:01
2025-11-06,"2025-11-06T06:14:01.0","2025-11-06T06:24:01.0",2,10,2025-11-06 06:14:01,2025-11-06 06:24:01,2025-11-06 01:14:01,2025-11-06 01:24:01
2025-11-06,"2025-11-06T06:24:01.0","2025-11-06T06:39:01.0",1,11,2025-11-06 06:24:01,2025-11-06 06:39:01,2025-11-06 01:24:01,2025-11-06 01:39:01
2025-11-06,"2025-11-06T06:39:01.0","2025-11-06T06:40:01.0",3,12,2025-11-06 06:39:01,2025-11-06 06:40:01,2025-11-06 01:39:01,2025-11-06 01:40:01
2025-11-06,"2025-11-06T06:40:01.0","2025-11-06T06:55:01.0",1,13,2025-11-06 06:40:01,2025-11-06 06:55:01,2025-11-06 01:40:01,2025-11-06 01:55:01
2025-11-06,"2025-11-06T06:55:01.0","2025-11-06T07:24:01.0",0,14,2025-11-06 06:55:01,2025-11-06 07:24:01,2025-11-06 01:55:01,2025-11-06 02:24:01
2025-11-06,"2025-11-06T07:24:01.0","2025-11-06T07:27:01.0",3,15,2025-11-06 07:24:01,2025-11-06 07:27:01,2025-11-06 02:24:01,2025-11-06 02:27:01
2025-11-06,"2025-11-06T07:27:01.0","2025-11-06T08:35:01.0",1,16,2025-11-06 07:27:01,2025-11-06 08:35:01,2025-11-06 02:27:01,2025-11-06 03:35:01
2025-11-06,"2025-11-06T08:35:01.0","2025-11-06T08:45:01.0",0,17,2025-11-06 08:35:01,2025-11-06 08:45:01,2025-11-06 03:35:01,2025-11-06 03:45:01
2025-11-06,"2025-11-06T08:45:01.0","2025-11-06T10:00:01.0",1,18,2025-11-06 08:45:01,2025-11-06 10:00:01,2025-11-06 03:45:01,2025-11-06 05:00:01
2025-11-06,"2025-11-06T10:00:01.0","2025-11-06T10:34:01.0",2,19,2025-11-06 10:00:01,2025-11-06 10:34:01,2025-11-06 05:00:01,2025-11-06 05:34:01
2025-11-06,"2025-11-06T10:34:01.0","2025-11-06T10:51:01.0",3,20,2025-11-06 10:34:01,2025-11-06 10:51:01,2025-11-06 05:34:01,2025-11-06 05:51:01
2025-11-06,"2025-11-06T10:51:01.0","2025-11-06T11:22:01.0",1,21,2025-11-06 10:51:01,2025-11-06 11:22:01,2025-11-06 05:51:01,2025-11-06 06:22:01
2025-11-07,"2025-11-07T00:37:40.0","2025-11-07T00:47:40.0",1,1,2025-11-07 00:37:40,2025-11-07 00:47:40,2025-11-06 19:37:40,2025-11-06 19:47:40
2025-11-07,"2025-11-07T00:47:40.0","2025-11-07T01:17:40.0",0,2,2025-11-07 00:47:40,2025-11-07 01:17:40,2025-11-06 19:47:40,2025-11-06 20:17:40
2025-11-07,"2025-11-07T01:17:40.0","2025-11-07T01:29:40.0",3,3,2025-11-07 01:17:40,2025-11-07 01:29:40,2025-11-06 20:17:40,2025-11-06 20:29:40
2025-11-07,"2025-11-07T01:29:40.0","2025-11-07T01:38:40.0",1,4,2025-11-07 01:29:40,2025-11-07 01:38:40,2025-11-06 20:29:40,2025-11-06 20:38:40
2025-11-07,"2025-11-07T01:38:40.0","2025-11-07T01:57:40.0",0,5,2025-11-07 01:38:40,2025-11-07 01:57:40,2025-11-06 20:38:40,2025-11-06 20:57:40
2025-11-07,"2025-11-07T01:57:40.0","2025-11-07T01:59:40.0",3,6,2025-11-07 01:57:40,2025-11-07 01:59:40,2025-11-06 20:57:40,2025-11-06 20:59:40
2025-11-07,"2025-11-07T01:59:40.0","2025-11-07T02:14:40.0",1,7,2025-11-07 01:59:40,2025-11-07 02:14:40,2025-11-06 20:59:40,2025-11-06 21:14:40
2025-11-07,"2025-11-07T02:14:40.0","2025-11-07T02:32:40.0",3,8,2025-11-07 02:14:40,2025-11-07 02:32:40,2025-11-06 21:14:40,2025-11-06 21:32:40
2025-11-07,"2025-11-07T02:32:40.0","2025-11-07T02:56:40.0",1,9,2025-11-07 02:32:40,2025-11-07 02:56:40,2025-11-06 21:32:40,2025-11-06 21:56:40
2025-11-07,"2025-11-07T02:56:40.0","2025-11-07T02:57:40.0",3,10,2025-11-07 02:56:40,2025-11-07 02:57:40,2025-11-06 21:56:40,2025-11-06 21:57:40
2025-11-07,"2025-11-07T02:57:40.0","2025-11-07T03:47:40.0",1,11,2025-11-07 02:57:40,2025-11-07 03:47:40,2025-11-06 21:57:40,2025-11-06 22:47:40
2025-11-07,"2025-11-07T03:47:40.0","2025-11-07T04:26:40.0",0,12,2025-11-07 03:47:40,2025-11-07 04:26:40,2025-11-06 22:47:40,2025-11-06 23:26:40
2025-11-07,"2025-11-07T04:26:40.0","2025-11-07T04:29:40.0",1,13,2025-11-07 04:26:40,2025-11-07 04:29:40,2025-11-06 23:26:40,2025-11-06 23:29:40
2025-11-07,"2025-11-07T04:29:40.0","2025-11-07T04:51:40.0",2,14,2025-11-07 04:29:40,2025-11-07 04:51:40,2025-11-06 23:29:40,2025-11-06 23:51:40
2025-11-07,"2025-11-07T04:51:40.0","2025-11-07T07:09:40.0",1,15,2025-11-07 04:51:40,2025-11-07 07:09:40,2025-11-06 23:51:40,2025-11-07 02:09:40
2025-11-08,"2025-11-08T01:09:28.0","2025-11-08T01:16:28.0",1,1,2025-11-08 01:09:28,2025-11-08 01:16:28,2025-11-07 20:09:28,2025-11-07 20:16:28
2025-11-08,"2025-11-08T01:16:28.0","2025-11-08T01:43:28.0",0,2,2025-11-08 01:16:28,2025-11-08 01:43:28,2025-11-07 20:16:28,2025-11-07 20:43:28
2025-11-08,"2025-11-08T01:43:28.0","2025-11-08T01:44:28.0",3,3,2025-11-08 01:43:28,2025-11-08 01:44:28,2025-11-07 20:43:28,2025-11-07 20:44:28
2025-11-08,"2025-11-08T01:44:28.0","2025-11-08T01:50:28.0",1,4,2025-11-08 01:44:28,2025-11-08 01:50:28,2025-11-07 20:44:28,2025-11-07 20:50:28
2025-11-08,"2025-11-08T01:50:28.0","2025-11-08T02:11:28.0",0,5,2025-11-08 01:50:28,2025-11-08 02:11:28,2025-11-07 20:50:28,2025-11-07 21:11:28
2025-11-08,"2025-11-08T02:11:28.0","2025-11-08T03:05:28.0",1,6,2025-11-08 02:11:28,2025-11-08 03:05:28,2025-11-07 21:11:28,2025-11-07 22:05:28
2025-11-08,"2025-11-08T03:05:28.0","2025-11-08T03:46:28.0",0,7,2025-11-08 03:05:28,2025-11-08 03:46:28,2025-11-07 22:05:28,2025-11-07 22:46:28
2025-11-08,"2025-11-08T03:46:28.0","2025-11-08T03:50:28.0",3,8,2025-11-08 03:46:28,2025-11-08 03:50:28,2025-11-07 22:46:28,2025-11-07 22:50:28
2025-11-08,"2025-11-08T03:50:28.0","2025-11-08T04:16:28.0",1,9,2025-11-08 03:50:28,2025-11-08 04:16:28,2025-11-07 22:50:28,2025-11-07 23:16:28
2025-11-08,"2025-11-08T04:16:28.0","2025-11-08T04:26:28.0",0,10,2025-11-08 04:16:28,2025-11-08 04:26:28,2025-11-07 23:16:28,2025-11-07 23:26:28
2025-11-08,"2025-11-08T04:26:28.0","2025-11-08T04:48:28.0",1,11,2025-11-08 04:26:28,2025-11-08 04:48:28,2025-11-07 23:26:28,2025-11-07 23:48:28
2025-11-08,"2025-11-08T04:48:28.0","2025-11-08T05:06:28.0",0,12,2025-11-08 04:48:28,2025-11-08 05:06:28,2025-11-07 23:48:28,2025-11-08 00:06:28
2025-11-08,"2025-11-08T05:06:28.0","2025-11-08T05:52:28.0",1,13,2025-11-08 05:06:28,2025-11-08 05:52:28,2025-11-08 00:06:28,2025-11-08 00:52:28
2025-11-08,"2025-11-08T05:52:28.0","2025-11-08T06:29:28.0",3,14,2025-11-08 05:52:28,2025-11-08 06:29:28,2025-11-08 00:52:28,2025-11-08 01:29:28
2025-11-08,"2025-11-08T06:29:28.0","2025-11-08T06:46:28.0",1,15,2025-11-08 06:29:28,2025-11-08 06:46:28,2025-11-08 01:29:28,2025-11-08 01:46:28
2025-11-08,"2025-11-08T06:46:28.0","2025-11-08T06:55:28.0",3,16,2025-11-08 06:46:28,2025-11-08 06:55:28,2025-11-08 01:46:28,2025-11-08 01:55:28
2025-11-08,"2025-11-08T06:55:28.0","2025-11-08T07:17:28.0",1,17,2025-11-08 06:55:28,2025-11-08 07:17:28,2025-11-08 01:55:28,2025-11-08 02:17:28
2025-11-08,"2025-11-08T07:17:28.0","2025-11-08T07:35:28.0",3,18,2025-11-08 07:17:28,2025-11-08 07:35:28,2025-11-08 02:17:28,2025-11-08 02:35:28
2025-11-08,"2025-11-08T07:35:28.0","2025-11-08T08:27:28.0",1,19,2025-11-08 07:35:28,2025-11-08 08:27:28,2025-11-08 02:35:28,2025-11-08 03:27:28
2025-11-08,"2025-11-08T08:27:28.0","2025-11-08T08:48:28.0",2,20,2025-11-08 08:27:28,2025-11-08 08:48:28,2025-11-08 03:27:28,2025-11-08 03:48:28
2025-11-08,"2025-11-08T08:48:28.0","2025-11-08T09:58:28.0",1,21,2025-11-08 08:48:28,2025-11-08 09:58:28,2025-11-08 03:48:28,2025-11-08 04:58:28
2025-11-08,"2025-11-08T09:58:28.0","2025-11-08T10:17:28.0",2,22,2025-11-08 09:58:28,2025-11-08 10:17:28,2025-11-08 04:58:28,2025-11-08 05:17:28
2025-11-08,"2025-11-08T10:17:28.0","2025-11-08T10:31:28.0",1,23,2025-11-08 10:17:28,2025-11-08 10:31:28,2025-11-08 05:17:28,2025-11-08 05:31:28
2025-11-08,"2025-11-08T10:31:28.0","2025-11-08T10:36:28.0",3,24,2025-11-08 10:31:28,2025-11-08 10:36:28,2025-11-08 05:31:28,2025-11-08 05:36:28
2025-11-08,"2025-11-08T10:36:28.0","2025-11-08T11:07:28.0",1,25,2025-11-08 10:36:28,2025-11-08 11:07:28,2025-11-08 05:36:28,2025-11-08 06:07:28
2025-11-08,"2025-11-08T11:07:28.0","2025-11-08T11:12:28.0",2,26,2025-11-08 11:07:28,2025-11-08 11:12:28,2025-11-08 06:07:28,2025-11-08 06:12:28
2025-11-08,"2025-11-08T11:12:28.0","2025-11-08T12:09:28.0",1,27,2025-11-08 11:12:28,2025-11-08 12:09:28,2025-11-08 06:12:28,2025-11-08 07:09:28
2025-11-08,"2025-11-08T12:09:28.0","2025-11-08T12:48:28.0",2,28,2025-11-08 12:09:28,2025-11-08 12:48:28,2025-11-08 07:09:28,2025-11-08 07:48:28
2025-11-08,"2025-11-08T12:48:28.0","2025-11-08T13:10:28.0",1,29,2025-11-08 12:48:28,2025-11-08 13:10:28,2025-11-08 07:48:28,2025-11-08 08:10:28
2025-11-08,"2025-11-08T13:10:28.0","2025-11-08T13:16:28.0",2,30,2025-11-08 13:10:28,2025-11-08 13:16:28,2025-11-08 08:10:28,2025-11-08 08:16:28
2025-11-08,"2025-11-08T13:16:28.0","2025-11-08T13:29:28.0",1,31,2025-11-08 13:16:28,2025-11-08 13:29:28,2025-11-08 08:16:28,2025-11-08 08:29:28
2025-11-08,"2025-11-08T13:29:28.0","2025-11-08T13:39:28.0",2,32,2025-11-08 13:29:28,2025-11-08 13:39:28,2025-11-08 08:29:28,2025-11-08 08:39:28
2025-11-09,"2025-11-09T04:01:46.0","2025-11-09T04:14:46.0",1,1,2025-11-09 04:01:46,2025-11-09 04:14:46,2025-11-08 23:01:46,2025-11-08 23:14:46
2025-11-09,"2025-11-09T04:14:46.0","2025-11-09T04:47:46.0",0,2,2025-11-09 04:14:46,2025-11-09 04:47:46,2025-11-08 23:14:46,2025-11-08 23:47:46
2025-11-09,"2025-11-09T04:47:46.0","2025-11-09T05:39:46.0",1,3,2025-11-09 04:47:46,2025-11-09 05:39:46,2025-11-08 23:47:46,2025-11-09 00:39:46
2025-11-09,"2025-11-09T05:39:46.0","2025-11-09T05:57:46.0",0,4,2025-11-09 05:39:46,2025-11-09 05:57:46,2025-11-09 00:39:46,2025-11-09 00:57:46
2025-11-09,"2025-11-09T05:57:46.0","2025-11-09T06:25:46.0",1,5,2025-11-09 05:57:46,2025-11-09 06:25:46,2025-11-09 00:57:46,2025-11-09 01:25:46
2025-11-09,"2025-11-09T06:25:46.0","2025-11-09T06:33:46.0",2,6,2025-11-09 06:25:46,2025-11-09 06:33:46,2025-11-09 01:25:46,2025-11-09 01:33:46
2025-11-09,"2025-11-09T06:33:46.0","2025-11-09T07:26:46.0",1,7,2025-11-09 06:33:46,2025-11-09 07:26:46,2025-11-09 01:33:46,2025-11-09 02:26:46
2025-11-09,"2025-11-09T07:26:46.0","2025-11-09T07:51:46.0",0,8,2025-11-09 07:26:46,2025-11-09 07:51:46,2025-11-09 02:26:46,2025-11-09 02:51:46
2025-11-09,"2025-11-09T07:51:46.0","2025-11-09T08:17:46.0",1,9,2025-11-09 07:51:46,2025-11-09 08:17:46,2025-11-09 02:51:46,2025-11-09 03:17:46
2025-11-09,"2025-11-09T08:17:46.0","2025-11-09T09:25:46.0",2,10,2025-11-09 08:17:46,2025-11-09 09:25:46,2025-11-09 03:17:46,2025-11-09 04:25:46
2025-11-09,"2025-11-09T09:25:46.0","2025-11-09T09:30:46.0",1,11,2025-11-09 09:25:46,2025-11-09 09:30:46,2025-11-09 04:25:46,2025-11-09 04:30:46
2025-11-09,"2025-11-09T09:30:46.0","2025-11-09T09:40:46.0",2,12,2025-11-09 09:30:46,2025-11-09 09:40:46,2025-11-09 04:30:46,2025-11-09 04:40:46
2025-11-10,"2025-11-10T02:57:41.0","2025-11-10T03:05:41.0",1,1,2025-11-10 02:57:41,2025-11-10 03:05:41,2025-11-09 21:57:41,2025-11-09 22:05:41
2025-11-10,"2025-11-10T03:05:41.0","2025-11-10T03:32:41.0",0,2,2025-11-10 03:05:41,2025-11-10 03:32:41,2025-11-09 22:05:41,2025-11-09 22:32:41
2025-11-10,"2025-11-10T03:32:41.0","2025-11-10T03:49:41.0",1,3,2025-11-10 03:32:41,2025-11-10 03:49:41,2025-11-09 22:32:41,2025-11-09 22:49:41
2025-11-10,"2025-11-10T03:49:41.0","2025-11-10T03:59:41.0",0,4,2025-11-10 03:49:41,2025-11-10 03:59:41,2025-11-09 22:49:41,2025-11-09 22:59:41
2025-11-10,"2025-11-10T03:59:41.0","2025-11-10T04:25:41.0",1,5,2025-11-10 03:59:41,2025-11-10 04:25:41,2025-11-09 22:59:41,2025-11-09 23:25:41
2025-11-10,"2025-11-10T04:25:41.0","2025-11-10T04:51:41.0",2,6,2025-11-10 04:25:41,2025-11-10 04:51:41,2025-11-09 23:25:41,2025-11-09 23:51:41
2025-11-10,"2025-11-10T04:51:41.0","2025-11-10T04:52:41.0",3,7,2025-11-10 04:51:41,2025-11-10 04:52:41,2025-11-09 23:51:41,2025-11-09 23:52:41
2025-11-10,"2025-11-10T04:52:41.0","2025-11-10T05:07:41.0",1,8,2025-11-10 04:52:41,2025-11-10 05:07:41,2025-11-09 23:52:41,2025-11-10 00:07:41
2025-11-10,"2025-11-10T05:07:41.0","2025-11-10T05:43:41.0",0,9,2025-11-10 05:07:41,2025-11-10 05:43:41,2025-11-10 00:07:41,2025-11-10 00:43:41
2025-11-10,"2025-11-10T05:43:41.0","2025-11-10T05:58:41.0",1,10,2025-11-10 05:43:41,2025-11-10 05:58:41,2025-11-10 00:43:41,2025-11-10 00:58:41
2025-11-10,"2025-11-10T05:58:41.0","2025-11-10T06:05:41.0",2,11,2025-11-10 05:58:41,2025-11-10 06:05:41,2025-11-10 00:58:41,2025-11-10 01:05:41
2025-11-10,"2025-11-10T06:05:41.0","2025-11-10T06:24:41.0",1,12,2025-11-10 06:05:41,2025-11-10 06:24:41,2025-11-10 01:05:41,2025-11-10 01:24:41
2025-11-10,"2025-11-10T06:24:41.0","2025-11-10T06:34:41.0",0,13,2025-11-10 06:24:41,2025-11-10 06:34:41,2025-11-10 01:24:41,2025-11-10 01:34:41
2025-11-10,"2025-11-10T06:34:41.0","2025-11-10T06:37:41.0",3,14,2025-11-10 06:34:41,2025-11-10 06:37:41,2025-11-10 01:34:41,2025-11-10 01:37:41
2025-11-10,"2025-11-10T06:37:41.0","2025-11-10T06:56:41.0",1,15,2025-11-10 06:37:41,2025-11-10 06:56:41,2025-11-10 01:37:41,2025-11-10 01:56:41
2025-11-11,"2025-11-11T00:18:46.0","2025-11-11T00:28:46.0",1,1,2025-11-11 00:18:46,2025-11-11 00:28:46,2025-11-10 19:18:46,2025-11-10 19:28:46
2025-11-11,"2025-11-11T00:28:46.0","2025-11-11T01:02:46.0",0,2,2025-11-11 00:28:46,2025-11-11 01:02:46,2025-11-10 19:28:46,2025-11-10 20:02:46
2025-11-11,"2025-11-11T01:02:46.0","2025-11-11T01:31:46.0",1,3,2025-11-11 01:02:46,2025-11-11 01:31:46,2025-11-10 20:02:46,2025-11-10 20:31:46
2025-11-11,"2025-11-11T01:31:46.0","2025-11-11T01:32:46.0",3,4,2025-11-11 01:31:46,2025-11-11 01:32:46,2025-11-10 20:31:46,2025-11-10 20:32:46
2025-11-11,"2025-11-11T01:32:46.0","2025-11-11T01:37:46.0",1,5,2025-11-11 01:32:46,2025-11-11 01:37:46,2025-11-10 20:32:46,2025-11-10 20:37:46
2025-11-11,"2025-11-11T01:37:46.0","2025-11-11T01:43:46.0",0,6,2025-11-11 01:37:46,2025-11-11 01:43:46,2025-11-10 20:37:46,2025-11-10 20:43:46
2025-11-11,"2025-11-11T01:43:46.0","2025-11-11T01:50:46.0",3,7,2025-11-11 01:43:46,2025-11-11 01:50:46,2025-11-10 20:43:46,2025-11-10 20:50:46
2025-11-11,"2025-11-11T01:50:46.0","2025-11-11T02:00:46.0",1,8,2025-11-11 01:50:46,2025-11-11 02:00:46,2025-11-10 20:50:46,2025-11-10 21:00:46
2025-11-11,"2025-11-11T02:00:46.0","2025-11-11T02:18:46.0",0,9,2025-11-11 02:00:46,2025-11-11 02:18:46,2025-11-10 21:00:46,2025-11-10 21:18:46
2025-11-11,"2025-11-11T02:18:46.0","2025-11-11T02:26:46.0",1,10,2025-11-11 02:18:46,2025-11-11 02:26:46,2025-11-10 21:18:46,2025-11-10 21:26:46
2025-11-11,"2025-11-11T02:26:46.0","2025-11-11T02:34:46.0",0,11,2025-11-11 02:26:46,2025-11-11 02:34:46,2025-11-10 21:26:46,2025-11-10 21:34:46
2025-11-11,"2025-11-11T02:34:46.0","2025-11-11T02:44:46.0",1,12,2025-11-11 02:34:46,2025-11-11 02:44:46,2025-11-10 21:34:46,2025-11-10 21:44:46
2025-11-11,"2025-11-11T02:44:46.0","2025-11-11T03:04:46.0",2,13,2025-11-11 02:44:46,2025-11-11 03:04:46,2025-11-10 21:44:46,2025-11-10 22:04:46
2025-11-11,"2025-11-11T03:04:46.0","2025-11-11T03:12:46.0",1,14,2025-11-11 03:04:46,2025-11-11 03:12:46,2025-11-10 22:04:46,2025-11-10 22:12:46
2025-11-11,"2025-11-11T03:12:46.0","2025-11-11T03:24:46.0",2,15,2025-11-11 03:12:46,2025-11-11 03:24:46,2025-11-10 22:12:46,2025-11-10 22:24:46
2025-11-11,"2025-11-11T03:24:46.0","2025-11-11T04:00:46.0",3,16,2025-11-11 03:24:46,2025-11-11 04:00:46,2025-11-10 22:24:46,2025-11-10 23:00:46
2025-11-11,"2025-11-11T04:00:46.0","2025-11-11T04:19:46.0",1,17,2025-11-11 04:00:46,2025-11-11 04:19:46,2025-11-10 23:00:46,2025-11-10 23:19:46
2025-11-11,"2025-11-11T04:19:46.0","2025-11-11T04:32:46.0",3,18,2025-11-11 04:19:46,2025-11-11 04:32:46,2025-11-10 23:19:46,2025-11-10 23:32:46
2025-11-11,"2025-11-11T04:32:46.0","2025-11-11T04:47:46.0",1,19,2025-11-11 04:32:46,2025-11-11 04:47:46,2025-11-10 23:32:46,2025-11-10 23:47:46
2025-11-11,"2025-11-11T04:47:46.0","2025-11-11T04:51:46.0",3,20,2025-11-11 04:47:46,2025-11-11 04:51:46,2025-11-10 23:47:46,2025-11-10 23:51:46
2025-11-11,"2025-11-11T04:51:46.0","2025-11-11T05:56:46.0",1,21,2025-11-11 04:51:46,2025-11-11 05:56:46,2025-11-10 23:51:46,2025-11-11 00:56:46
2025-11-11,"2025-11-11T05:56:46.0","2025-11-11T06:11:46.0",2,22,2025-11-11 05:56:46,2025-11-11 06:11:46,2025-11-11 00:56:46,2025-11-11 01:11:46
2025-11-11,"2025-11-11T06:11:46.0","2025-11-11T07:11:46.0",1,23,2025-11-11 06:11:46,2025-11-11 07:11:46,2025-11-11 01:11:46,2025-11-11 02:11:46
2025-11-11,"2025-11-11T07:11:46.0","2025-11-11T07:28:46.0",2,24,2025-11-11 07:11:46,2025-11-11 07:28:46,2025-11-11 02:11:46,2025-11-11 02:28:46
2025-11-11,"2025-11-11T07:28:46.0","2025-11-11T07:44:46.0",3,25,2025-11-11 07:28:46,2025-11-11 07:44:46,2025-11-11 02:28:46,2025-11-11 02:44:46
2025-11-11,"2025-11-11T07:44:46.0","2025-11-11T08:56:46.0",1,26,2025-11-11 07:44:46,2025-11-11 08:56:46,2025-11-11 02:44:46,2025-11-11 03:56:46
2025-11-11,"2025-11-11T08:56:46.0","2025-11-11T09:42:46.0",2,27,2025-11-11 08:56:46,2025-11-11 09:42:46,2025-11-11 03:56:46,2025-11-11 04:42:46
2025-11-11,"2025-11-11T09:42:46.0","2025-11-11T10:32:46.0",1,28,2025-11-11 09:42:46,2025-11-11 10:32:46,2025-11-11 04:42:46,2025-11-11 05:32:46
2025-11-12,"2025-11-12T04:08:42.0","2025-11-12T04:09:42.0",1,1,2025-11-12 04:08:42,2025-11-12 04:09:42,2025-11-11 23:08:42,2025-11-11 23:09:42
2025-11-12,"2025-11-12T04:09:42.0","2025-11-12T04:58:42.0",0,2,2025-11-12 04:09:42,2025-11-12 04:58:42,2025-11-11 23:09:42,2025-11-11 23:58:42
2025-11-12,"2025-11-12T04:58:42.0","2025-11-12T05:30:42.0",1,3,2025-11-12 04:58:42,2025-11-12 05:30:42,2025-11-11 23:58:42,2025-11-12 00:30:42
2025-11-12,"2025-11-12T05:30:42.0","2025-11-12T05:58:42.0",0,4,2025-11-12 05:30:42,2025-11-12 05:58:42,2025-11-12 00:30:42,2025-11-12 00:58:42
2025-11-12,"2025-11-12T05:58:42.0","2025-11-12T06:03:42.0",1,5,2025-11-12 05:58:42,2025-11-12 06:03:42,2025-11-12 00:58:42,2025-11-12 01:03:42
2025-11-12,"2025-11-12T06:03:42.0","2025-11-12T06:17:42.0",0,6,2025-11-12 06:03:42,2025-11-12 06:17:42,2025-11-12 01:03:42,2025-11-12 01:17:42
2025-11-12,"2025-11-12T06:17:42.0","2025-11-12T06:44:42.0",1,7,2025-11-12 06:17:42,2025-11-12 06:44:42,2025-11-12 01:17:42,2025-11-12 01:44:42
2025-11-12,"2025-11-12T06:44:42.0","2025-11-12T07:19:42.0",2,8,2025-11-12 06:44:42,2025-11-12 07:19:42,2025-11-12 01:44:42,2025-11-12 02:19:42
2025-11-12,"2025-11-12T07:19:42.0","2025-11-12T07:48:42.0",1,9,2025-11-12 07:19:42,2025-11-12 07:48:42,2025-11-12 02:19:42,2025-11-12 02:48:42
2025-11-12,"2025-11-12T07:48:42.0","2025-11-12T08:12:42.0",0,10,2025-11-12 07:48:42,2025-11-12 08:12:42,2025-11-12 02:48:42,2025-11-12 03:12:42
2025-11-12,"2025-11-12T08:12:42.0","2025-11-12T08:56:42.0",1,11,2025-11-12 08:12:42,2025-11-12 08:56:42,2025-11-12 03:12:42,2025-11-12 03:56:42
2025-11-12,"2025-11-12T08:56:42.0","2025-11-12T09:07:42.0",2,12,2025-11-12 08:56:42,2025-11-12 09:07:42,2025-11-12 03:56:42,2025-11-12 04:07:42
2025-11-12,"2025-11-12T09:07:42.0","2025-11-12T10:02:42.0",1,13,2025-11-12 09:07:42,2025-11-12 10:02:42,2025-11-12 04:07:42,2025-11-12 05:02:42
2025-11-12,"2025-11-12T10:02:42.0","2025-11-12T10:29:42.0",2,14,2025-11-12 10:02:42,2025-11-12 10:29:42,2025-11-12 05:02:42,2025-11-12 05:29:42
2025-11-13,"2025-11-13T03:23:42.0","2025-11-13T03:42:42.0",1,1,2025-11-13 03:23:42,2025-11-13 03:42:42,2025-11-12 22:23:42,2025-11-12 22:42:42
2025-11-13,"2025-11-13T03:42:42.0","2025-11-13T04:22:42.0",0,2,2025-11-13 03:42:42,2025-11-13 04:22:42,2025-11-12 22:42:42,2025-11-12 23:22:42
2025-11-13,"2025-11-13T04:22:42.0","2025-11-13T04:35:42.0",1,3,2025-11-13 04:22:42,2025-11-13 04:35:42,2025-11-12 23:22:42,2025-11-12 23:35:42
2025-11-13,"2025-11-13T04:35:42.0","2025-11-13T04:46:42.0",0,4,2025-11-13 04:35:42,2025-11-13 04:46:42,2025-11-12 23:35:42,2025-11-12 23:46:42
2025-11-13,"2025-11-13T04:46:42.0","2025-11-13T05:15:42.0",1,5,2025-11-13 04:46:42,2025-11-13 05:15:42,2025-11-12 23:46:42,2025-11-13 00:15:42
2025-11-13,"2025-11-13T05:15:42.0","2025-11-13T05:24:42.0",2,6,2025-11-13 05:15:42,2025-11-13 05:24:42,2025-11-13 00:15:42,2025-11-13 00:24:42
2025-11-13,"2025-11-13T05:24:42.0","2025-11-13T05:37:42.0",1,7,2025-11-13 05:24:42,2025-11-13 05:37:42,2025-11-13 00:24:42,2025-11-13 00:37:42
2025-11-13,"2025-11-13T05:37:42.0","2025-11-13T05:47:42.0",0,8,2025-11-13 05:37:42,2025-11-13 05:47:42,2025-11-13 00:37:42,2025-11-13 00:47:42
2025-11-13,"2025-11-13T05:47:42.0","2025-11-13T07:43:42.0",1,9,2025-11-13 05:47:42,2025-11-13 07:43:42,2025-11-13 00:47:42,2025-11-13 02:43:42
2025-11-13,"2025-11-13T07:43:42.0","2025-11-13T08:10:42.0",0,10,2025-11-13 07:43:42,2025-11-13 08:10:42,2025-11-13 02:43:42,2025-11-13 03:10:42
2025-11-13,"2025-11-13T08:10:42.0","2025-11-13T08:24:42.0",1,11,2025-11-13 08:10:42,2025-11-13 08:24:42,2025-11-13 03:10:42,2025-11-13 03:24:42
2025-11-13,"2025-11-13T08:24:42.0","2025-11-13T08:58:42.0",2,12,2025-11-13 08:24:42,2025-11-13 08:58:42,2025-11-13 03:24:42,2025-11-13 03:58:42
2025-11-13,"2025-11-13T08:58:42.0","2025-11-13T09:16:42.0",1,13,2025-11-13 08:58:42,2025-11-13 09:16:42,2025-11-13 03:58:42,2025-11-13 04:16:42
2025-11-13,"2025-11-13T09:16:42.0","2025-11-13T09:39:42.0",2,14,2025-11-13 09:16:42,2025-11-13 09:39:42,2025-11-13 04:16:42,2025-11-13 04:39:42
2025-11-14,"2025-11-14T02:19:54.0","2025-11-14T02:29:54.0",1,1,2025-11-14 02:19:54,2025-11-14 02:29:54,2025-11-13 21:19:54,2025-11-13 21:29:54
2025-11-14,"2025-11-14T02:29:54.0","2025-11-14T02:50:54.0",0,2,2025-11-14 02:29:54,2025-11-14 02:50:54,2025-11-13 21:29:54,2025-11-13 21:50:54
2025-11-14,"2025-11-14T02:50:54.0","2025-11-14T02:55:54.0",1,3,2025-11-14 02:50:54,2025-11-14 02:55:54,2025-11-13 21:50:54,2025-11-13 21:55:54
2025-11-14,"2025-11-14T02:55:54.0","2025-11-14T03:21:54.0",0,4,2025-11-14 02:55:54,2025-11-14 03:21:54,2025-11-13 21:55:54,2025-11-13 22:21:54
2025-11-14,"2025-11-14T03:21:54.0","2025-11-14T04:21:54.0",1,5,2025-11-14 03:21:54,2025-11-14 04:21:54,2025-11-13 22:21:54,2025-11-13 23:21:54
2025-11-14,"2025-11-14T04:21:54.0","2025-11-14T04:35:54.0",3,6,2025-11-14 04:21:54,2025-11-14 04:35:54,2025-11-13 23:21:54,2025-11-13 23:35:54
2025-11-14,"2025-11-14T04:35:54.0","2025-11-14T04:49:54.0",1,7,2025-11-14 04:35:54,2025-11-14 04:49:54,2025-11-13 23:35:54,2025-11-13 23:49:54
2025-11-14,"2025-11-14T04:49:54.0","2025-11-14T05:11:54.0",3,8,2025-11-14 04:49:54,2025-11-14 05:11:54,2025-11-13 23:49:54,2025-11-14 00:11:54
2025-11-14,"2025-11-14T05:11:54.0","2025-11-14T05:59:54.0",1,9,2025-11-14 05:11:54,2025-11-14 05:59:54,2025-11-14 00:11:54,2025-11-14 00:59:54
2025-11-14,"2025-11-14T05:59:54.0","2025-11-14T06:18:54.0",0,10,2025-11-14 05:59:54,2025-11-14 06:18:54,2025-11-14 00:59:54,2025-11-14 01:18:54
2025-11-14,"2025-11-14T06:18:54.0","2025-11-14T06:28:54.0",1,11,2025-11-14 06:18:54,2025-11-14 06:28:54,2025-11-14 01:18:54,2025-11-14 01:28:54
2025-11-14,"2025-11-14T06:28:54.0","2025-11-14T07:00:54.0",2,12,2025-11-14 06:28:54,2025-11-14 07:00:54,2025-11-14 01:28:54,2025-11-14 02:00:54
2025-11-14,"2025-11-14T07:00:54.0","2025-11-14T07:47:54.0",1,13,2025-11-14 07:00:54,2025-11-14 07:47:54,2025-11-14 02:00:54,2025-11-14 02:47:54
2025-11-14,"2025-11-14T07:47:54.0","2025-11-14T08:24:54.0",0,14,2025-11-14 07:47:54,2025-11-14 08:24:54,2025-11-14 02:47:54,2025-11-14 03:24:54
2025-11-14,"2025-11-14T08:24:54.0","2025-11-14T08:34:54.0",1,15,2025-11-14 08:24:54,2025-11-14 08:34:54,2025-11-14 03:24:54,2025-11-14 03:34:54
2025-11-14,"2025-11-14T08:34:54.0","2025-11-14T09:01:54.0",2,16,2025-11-14 08:34:54,2025-11-14 09:01:54,2025-11-14 03:34:54,2025-11-14 04:01:54
2025-11-14,"2025-11-14T09:01:54.0","2025-11-14T09:17:54.0",1,17,2025-11-14 09:01:54,2025-11-14 09:17:54,2025-11-14 04:01:54,2025-11-14 04:17:54
2025-11-15,"2025-11-15T02:00:23.0","2025-11-15T02:13:23.0",1,1,2025-11-15 02:00:23,2025-11-15 02:13:23,2025-11-14 21:00:23,2025-11-14 21:13:23
2025-11-15,"2025-11-15T02:13:23.0","2025-11-15T02:34:23.0",0,2,2025-11-15 02:13:23,2025-11-15 02:34:23,2025-11-14 21:13:23,2025-11-14 21:34:23
2025-11-15,"2025-11-15T02:34:23.0","2025-11-15T02:35:23.0",3,3,2025-11-15 02:34:23,2025-11-15 02:35:23,2025-11-14 21:34:23,2025-11-14 21:35:23
2025-11-15,"2025-11-15T02:35:23.0","2025-11-15T02:41:23.0",1,4,2025-11-15 02:35:23,2025-11-15 02:41:23,2025-11-14 21:35:23,2025-11-14 21:41:23
2025-11-15,"2025-11-15T02:41:23.0","2025-11-15T03:13:23.0",0,5,2025-11-15 02:41:23,2025-11-15 03:13:23,2025-11-14 21:41:23,2025-11-14 22:13:23
2025-11-15,"2025-11-15T03:13:23.0","2025-11-15T03:36:23.0",1,6,2025-11-15 03:13:23,2025-11-15 03:36:23,2025-11-14 22:13:23,2025-11-14 22:36:23
2025-11-15,"2025-11-15T03:36:23.0","2025-11-15T03:54:23.0",3,7,2025-11-15 03:36:23,2025-11-15 03:54:23,2025-11-14 22:36:23,2025-11-14 22:54:23
2025-11-15,"2025-11-15T03:54:23.0","2025-11-15T04:11:23.0",1,8,2025-11-15 03:54:23,2025-11-15 04:11:23,2025-11-14 22:54:23,2025-11-14 23:11:23
2025-11-15,"2025-11-15T04:11:23.0","2025-11-15T04:46:23.0",3,9,2025-11-15 04:11:23,2025-11-15 04:46:23,2025-11-14 23:11:23,2025-11-14 23:46:23
2025-11-15,"2025-11-15T04:46:23.0","2025-11-15T04:58:23.0",1,10,2025-11-15 04:46:23,2025-11-15 04:58:23,2025-11-14 23:46:23,2025-11-14 23:58:23
2025-11-15,"2025-11-15T04:58:23.0","2025-11-15T05:24:23.0",0,11,2025-11-15 04:58:23,2025-11-15 05:24:23,2025-11-14 23:58:23,2025-11-15 00:24:23
2025-11-15,"2025-11-15T05:24:23.0","2025-11-15T06:09:23.0",1,12,2025-11-15 05:24:23,2025-11-15 06:09:23,2025-11-15 00:24:23,2025-11-15 01:09:23
2025-11-15,"2025-11-15T06:09:23.0","2025-11-15T06:39:23.0",2,13,2025-11-15 06:09:23,2025-11-15 06:39:23,2025-11-15 01:09:23,2025-11-15 01:39:23
2025-11-15,"2025-11-15T06:39:23.0","2025-11-15T06:55:23.0",1,14,2025-11-15 06:39:23,2025-11-15 06:55:23,2025-11-15 01:39:23,2025-11-15 01:55:23
2025-11-15,"2025-11-15T06:55:23.0","2025-11-15T07:19:23.0",0,15,2025-11-15 06:55:23,2025-11-15 07:19:23,2025-11-15 01:55:23,2025-11-15 02:19:23
2025-11-15,"2025-11-15T07:19:23.0","2025-11-15T07:43:23.0",1,16,2025-11-15 07:19:23,2025-11-15 07:43:23,2025-11-15 02:19:23,2025-11-15 02:43:23
2025-11-15,"2025-11-15T07:43:23.0","2025-11-15T07:57:23.0",2,17,2025-11-15 07:43:23,2025-11-15 07:57:23,2025-11-15 02:43:23,2025-11-15 02:57:23
2025-11-15,"2025-11-15T07:57:23.0","2025-11-15T08:09:23.0",1,18,2025-11-15 07:57:23,2025-11-15 08:09:23,2025-11-15 02:57:23,2025-11-15 03:09:23
2025-11-15,"2025-11-15T08:09:23.0","2025-11-15T08:15:23.0",2,19,2025-11-15 08:09:23,2025-11-15 08:15:23,2025-11-15 03:09:23,2025-11-15 03:15:23
2025-11-15,"2025-11-15T08:15:23.0","2025-11-15T09:06:23.0",1,20,2025-11-15 08:15:23,2025-11-15 09:06:23,2025-11-15 03:15:23,2025-11-15 04:06:23
2025-11-15,"2025-11-15T09:06:23.0","2025-11-15T09:07:23.0",3,21,2025-11-15 09:06:23,2025-11-15 09:07:23,2025-11-15 04:06:23,2025-11-15 04:07:23
2025-11-15,"2025-11-15T09:07:23.0","2025-11-15T09:15:23.0",1,22,2025-11-15 09:07:23,2025-11-15 09:15:23,2025-11-15 04:07:23,2025-11-15 04:15:23
2025-11-15,"2025-11-15T09:15:23.0","2025-11-15T09:43:23.0",2,23,2025-11-15 09:15:23,2025-11-15 09:43:23,2025-11-15 04:15:23,2025-11-15 04:43:23
2025-11-15,"2025-11-15T09:43:23.0","2025-11-15T10:25:23.0",3,24,2025-11-15 09:43:23,2025-11-15 10:25:23,2025-11-15 04:43:23,2025-11-15 05:25:23
2025-11-15,"2025-11-15T10:25:23.0","2025-11-15T10:44:23.0",1,25,2025-11-15 10:25:23,2025-11-15 10:44:23,2025-11-15 05:25:23,2025-11-15 05:44:23
2025-11-15,"2025-11-15T10:44:23.0","2025-11-15T10:45:23.0",3,26,2025-11-15 10:44:23,2025-11-15 10:45:23,2025-11-15 05:44:23,2025-11-15 05:45:23
2025-11-15,"2025-11-15T10:45:23.0","2025-11-15T11:16:23.0",1,27,2025-11-15 10:45:23,2025-11-15 11:16:23,2025-11-15 05:45:23,2025-11-15 06:16:23
2025-11-15,"2025-11-15T11:16:23.0","2025-11-15T11:17:23.0",3,28,2025-11-15 11:16:23,2025-11-15 11:17:23,2025-11-15 06:16:23,2025-11-15 06:17:23
2025-11-15,"2025-11-15T11:17:23.0","2025-11-15T11:23:23.0",1,29,2025-11-15 11:17:23,2025-11-15 11:23:23,2025-11-15 06:17:23,2025-11-15 06:23:23
2025-11-15,"2025-11-15T11:23:23.0","2025-11-15T11:43:23.0",2,30,2025-11-15 11:23:23,2025-11-15 11:43:23,2025-11-15 06:23:23,2025-11-15 06:43:23
2025-11-15,"2025-11-15T11:43:23.0","2025-11-15T11:44:23.0",3,31,2025-11-15 11:43:23,2025-11-15 11:44:23,2025-11-15 06:43:23,2025-11-15 06:44:23
2025-11-15,"2025-11-15T11:44:23.0","2025-11-15T11:54:23.0",1,32,2025-11-15 11:44:23,2025-11-15 11:54:23,2025-11-15 06:44:23,2025-11-15 06:54:23
2025-11-15,"2025-11-15T11:54:23.0","2025-11-15T12:07:23.0",2,33,2025-11-15 11:54:23,2025-11-15 12:07:23,2025-11-15 06:54:23,2025-11-15 07:07:23
2025-11-15,"2025-11-15T12:07:23.0","2025-11-15T12:43:23.0",1,34,2025-11-15 12:07:23,2025-11-15 12:43:23,2025-11-15 07:07:23,2025-11-15 07:43:23
2025-11-15,"2025-11-15T12:43:23.0","2025-11-15T12:46:23.0",3,35,2025-11-15 12:43:23,2025-11-15 12:46:23,2025-11-15 07:43:23,2025-11-15 07:46:23
2025-11-15,"2025-11-15T12:46:23.0","2025-11-15T12:56:23.0",1,36,2025-11-15 12:46:23,2025-11-15 12:56:23,2025-11-15 07:46:23,2025-11-15 07:56:23
2025-11-15,"2025-11-15T12:56:23.0","2025-11-15T13:16:23.0",2,37,2025-11-15 12:56:23,2025-11-15 13:16:23,2025-11-15 07:56:23,2025-11-15 08:16:23
2025-11-16,"2025-11-16T04:17:45.0","2025-11-16T04:29:45.0",1,1,2025-11-16 04:17:45,2025-11-16 04:29:45,2025-11-15 23:17:45,2025-11-15 23:29:45
2025-11-16,"2025-11-16T04:29:45.0","2025-11-16T04:36:45.0",3,2,2025-11-16 04:29:45,2025-11-16 04:36:45,2025-11-15 23:29:45,2025-11-15 23:36:45
2025-11-16,"2025-11-16T04:36:45.0","2025-11-16T04:56:45.0",1,3,2025-11-16 04:36:45,2025-11-16 04:56:45,2025-11-15 23:36:45,2025-11-15 23:56:45
2025-11-16,"2025-11-16T04:56:45.0","2025-11-16T05:25:45.0",0,4,2025-11-16 04:56:45,2025-11-16 05:25:45,2025-11-15 23:56:45,2025-11-16 00:25:45
2025-11-16,"2025-11-16T05:25:45.0","2025-11-16T05:39:45.0",1,5,2025-11-16 05:25:45,2025-11-16 05:39:45,2025-11-16 00:25:45,2025-11-16 00:39:45
2025-11-16,"2025-11-16T05:39:45.0","2025-11-16T05:55:45.0",0,6,2025-11-16 05:39:45,2025-11-16 05:55:45,2025-11-16 00:39:45,2025-11-16 00:55:45
2025-11-16,"2025-11-16T05:55:45.0","2025-11-16T06:01:45.0",1,7,2025-11-16 05:55:45,2025-11-16 06:01:45,2025-11-16 00:55:45,2025-11-16 01:01:45
2025-11-16,"2025-11-16T06:01:45.0","2025-11-16T06:06:45.0",2,8,2025-11-16 06:01:45,2025-11-16 06:06:45,2025-11-16 01:01:45,2025-11-16 01:06:45
2025-11-16,"2025-11-16T06:06:45.0","2025-11-16T06:53:45.0",1,9,2025-11-16 06:06:45,2025-11-16 06:53:45,2025-11-16 01:06:45,2025-11-16 01:53:45
2025-11-16,"2025-11-16T06:53:45.0","2025-11-16T07:07:45.0",0,10,2025-11-16 06:53:45,2025-11-16 07:07:45,2025-11-16 01:53:45,2025-11-16 02:07:45
2025-11-16,"2025-11-16T07:07:45.0","2025-11-16T07:46:45.0",1,11,2025-11-16 07:07:45,2025-11-16 07:46:45,2025-11-16 02:07:45,2025-11-16 02:46:45
2025-11-16,"2025-11-16T07:46:45.0","2025-11-16T08:02:45.0",0,12,2025-11-16 07:46:45,2025-11-16 08:02:45,2025-11-16 02:46:45,2025-11-16 03:02:45
2025-11-16,"2025-11-16T08:02:45.0","2025-11-16T08:21:45.0",1,13,2025-11-16 08:02:45,2025-11-16 08:21:45,2025-11-16 03:02:45,2025-11-16 03:21:45
2025-11-16,"2025-11-16T08:21:45.0","2025-11-16T08:39:45.0",2,14,2025-11-16 08:21:45,2025-11-16 08:39:45,2025-11-16 03:21:45,2025-11-16 03:39:45
2025-11-16,"2025-11-16T08:39:45.0","2025-11-16T09:34:45.0",1,15,2025-11-16 08:39:45,2025-11-16 09:34:45,2025-11-16 03:39:45,2025-11-16 04:34:45
2025-11-16,"2025-11-16T09:34:45.0","2025-11-16T09:40:45.0",0,16,2025-11-16 09:34:45,2025-11-16 09:40:45,2025-11-16 04:34:45,2025-11-16 04:40:45
2025-11-16,"2025-11-16T09:40:45.0","2025-11-16T09:45:45.0",1,17,2025-11-16 09:40:45,2025-11-16 09:45:45,2025-11-16 04:40:45,2025-11-16 04:45:45
2025-11-16,"2025-11-16T09:45:45.0","2025-11-16T09:59:45.0",2,18,2025-11-16 09:45:45,2025-11-16 09:59:45,2025-11-16 04:45:45,2025-11-16 04:59:45
2025-11-16,"2025-11-16T09:59:45.0","2025-11-16T10:00:45.0",1,19,2025-11-16 09:59:45,2025-11-16 10:00:45,2025-11-16 04:59:45,2025-11-16 05:00:45
2025-11-16,"2025-11-16T10:00:45.0","2025-11-16T10:01:45.0",3,20,2025-11-16 10:00:45,2025-11-16 10:01:45,2025-11-16 05:00:45,2025-11-16 05:01:45
2025-11-16,"2025-11-16T10:01:45.0","2025-11-16T10:14:45.0",1,21,2025-11-16 10:01:45,2025-11-16 10:14:45,2025-11-16 05:01:45,2025-11-16 05:14:45
2025-11-17,"2025-11-17T01:59:59.0","2025-11-17T02:16:59.0",1,1,2025-11-17 01:59:59,2025-11-17 02:16:59,2025-11-16 20:59:59,2025-11-16 21:16:59
2025-11-17,"2025-11-17T02:16:59.0","2025-11-17T03:03:59.0",0,2,2025-11-17 02:16:59,2025-11-17 03:03:59,2025-11-16 21:16:59,2025-11-16 22:03:59
2025-11-17,"2025-11-17T03:03:59.0","2025-11-17T04:10:59.0",1,3,2025-11-17 03:03:59,2025-11-17 04:10:59,2025-11-16 22:03:59,2025-11-16 23:10:59
2025-11-17,"2025-11-17T04:10:59.0","2025-11-17T04:40:59.0",0,4,2025-11-17 04:10:59,2025-11-17 04:40:59,2025-11-16 23:10:59,2025-11-16 23:40:59
2025-11-17,"2025-11-17T04:40:59.0","2025-11-17T05:13:59.0",1,5,2025-11-17 04:40:59,2025-11-17 05:13:59,2025-11-16 23:40:59,2025-11-17 00:13:59
2025-11-17,"2025-11-17T05:13:59.0","2025-11-17T05:18:59.0",2,6,2025-11-17 05:13:59,2025-11-17 05:18:59,2025-11-17 00:13:59,2025-11-17 00:18:59
2025-11-17,"2025-11-17T05:18:59.0","2025-11-17T05:40:59.0",1,7,2025-11-17 05:18:59,2025-11-17 05:40:59,2025-11-17 00:18:59,2025-11-17 00:40:59
2025-11-17,"2025-11-17T05:40:59.0","2025-11-17T05:55:59.0",0,8,2025-11-17 05:40:59,2025-11-17 05:55:59,2025-11-17 00:40:59,2025-11-17 00:55:59
2025-11-17,"2025-11-17T05:55:59.0","2025-11-17T06:06:59.0",1,9,2025-11-17 05:55:59,2025-11-17 06:06:59,2025-11-17 00:55:59,2025-11-17 01:06:59
2025-11-17,"2025-11-17T06:06:59.0","2025-11-17T06:16:59.0",2,10,2025-11-17 06:06:59,2025-11-17 06:16:59,2025-11-17 01:06:59,2025-11-17 01:16:59
2025-11-17,"2025-11-17T06:16:59.0","2025-11-17T06:17:59.0",3,11,2025-11-17 06:16:59,2025-11-17 06:17:59,2025-11-17 01:16:59,2025-11-17 01:17:59
2025-11-17,"2025-11-17T06:17:59.0","2025-11-17T06:30:59.0",1,12,2025-11-17 06:17:59,2025-11-17 06:30:59,2025-11-17 01:17:59,2025-11-17 01:30:59
2025-11-17,"2025-11-17T06:30:59.0","2025-11-17T06:32:59.0",3,13,2025-11-17 06:30:59,2025-11-17 06:32:59,2025-11-17 01:30:59,2025-11-17 01:32:59
2025-11-17,"2025-11-17T06:32:59.0","2025-11-17T07:10:59.0",1,14,2025-11-17 06:32:59,2025-11-17 07:10:59,2025-11-17 01:32:59,2025-11-17 02:10:59
2025-11-17,"2025-11-17T07:10:59.0","2025-11-17T07:13:59.0",3,15,2025-11-17 07:10:59,2025-11-17 07:13:59,2025-11-17 02:10:59,2025-11-17 02:13:59
2025-11-17,"2025-11-17T07:13:59.0","2025-11-17T07:23:59.0",1,16,2025-11-17 07:13:59,2025-11-17 07:23:59,2025-11-17 02:13:59,2025-11-17 02:23:59
2025-11-17,"2025-11-17T07:23:59.0","2025-11-17T07:32:59.0",3,17,2025-11-17 07:23:59,2025-11-17 07:32:59,2025-11-17 02:23:59,2025-11-17 02:32:59
2025-11-17,"2025-11-17T07:32:59.0","2025-11-17T08:35:59.0",1,18,2025-11-17 07:32:59,2025-11-17 08:35:59,2025-11-17 02:32:59,2025-11-17 03:35:59
2025-11-17,"2025-11-17T08:35:59.0","2025-11-17T09:03:59.0",2,19,2025-11-17 08:35:59,2025-11-17 09:03:59,2025-11-17 03:35:59,2025-11-17 04:03:59
2025-11-17,"2025-11-17T09:03:59.0","2025-11-17T09:44:59.0",1,20,2025-11-17 09:03:59,2025-11-17 09:44:59,2025-11-17 04:03:59,2025-11-17 04:44:59
2025-11-17,"2025-11-17T09:44:59.0","2025-11-17T10:00:59.0",0,21,2025-11-17 09:44:59,2025-11-17 10:00:59,2025-11-17 04:44:59,2025-11-17 05:00:59
2025-11-18,"2025-11-18T02:25:41.0","2025-11-18T02:43:41.0",1,1,2025-11-18 02:25:41,2025-11-18 02:43:41,2025-11-17 21:25:41,2025-11-17 21:43:41
2025-11-18,"2025-11-18T02:43:41.0","2025-11-18T03:14:41.0",0,2,2025-11-18 02:43:41,2025-11-18 03:14:41,2025-11-17 21:43:41,2025-11-17 22:14:41
2025-11-18,"2025-11-18T03:14:41.0","2025-11-18T03:15:41.0",3,3,2025-11-18 03:14:41,2025-11-18 03:15:41,2025-11-17 22:14:41,2025-11-17 22:15:41
2025-11-18,"2025-11-18T03:15:41.0","2025-11-18T04:33:41.0",1,4,2025-11-18 03:15:41,2025-11-18 04:33:41,2025-11-17 22:15:41,2025-11-17 23:33:41
2025-11-18,"2025-11-18T04:33:41.0","2025-11-18T04:46:41.0",3,5,2025-11-18 04:33:41,2025-11-18 04:46:41,2025-11-17 23:33:41,2025-11-17 23:46:41
2025-11-18,"2025-11-18T04:46:41.0","2025-11-18T04:59:41.0",1,6,2025-11-18 04:46:41,2025-11-18 04:59:41,2025-11-17 23:46:41,2025-11-17 23:59:41
2025-11-18,"2025-11-18T04:59:41.0","2025-11-18T05:54:41.0",0,7,2025-11-18 04:59:41,2025-11-18 05:54:41,2025-11-17 23:59:41,2025-11-18 00:54:41
2025-11-18,"2025-11-18T05:54:41.0","2025-11-18T06:03:41.0",1,8,2025-11-18 05:54:41,2025-11-18 06:03:41,2025-11-18 00:54:41,2025-11-18 01:03:41
2025-11-18,"2025-11-18T06:03:41.0","2025-11-18T06:40:41.0",2,9,2025-11-18 06:03:41,2025-11-18 06:40:41,2025-11-18 01:03:41,2025-11-18 01:40:41
2025-11-18,"2025-11-18T06:40:41.0","2025-11-18T07:11:41.0",1,10,2025-11-18 06:40:41,2025-11-18 07:11:41,2025-11-18 01:40:41,2025-11-18 02:11:41
2025-11-18,"2025-11-18T07:11:41.0","2025-11-18T07:39:41.0",0,11,2025-11-18 07:11:41,2025-11-18 07:39:41,2025-11-18 02:11:41,2025-11-18 02:39:41
2025-11-18,"2025-11-18T07:39:41.0","2025-11-18T07:52:41.0",1,12,2025-11-18 07:39:41,2025-11-18 07:52:41,2025-11-18 02:39:41,2025-11-18 02:52:41
2025-11-18,"2025-11-18T07:52:41.0","2025-11-18T08:13:41.0",2,13,2025-11-18 07:52:41,2025-11-18 08:13:41,2025-11-18 02:52:41,2025-11-18 03:13:41
2025-11-19,"2025-11-19T05:03:43.0","2025-11-19T05:22:43.0",1,1,2025-11-19 05:03:43,2025-11-19 05:22:43,2025-11-19 00:03:43,2025-11-19 00:22:43
2025-11-19,"2025-11-19T05:22:43.0","2025-11-19T05:49:43.0",0,2,2025-11-19 05:22:43,2025-11-19 05:49:43,2025-11-19 00:22:43,2025-11-19 00:49:43
2025-11-19,"2025-11-19T05:49:43.0","2025-11-19T06:31:43.0",1,3,2025-11-19 05:49:43,2025-11-19 06:31:43,2025-11-19 00:49:43,2025-11-19 01:31:43
2025-11-19,"2025-11-19T06:31:43.0","2025-11-19T07:05:43.0",0,4,2025-11-19 06:31:43,2025-11-19 07:05:43,2025-11-19 01:31:43,2025-11-19 02:05:43
2025-11-19,"2025-11-19T07:05:43.0","2025-11-19T07:18:43.0",1,5,2025-11-19 07:05:43,2025-11-19 07:18:43,2025-11-19 02:05:43,2025-11-19 02:18:43
2025-11-19,"2025-11-19T07:18:43.0","2025-11-19T07:23:43.0",2,6,2025-11-19 07:18:43,2025-11-19 07:23:43,2025-11-19 02:18:43,2025-11-19 02:23:43
2025-11-19,"2025-11-19T07:23:43.0","2025-11-19T07:44:43.0",1,7,2025-11-19 07:23:43,2025-11-19 07:44:43,2025-11-19 02:23:43,2025-11-19 02:44:43
2025-11-19,"2025-11-19T07:44:43.0","2025-11-19T08:15:43.0",0,8,2025-11-19 07:44:43,2025-11-19 08:15:43,2025-11-19 02:44:43,2025-11-19 03:15:43
2025-11-19,"2025-11-19T08:15:43.0","2025-11-19T08:27:43.0",1,9,2025-11-19 08:15:43,2025-11-19 08:27:43,2025-11-19 03:15:43,2025-11-19 03:27:43
2025-11-19,"2025-11-19T08:27:43.0","2025-11-19T09:01:43.0",2,10,2025-11-19 08:27:43,2025-11-19 09:01:43,2025-11-19 03:27:43,2025-11-19 04:01:43
2025-11-19,"2025-11-19T09:01:43.0","2025-11-19T09:58:43.0",1,11,2025-11-19 09:01:43,2025-11-19 09:58:43,2025-11-19 04:01:43,2025-11-19 04:58:43
2025-11-19,"2025-11-19T09:58:43.0","2025-11-19T10:41:43.0",2,12,2025-11-19 09:58:43,2025-11-19 10:41:43,2025-11-19 04:58:43,2025-11-19 05:41:43
2025-11-19,"2025-11-19T10:41:43.0","2025-11-19T11:32:36.0",1,13,2025-11-19 10:41:43,2025-11-19 11:32:36,2025-11-19 05:41:43,2025-11-19 06:32:36
2025-11-20,"2025-11-20T02:03:36.0","2025-11-20T02:18:36.0",1,1,2025-11-20 02:03:36,2025-11-20 02:18:36,2025-11-19 21:03:36,2025-11-19 21:18:36
2025-11-20,"2025-11-20T02:18:36.0","2025-11-20T02:56:36.0",0,2,2025-11-20 02:18:36,2025-11-20 02:56:36,2025-11-19 21:18:36,2025-11-19 21:56:36
2025-11-20,"2025-11-20T02:56:36.0","2025-11-20T03:25:36.0",1,3,2025-11-20 02:56:36,2025-11-20 03:25:36,2025-11-19 21:56:36,2025-11-19 22:25:36
2025-11-20,"2025-11-20T03:25:36.0","2025-11-20T03:30:36.0",2,4,2025-11-20 03:25:36,2025-11-20 03:30:36,2025-11-19 22:25:36,2025-11-19 22:30:36
2025-11-20,"2025-11-20T03:30:36.0","2025-11-20T03:57:36.0",1,5,2025-11-20 03:30:36,2025-11-20 03:57:36,2025-11-19 22:30:36,2025-11-19 22:57:36
2025-11-20,"2025-11-20T03:57:36.0","2025-11-20T04:24:36.0",0,6,2025-11-20 03:57:36,2025-11-20 04:24:36,2025-11-19 22:57:36,2025-11-19 23:24:36
2025-11-20,"2025-11-20T04:24:36.0","2025-11-20T05:06:36.0",1,7,2025-11-20 04:24:36,2025-11-20 05:06:36,2025-11-19 23:24:36,2025-11-20 00:06:36
2025-11-20,"2025-11-20T05:06:36.0","2025-11-20T05:12:36.0",2,8,2025-11-20 05:06:36,2025-11-20 05:12:36,2025-11-20 00:06:36,2025-11-20 00:12:36
2025-11-20,"2025-11-20T05:12:36.0","2025-11-20T05:36:36.0",1,9,2025-11-20 05:12:36,2025-11-20 05:36:36,2025-11-20 00:12:36,2025-11-20 00:36:36
2025-11-20,"2025-11-20T05:36:36.0","2025-11-20T05:45:36.0",3,10,2025-11-20 05:36:36,2025-11-20 05:45:36,2025-11-20 00:36:36,2025-11-20 00:45:36
2025-11-20,"2025-11-20T05:45:36.0","2025-11-20T06:16:36.0",1,11,2025-11-20 05:45:36,2025-11-20 06:16:36,2025-11-20 00:45:36,2025-11-20 01:16:36
2025-11-20,"2025-11-20T06:16:36.0","2025-11-20T06:38:36.0",0,12,2025-11-20 06:16:36,2025-11-20 06:38:36,2025-11-20 01:16:36,2025-11-20 01:38:36
2025-11-20,"2025-11-20T06:38:36.0","2025-11-20T06:52:36.0",1,13,2025-11-20 06:38:36,2025-11-20 06:52:36,2025-11-20 01:38:36,2025-11-20 01:52:36
2025-11-20,"2025-11-20T06:52:36.0","2025-11-20T07:23:36.0",2,14,2025-11-20 06:52:36,2025-11-20 07:23:36,2025-11-20 01:52:36,2025-11-20 02:23:36
2025-11-20,"2025-11-20T07:23:36.0","2025-11-20T08:36:36.0",1,15,2025-11-20 07:23:36,2025-11-20 08:36:36,2025-11-20 02:23:36,2025-11-20 03:36:36
2025-11-20,"2025-11-20T08:36:36.0","2025-11-20T09:20:36.0",2,16,2025-11-20 08:36:36,2025-11-20 09:20:36,2025-11-20 03:36:36,2025-11-20 04:20:36
2025-11-20,"2025-11-20T09:20:36.0","2025-11-20T10:14:36.0",1,17,2025-11-20 09:20:36,2025-11-20 10:14:36,2025-11-20 04:20:36,2025-11-20 05:14:36
2025-11-20,"2025-11-20T10:14:36.0","2025-11-20T10:22:36.0",2,18,2025-11-20 10:14:36,2025-11-20 10:22:36,2025-11-20 05:14:36,2025-11-20 05:22:36
2025-11-20,"2025-11-20T10:22:36.0","2025-11-20T10:30:36.0",1,19,2025-11-20 10:22:36,2025-11-20 10:30:36,2025-11-20 05:22:36,2025-11-20 05:30:36
2025-11-20,"2025-11-20T10:30:36.0","2025-11-20T10:48:36.0",2,20,2025-11-20 10:30:36,2025-11-20 10:48:36,2025-11-20 05:30:36,2025-11-20 05:48:36
2025-11-20,"2025-11-20T10:48:36.0","2025-11-20T10:59:36.0",1,21,2025-11-20 10:48:36,2025-11-20 10:59:36,2025-11-20 05:48:36,2025-11-20 05:59:36
2025-11-20,"2025-11-20T10:59:36.0","2025-11-20T11:16:36.0",2,22,2025-11-20 10:59:36,2025-11-20 11:16:36,2025-11-20 05:59:36,2025-11-20 06:16:36
2025-11-21,"2025-11-21T03:17:48.0","2025-11-21T03:27:48.0",1,1,2025-11-21 03:17:48,2025-11-21 03:27:48,2025-11-20 22:17:48,2025-11-20 22:27:48
2025-11-21,"2025-11-21T03:27:48.0","2025-11-21T03:57:48.0",0,2,2025-11-21 03:27:48,2025-11-21 03:57:48,2025-11-20 22:27:48,2025-11-20 22:57:48
2025-11-21,"2025-11-21T03:57:48.0","2025-11-21T04:09:48.0",1,3,2025-11-21 03:57:48,2025-11-21 04:09:48,2025-11-20 22:57:48,2025-11-20 23:09:48
2025-11-21,"2025-11-21T04:09:48.0","2025-11-21T04:15:48.0",0,4,2025-11-21 04:09:48,2025-11-21 04:15:48,2025-11-20 23:09:48,2025-11-20 23:15:48
2025-11-21,"2025-11-21T04:15:48.0","2025-11-21T04:35:48.0",1,5,2025-11-21 04:15:48,2025-11-21 04:35:48,2025-11-20 23:15:48,2025-11-20 23:35:48
2025-11-21,"2025-11-21T04:35:48.0","2025-11-21T04:41:48.0",2,6,2025-11-21 04:35:48,2025-11-21 04:41:48,2025-11-20 23:35:48,2025-11-20 23:41:48
2025-11-21,"2025-11-21T04:41:48.0","2025-11-21T05:13:48.0",1,7,2025-11-21 04:41:48,2025-11-21 05:13:48,2025-11-20 23:41:48,2025-11-21 00:13:48
2025-11-21,"2025-11-21T05:13:48.0","2025-11-21T05:38:48.0",0,8,2025-11-21 05:13:48,2025-11-21 05:38:48,2025-11-21 00:13:48,2025-11-21 00:38:48
2025-11-21,"2025-11-21T05:38:48.0","2025-11-21T06:05:48.0",1,9,2025-11-21 05:38:48,2025-11-21 06:05:48,2025-11-21 00:38:48,2025-11-21 01:05:48
2025-11-21,"2025-11-21T06:05:48.0","2025-11-21T06:39:48.0",2,10,2025-11-21 06:05:48,2025-11-21 06:39:48,2025-11-21 01:05:48,2025-11-21 01:39:48
2025-11-21,"2025-11-21T06:39:48.0","2025-11-21T06:56:48.0",1,11,2025-11-21 06:39:48,2025-11-21 06:56:48,2025-11-21 01:39:48,2025-11-21 01:56:48
2025-11-21,"2025-11-21T06:56:48.0","2025-11-21T07:31:48.0",0,12,2025-11-21 06:56:48,2025-11-21 07:31:48,2025-11-21 01:56:48,2025-11-21 02:31:48
2025-11-21,"2025-11-21T07:31:48.0","2025-11-21T07:41:48.0",1,13,2025-11-21 07:31:48,2025-11-21 07:41:48,2025-11-21 02:31:48,2025-11-21 02:41:48
2025-11-21,"2025-11-21T07:41:48.0","2025-11-21T08:10:48.0",2,14,2025-11-21 07:41:48,2025-11-21 08:10:48,2025-11-21 02:41:48,2025-11-21 03:10:48
2025-11-21,"2025-11-21T08:10:48.0","2025-11-21T08:50:48.0",1,15,2025-11-21 08:10:48,2025-11-21 08:50:48,2025-11-21 03:10:48,2025-11-21 03:50:48
2025-11-21,"2025-11-21T08:50:48.0","2025-11-21T09:01:48.0",2,16,2025-11-21 08:50:48,2025-11-21 09:01:48,2025-11-21 03:50:48,2025-11-21 04:01:48
2025-11-22,"2025-11-22T03:29:09.0","2025-11-22T03:40:09.0",1,1,2025-11-22 03:29:09,2025-11-22 03:40:09,2025-11-21 22:29:09,2025-11-21 22:40:09
2025-11-22,"2025-11-22T03:40:09.0","2025-11-22T03:52:09.0",3,2,2025-11-22 03:40:09,2025-11-22 03:52:09,2025-11-21 22:40:09,2025-11-21 22:52:09
2025-11-22,"2025-11-22T03:52:09.0","2025-11-22T04:13:09.0",1,3,2025-11-22 03:52:09,2025-11-22 04:13:09,2025-11-21 22:52:09,2025-11-21 23:13:09
2025-11-22,"2025-11-22T04:13:09.0","2025-11-22T04:39:09.0",0,4,2025-11-22 04:13:09,2025-11-22 04:39:09,2025-11-21 23:13:09,2025-11-21 23:39:09
2025-11-22,"2025-11-22T04:39:09.0","2025-11-22T04:44:09.0",1,5,2025-11-22 04:39:09,2025-11-22 04:44:09,2025-11-21 23:39:09,2025-11-21 23:44:09
2025-11-22,"2025-11-22T04:44:09.0","2025-11-22T04:53:09.0",2,6,2025-11-22 04:44:09,2025-11-22 04:53:09,2025-11-21 23:44:09,2025-11-21 23:53:09
2025-11-22,"2025-11-22T04:53:09.0","2025-11-22T05:30:09.0",1,7,2025-11-22 04:53:09,2025-11-22 05:30:09,2025-11-21 23:53:09,2025-11-22 00:30:09
2025-11-22,"2025-11-22T05:30:09.0","2025-11-22T05:47:09.0",0,8,2025-11-22 05:30:09,2025-11-22 05:47:09,2025-11-22 00:30:09,2025-11-22 00:47:09
2025-11-22,"2025-11-22T05:47:09.0","2025-11-22T06:03:09.0",1,9,2025-11-22 05:47:09,2025-11-22 06:03:09,2025-11-22 00:47:09,2025-11-22 01:03:09
2025-11-22,"2025-11-22T06:03:09.0","2025-11-22T06:34:09.0",2,10,2025-11-22 06:03:09,2025-11-22 06:34:09,2025-11-22 01:03:09,2025-11-22 01:34:09
2025-11-22,"2025-11-22T06:34:09.0","2025-11-22T06:38:09.0",3,11,2025-11-22 06:34:09,2025-11-22 06:38:09,2025-11-22 01:34:09,2025-11-22 01:38:09
2025-11-22,"2025-11-22T06:38:09.0","2025-11-22T08:15:09.0",1,12,2025-11-22 06:38:09,2025-11-22 08:15:09,2025-11-22 01:38:09,2025-11-22 03:15:09
2025-11-22,"2025-11-22T08:15:09.0","2025-11-22T08:34:09.0",2,13,2025-11-22 08:15:09,2025-11-22 08:34:09,2025-11-22 03:15:09,2025-11-22 03:34:09
2025-11-22,"2025-11-22T08:34:09.0","2025-11-22T08:35:09.0",3,14,2025-11-22 08:34:09,2025-11-22 08:35:09,2025-11-22 03:34:09,2025-11-22 03:35:09
2025-11-22,"2025-11-22T08:35:09.0","2025-11-22T09:25:09.0",1,15,2025-11-22 08:35:09,2025-11-22 09:25:09,2025-11-22 03:35:09,2025-11-22 04:25:09
2025-11-22,"2025-11-22T09:25:09.0","2025-11-22T09:50:09.0",2,16,2025-11-22 09:25:09,2025-11-22 09:50:09,2025-11-22 04:25:09,2025-11-22 04:50:09
2025-11-22,"2025-11-22T09:50:09.0","2025-11-22T10:30:09.0",1,17,2025-11-22 09:50:09,2025-11-22 10:30:09,2025-11-22 04:50:09,2025-11-22 05:30:09
2025-11-22,"2025-11-22T10:30:09.0","2025-11-22T10:39:09.0",2,18,2025-11-22 10:30:09,2025-11-22 10:39:09,2025-11-22 05:30:09,2025-11-22 05:39:09
2025-11-22,"2025-11-22T10:39:09.0","2025-11-22T10:55:09.0",1,19,2025-11-22 10:39:09,2025-11-22 10:55:09,2025-11-22 05:39:09,2025-11-22 05:55:09
2025-11-22,"2025-11-22T10:55:09.0","2025-11-22T11:06:09.0",3,20,2025-11-22 10:55:09,2025-11-22 11:06:09,2025-11-22 05:55:09,2025-11-22 06:06:09
2025-11-22,"2025-11-22T11:06:09.0","2025-11-22T11:15:09.0",1,21,2025-11-22 11:06:09,2025-11-22 11:15:09,2025-11-22 06:06:09,2025-11-22 06:15:09
2025-11-22,"2025-11-22T11:15:09.0","2025-11-22T11:22:09.0",2,22,2025-11-22 11:15:09,2025-11-22 11:22:09,2025-11-22 06:15:09,2025-11-22 06:22:09
2025-11-22,"2025-11-22T11:22:09.0","2025-11-22T11:32:09.0",1,23,2025-11-22 11:22:09,2025-11-22 11:32:09,2025-11-22 06:22:09,2025-11-22 06:32:09
2025-11-23,"2025-11-23T02:18:57.0","2025-11-23T02:28:57.0",1,1,2025-11-23 02:18:57,2025-11-23 02:28:57,2025-11-22 21:18:57,2025-11-22 21:28:57
2025-11-23,"2025-11-23T02:28:57.0","2025-11-23T02:54:57.0",0,2,2025-11-23 02:28:57,2025-11-23 02:54:57,2025-11-22 21:28:57,2025-11-22 21:54:57
2025-11-23,"2025-11-23T02:54:57.0","2025-11-23T03:01:57.0",1,3,2025-11-23 02:54:57,2025-11-23 03:01:57,2025-11-22 21:54:57,2025-11-22 22:01:57
2025-11-23,"2025-11-23T03:01:57.0","2025-11-23T03:22:57.0",0,4,2025-11-23 03:01:57,2025-11-23 03:22:57,2025-11-22 22:01:57,2025-11-22 22:22:57
2025-11-23,"2025-11-23T03:22:57.0","2025-11-23T03:39:57.0",1,5,2025-11-23 03:22:57,2025-11-23 03:39:57,2025-11-22 22:22:57,2025-11-22 22:39:57
2025-11-23,"2025-11-23T03:39:57.0","2025-11-23T03:49:57.0",0,6,2025-11-23 03:39:57,2025-11-23 03:49:57,2025-11-22 22:39:57,2025-11-22 22:49:57
2025-11-23,"2025-11-23T03:49:57.0","2025-11-23T04:02:57.0",1,7,2025-11-23 03:49:57,2025-11-23 04:02:57,2025-11-22 22:49:57,2025-11-22 23:02:57
2025-11-23,"2025-11-23T04:02:57.0","2025-11-23T04:13:57.0",0,8,2025-11-23 04:02:57,2025-11-23 04:13:57,2025-11-22 23:02:57,2025-11-22 23:13:57
2025-11-23,"2025-11-23T04:13:57.0","2025-11-23T04:25:57.0",1,9,2025-11-23 04:13:57,2025-11-23 04:25:57,2025-11-22 23:13:57,2025-11-22 23:25:57
2025-11-23,"2025-11-23T04:25:57.0","2025-11-23T04:44:57.0",2,10,2025-11-23 04:25:57,2025-11-23 04:44:57,2025-11-22 23:25:57,2025-11-22 23:44:57
2025-11-23,"2025-11-23T04:44:57.0","2025-11-23T04:58:57.0",1,11,2025-11-23 04:44:57,2025-11-23 04:58:57,2025-11-22 23:44:57,2025-11-22 23:58:57
2025-11-23,"2025-11-23T04:58:57.0","2025-11-23T05:03:57.0",2,12,2025-11-23 04:58:57,2025-11-23 05:03:57,2025-11-22 23:58:57,2025-11-23 00:03:57
2025-11-23,"2025-11-23T05:03:57.0","2025-11-23T05:21:57.0",1,13,2025-11-23 05:03:57,2025-11-23 05:21:57,2025-11-23 00:03:57,2025-11-23 00:21:57
2025-11-23,"2025-11-23T05:21:57.0","2025-11-23T06:17:57.0",0,14,2025-11-23 05:21:57,2025-11-23 06:17:57,2025-11-23 00:21:57,2025-11-23 01:17:57
2025-11-23,"2025-11-23T06:17:57.0","2025-11-23T06:28:57.0",1,15,2025-11-23 06:17:57,2025-11-23 06:28:57,2025-11-23 01:17:57,2025-11-23 01:28:57
2025-11-23,"2025-11-23T06:28:57.0","2025-11-23T07:12:57.0",2,16,2025-11-23 06:28:57,2025-11-23 07:12:57,2025-11-23 01:28:57,2025-11-23 02:12:57
2025-11-23,"2025-11-23T07:12:57.0","2025-11-23T07:18:57.0",1,17,2025-11-23 07:12:57,2025-11-23 07:18:57,2025-11-23 02:12:57,2025-11-23 02:18:57
2025-11-23,"2025-11-23T07:18:57.0","2025-11-23T07:19:57.0",3,18,2025-11-23 07:18:57,2025-11-23 07:19:57,2025-11-23 02:18:57,2025-11-23 02:19:57
2025-11-23,"2025-11-23T07:19:57.0","2025-11-23T07:40:57.0",1,19,2025-11-23 07:19:57,2025-11-23 07:40:57,2025-11-23 02:19:57,2025-11-23 02:40:57
2025-11-23,"2025-11-23T07:40:57.0","2025-11-23T07:53:57.0",0,20,2025-11-23 07:40:57,2025-11-23 07:53:57,2025-11-23 02:40:57,2025-11-23 02:53:57
2025-11-23,"2025-11-23T07:53:57.0","2025-11-23T08:04:57.0",1,21,2025-11-23 07:53:57,2025-11-23 08:04:57,2025-11-23 02:53:57,2025-11-23 03:04:57
2025-11-23,"2025-11-23T08:04:57.0","2025-11-23T08:55:57.0",2,22,2025-11-23 08:04:57,2025-11-23 08:55:57,2025-11-23 03:04:57,2025-11-23 03:55:57
2025-11-23,"2025-11-23T08:55:57.0","2025-11-23T09:19:57.0",1,23,2025-11-23 08:55:57,2025-11-23 09:19:57,2025-11-23 03:55:57,2025-11-23 04:19:57
2025-11-23,"2025-11-23T09:19:57.0","2025-11-23T09:20:57.0",3,24,2025-11-23 09:19:57,2025-11-23 09:20:57,2025-11-23 04:19:57,2025-11-23 04:20:57
2025-11-23,"2025-11-23T09:20:57.0","2025-11-23T09:28:57.0",1,25,2025-11-23 09:20:57,2025-11-23 09:28:57,2025-11-23 04:20:57,2025-11-23 04:28:57
2025-11-23,"2025-11-23T09:28:57.0","2025-11-23T09:53:57.0",2,26,2025-11-23 09:28:57,2025-11-23 09:53:57,2025-11-23 04:28:57,2025-11-23 04:53:57
2025-11-24,"2025-11-24T01:56:19.0","2025-11-24T02:06:19.0",1,1,2025-11-24 01:56:19,2025-11-24 02:06:19,2025-11-23 20:56:19,2025-11-23 21:06:19
2025-11-24,"2025-11-24T02:06:19.0","2025-11-24T02:33:19.0",0,2,2025-11-24 02:06:19,2025-11-24 02:33:19,2025-11-23 21:06:19,2025-11-23 21:33:19
2025-11-24,"2025-11-24T02:33:19.0","2025-11-24T03:25:19.0",3,3,2025-11-24 02:33:19,2025-11-24 03:25:19,2025-11-23 21:33:19,2025-11-23 22:25:19
2025-11-24,"2025-11-24T03:25:19.0","2025-11-24T03:43:19.0",1,4,2025-11-24 03:25:19,2025-11-24 03:43:19,2025-11-23 22:25:19,2025-11-23 22:43:19
2025-11-24,"2025-11-24T03:43:19.0","2025-11-24T04:25:19.0",0,5,2025-11-24 03:43:19,2025-11-24 04:25:19,2025-11-23 22:43:19,2025-11-23 23:25:19
2025-11-24,"2025-11-24T04:25:19.0","2025-11-24T04:58:19.0",1,6,2025-11-24 04:25:19,2025-11-24 04:58:19,2025-11-23 23:25:19,2025-11-23 23:58:19
2025-11-24,"2025-11-24T04:58:19.0","2025-11-24T05:07:19.0",0,7,2025-11-24 04:58:19,2025-11-24 05:07:19,2025-11-23 23:58:19,2025-11-24 00:07:19
2025-11-24,"2025-11-24T05:07:19.0","2025-11-24T05:28:19.0",1,8,2025-11-24 05:07:19,2025-11-24 05:28:19,2025-11-24 00:07:19,2025-11-24 00:28:19
2025-11-24,"2025-11-24T05:28:19.0","2025-11-24T05:39:19.0",0,9,2025-11-24 05:28:19,2025-11-24 05:39:19,2025-11-24 00:28:19,2025-11-24 00:39:19
2025-11-24,"2025-11-24T05:39:19.0","2025-11-24T05:55:19.0",1,10,2025-11-24 05:39:19,2025-11-24 05:55:19,2025-11-24 00:39:19,2025-11-24 00:55:19
2025-11-24,"2025-11-24T05:55:19.0","2025-11-24T06:13:19.0",2,11,2025-11-24 05:55:19,2025-11-24 06:13:19,2025-11-24 00:55:19,2025-11-24 01:13:19
2025-11-24,"2025-11-24T06:13:19.0","2025-11-24T06:36:19.0",1,12,2025-11-24 06:13:19,2025-11-24 06:36:19,2025-11-24 01:13:19,2025-11-24 01:36:19
2025-11-24,"2025-11-24T06:36:19.0","2025-11-24T06:42:19.0",2,13,2025-11-24 06:36:19,2025-11-24 06:42:19,2025-11-24 01:36:19,2025-11-24 01:42:19
2025-11-24,"2025-11-24T06:42:19.0","2025-11-24T07:07:19.0",1,14,2025-11-24 06:42:19,2025-11-24 07:07:19,2025-11-24 01:42:19,2025-11-24 02:07:19
2025-11-24,"2025-11-24T07:07:19.0","2025-11-24T07:32:19.0",0,15,2025-11-24 07:07:19,2025-11-24 07:32:19,2025-11-24 02:07:19,2025-11-24 02:32:19
2025-11-24,"2025-11-24T07:32:19.0","2025-11-24T07:52:19.0",1,16,2025-11-24 07:32:19,2025-11-24 07:52:19,2025-11-24 02:32:19,2025-11-24 02:52:19
2025-11-24,"2025-11-24T07:52:19.0","2025-11-24T08:33:19.0",2,17,2025-11-24 07:52:19,2025-11-24 08:33:19,2025-11-24 02:52:19,2025-11-24 03:33:19
2025-11-25,"2025-11-25T02:24:53.0","2025-11-25T02:25:53.0",1,1,2025-11-25 02:24:53,2025-11-25 02:25:53,2025-11-24 21:24:53,2025-11-24 21:25:53
2025-11-25,"2025-11-25T02:25:53.0","2025-11-25T02:49:53.0",0,2,2025-11-25 02:25:53,2025-11-25 02:49:53,2025-11-24 21:25:53,2025-11-24 21:49:53
2025-11-25,"2025-11-25T02:49:53.0","2025-11-25T02:53:53.0",3,3,2025-11-25 02:49:53,2025-11-25 02:53:53,2025-11-24 21:49:53,2025-11-24 21:53:53
2025-11-25,"2025-11-25T02:53:53.0","2025-11-25T03:03:53.0",1,4,2025-11-25 02:53:53,2025-11-25 03:03:53,2025-11-24 21:53:53,2025-11-24 22:03:53
2025-11-25,"2025-11-25T03:03:53.0","2025-11-25T03:41:53.0",0,5,2025-11-25 03:03:53,2025-11-25 03:41:53,2025-11-24 22:03:53,2025-11-24 22:41:53
2025-11-25,"2025-11-25T03:41:53.0","2025-11-25T04:28:53.0",1,6,2025-11-25 03:41:53,2025-11-25 04:28:53,2025-11-24 22:41:53,2025-11-24 23:28:53
2025-11-25,"2025-11-25T04:28:53.0","2025-11-25T05:12:53.0",0,7,2025-11-25 04:28:53,2025-11-25 05:12:53,2025-11-24 23:28:53,2025-11-25 00:12:53
2025-11-25,"2025-11-25T05:12:53.0","2025-11-25T05:21:53.0",1,8,2025-11-25 05:12:53,2025-11-25 05:21:53,2025-11-25 00:12:53,2025-11-25 00:21:53
2025-11-25,"2025-11-25T05:21:53.0","2025-11-25T05:55:53.0",2,9,2025-11-25 05:21:53,2025-11-25 05:55:53,2025-11-25 00:21:53,2025-11-25 00:55:53
2025-11-25,"2025-11-25T05:55:53.0","2025-11-25T06:05:53.0",1,10,2025-11-25 05:55:53,2025-11-25 06:05:53,2025-11-25 00:55:53,2025-11-25 01:05:53
2025-11-25,"2025-11-25T06:05:53.0","2025-11-25T06:13:53.0",0,11,2025-11-25 06:05:53,2025-11-25 06:13:53,2025-11-25 01:05:53,2025-11-25 01:13:53
2025-11-25,"2025-11-25T06:13:53.0","2025-11-25T06:47:53.0",1,12,2025-11-25 06:13:53,2025-11-25 06:47:53,2025-11-25 01:13:53,2025-11-25 01:47:53
2025-11-25,"2025-11-25T06:47:53.0","2025-11-25T07:22:53.0",2,13,2025-11-25 06:47:53,2025-11-25 07:22:53,2025-11-25 01:47:53,2025-11-25 02:22:53
2025-11-25,"2025-11-25T07:22:53.0","2025-11-25T07:47:53.0",3,14,2025-11-25 07:22:53,2025-11-25 07:47:53,2025-11-25 02:22:53,2025-11-25 02:47:53
2025-11-25,"2025-11-25T07:47:53.0","2025-11-25T08:43:53.0",1,15,2025-11-25 07:47:53,2025-11-25 08:43:53,2025-11-25 02:47:53,2025-11-25 03:43:53
2025-11-25,"2025-11-25T08:43:53.0","2025-11-25T09:29:53.0",2,16,2025-11-25 08:43:53,2025-11-25 09:29:53,2025-11-25 03:43:53,2025-11-25 04:29:53
2025-11-25,"2025-11-25T09:29:53.0","2025-11-25T09:51:53.0",1,17,2025-11-25 09:29:53,2025-11-25 09:51:53,2025-11-25 04:29:53,2025-11-25 04:51:53
2025-11-25,"2025-11-25T09:51:53.0","2025-11-25T10:23:53.0",2,18,2025-11-25 09:51:53,2025-11-25 10:23:53,2025-11-25 04:51:53,2025-11-25 05:23:53
2025-11-26,"2025-11-26T04:19:20.0","2025-11-26T04:29:20.0",1,1,2025-11-26 04:19:20,2025-11-26 04:29:20,2025-11-25 23:19:20,2025-11-25 23:29:20
2025-11-26,"2025-11-26T04:29:20.0","2025-11-26T05:04:20.0",0,2,2025-11-26 04:29:20,2025-11-26 05:04:20,2025-11-25 23:29:20,2025-11-26 00:04:20
2025-11-26,"2025-11-26T05:04:20.0","2025-11-26T05:08:20.0",3,3,2025-11-26 05:04:20,2025-11-26 05:08:20,2025-11-26 00:04:20,2025-11-26 00:08:20
2025-11-26,"2025-11-26T05:08:20.0","2025-11-26T06:11:20.0",1,4,2025-11-26 05:08:20,2025-11-26 06:11:20,2025-11-26 00:08:20,2025-11-26 01:11:20
2025-11-26,"2025-11-26T06:11:20.0","2025-11-26T06:37:20.0",0,5,2025-11-26 06:11:20,2025-11-26 06:37:20,2025-11-26 01:11:20,2025-11-26 01:37:20
2025-11-26,"2025-11-26T06:37:20.0","2025-11-26T06:47:20.0",1,6,2025-11-26 06:37:20,2025-11-26 06:47:20,2025-11-26 01:37:20,2025-11-26 01:47:20
2025-11-26,"2025-11-26T06:47:20.0","2025-11-26T07:23:20.0",2,7,2025-11-26 06:47:20,2025-11-26 07:23:20,2025-11-26 01:47:20,2025-11-26 02:23:20
2025-11-26,"2025-11-26T07:23:20.0","2025-11-26T07:42:20.0",3,8,2025-11-26 07:23:20,2025-11-26 07:42:20,2025-11-26 02:23:20,2025-11-26 02:42:20
2025-11-26,"2025-11-26T07:42:20.0","2025-11-26T07:54:20.0",1,9,2025-11-26 07:42:20,2025-11-26 07:54:20,2025-11-26 02:42:20,2025-11-26 02:54:20
2025-11-26,"2025-11-26T07:54:20.0","2025-11-26T08:06:20.0",0,10,2025-11-26 07:54:20,2025-11-26 08:06:20,2025-11-26 02:54:20,2025-11-26 03:06:20
2025-11-26,"2025-11-26T08:06:20.0","2025-11-26T08:36:20.0",1,11,2025-11-26 08:06:20,2025-11-26 08:36:20,2025-11-26 03:06:20,2025-11-26 03:36:20
2025-11-26,"2025-11-26T08:36:20.0","2025-11-26T08:42:20.0",2,12,2025-11-26 08:36:20,2025-11-26 08:42:20,2025-11-26 03:36:20,2025-11-26 03:42:20
2025-11-26,"2025-11-26T08:42:20.0","2025-11-26T09:50:20.0",1,13,2025-11-26 08:42:20,2025-11-26 09:50:20,2025-11-26 03:42:20,2025-11-26 04:50:20
2025-11-26,"2025-11-26T09:50:20.0","2025-11-26T10:10:20.0",2,14,2025-11-26 09:50:20,2025-11-26 10:10:20,2025-11-26 04:50:20,2025-11-26 05:10:20
2025-11-26,"2025-11-26T10:10:20.0","2025-11-26T10:18:20.0",1,15,2025-11-26 10:10:20,2025-11-26 10:18:20,2025-11-26 05:10:20,2025-11-26 05:18:20
2025-11-27,"2025-11-27T02:00:45.0","2025-11-27T02:17:45.0",1,1,2025-11-27 02:00:45,2025-11-27 02:17:45,2025-11-26 21:00:45,2025-11-26 21:17:45
2025-11-27,"2025-11-27T02:17:45.0","2025-11-27T03:01:45.0",0,2,2025-11-27 02:17:45,2025-11-27 03:01:45,2025-11-26 21:17:45,2025-11-26 22:01:45
2025-11-27,"2025-11-27T03:01:45.0","2025-11-27T03:33:45.0",1,3,2025-11-27 03:01:45,2025-11-27 03:33:45,2025-11-26 22:01:45,2025-11-26 22:33:45
2025-11-27,"2025-11-27T03:33:45.0","2025-11-27T03:51:45.0",3,4,2025-11-27 03:33:45,2025-11-27 03:51:45,2025-11-26 22:33:45,2025-11-26 22:51:45
2025-11-27,"2025-11-27T03:51:45.0","2025-11-27T04:04:45.0",1,5,2025-11-27 03:51:45,2025-11-27 04:04:45,2025-11-26 22:51:45,2025-11-26 23:04:45
2025-11-27,"2025-11-27T04:04:45.0","2025-11-27T04:29:45.0",0,6,2025-11-27 04:04:45,2025-11-27 04:29:45,2025-11-26 23:04:45,2025-11-26 23:29:45
2025-11-27,"2025-11-27T04:29:45.0","2025-11-27T05:25:45.0",1,7,2025-11-27 04:29:45,2025-11-27 05:25:45,2025-11-26 23:29:45,2025-11-27 00:25:45
2025-11-27,"2025-11-27T05:25:45.0","2025-11-27T06:04:45.0",0,8,2025-11-27 05:25:45,2025-11-27 06:04:45,2025-11-27 00:25:45,2025-11-27 01:04:45
2025-11-27,"2025-11-27T06:04:45.0","2025-11-27T06:08:45.0",1,9,2025-11-27 06:04:45,2025-11-27 06:08:45,2025-11-27 01:04:45,2025-11-27 01:08:45
2025-11-27,"2025-11-27T06:08:45.0","2025-11-27T06:40:45.0",2,10,2025-11-27 06:08:45,2025-11-27 06:40:45,2025-11-27 01:08:45,2025-11-27 01:40:45
2025-11-27,"2025-11-27T06:40:45.0","2025-11-27T07:02:45.0",1,11,2025-11-27 06:40:45,2025-11-27 07:02:45,2025-11-27 01:40:45,2025-11-27 02:02:45
2025-11-27,"2025-11-27T07:02:45.0","2025-11-27T07:06:45.0",3,12,2025-11-27 07:02:45,2025-11-27 07:06:45,2025-11-27 02:02:45,2025-11-27 02:06:45
2025-11-27,"2025-11-27T07:06:45.0","2025-11-27T08:04:45.0",1,13,2025-11-27 07:06:45,2025-11-27 08:04:45,2025-11-27 02:06:45,2025-11-27 03:04:45
2025-11-27,"2025-11-27T08:04:45.0","2025-11-27T08:34:45.0",2,14,2025-11-27 08:04:45,2025-11-27 08:34:45,2025-11-27 03:04:45,2025-11-27 03:34:45
2025-11-27,"2025-11-27T08:34:45.0","2025-11-27T09:10:45.0",1,15,2025-11-27 08:34:45,2025-11-27 09:10:45,2025-11-27 03:34:45,2025-11-27 04:10:45
2025-11-27,"2025-11-27T09:10:45.0","2025-11-27T09:38:45.0",2,16,2025-11-27 09:10:45,2025-11-27 09:38:45,2025-11-27 04:10:45,2025-11-27 04:38:45
2025-11-28,"2025-11-28T01:29:55.0","2025-11-28T01:37:55.0",1,1,2025-11-28 01:29:55,2025-11-28 01:37:55,2025-11-27 20:29:55,2025-11-27 20:37:55
2025-11-28,"2025-11-28T01:37:55.0","2025-11-28T02:09:55.0",0,2,2025-11-28 01:37:55,2025-11-28 02:09:55,2025-11-27 20:37:55,2025-11-27 21:09:55
2025-11-28,"2025-11-28T02:09:55.0","2025-11-28T02:15:55.0",1,3,2025-11-28 02:09:55,2025-11-28 02:15:55,2025-11-27 21:09:55,2025-11-27 21:15:55
2025-11-28,"2025-11-28T02:15:55.0","2025-11-28T02:32:55.0",0,4,2025-11-28 02:15:55,2025-11-28 02:32:55,2025-11-27 21:15:55,2025-11-27 21:32:55
2025-11-28,"2025-11-28T02:32:55.0","2025-11-28T02:33:55.0",3,5,2025-11-28 02:32:55,2025-11-28 02:33:55,2025-11-27 21:32:55,2025-11-27 21:33:55
2025-11-28,"2025-11-28T02:33:55.0","2025-11-28T03:01:55.0",1,6,2025-11-28 02:33:55,2025-11-28 03:01:55,2025-11-27 21:33:55,2025-11-27 22:01:55
2025-11-28,"2025-11-28T03:01:55.0","2025-11-28T03:17:55.0",0,7,2025-11-28 03:01:55,2025-11-28 03:17:55,2025-11-27 22:01:55,2025-11-27 22:17:55
2025-11-28,"2025-11-28T03:17:55.0","2025-11-28T03:18:55.0",3,8,2025-11-28 03:17:55,2025-11-28 03:18:55,2025-11-27 22:17:55,2025-11-27 22:18:55
2025-11-28,"2025-11-28T03:18:55.0","2025-11-28T03:31:55.0",1,9,2025-11-28 03:18:55,2025-11-28 03:31:55,2025-11-27 22:18:55,2025-11-27 22:31:55
2025-11-28,"2025-11-28T03:31:55.0","2025-11-28T04:15:55.0",3,10,2025-11-28 03:31:55,2025-11-28 04:15:55,2025-11-27 22:31:55,2025-11-27 23:15:55
2025-11-28,"2025-11-28T04:15:55.0","2025-11-28T05:22:55.0",1,11,2025-11-28 04:15:55,2025-11-28 05:22:55,2025-11-27 23:15:55,2025-11-28 00:22:55
2025-11-28,"2025-11-28T05:22:55.0","2025-11-28T05:27:55.0",2,12,2025-11-28 05:22:55,2025-11-28 05:27:55,2025-11-28 00:22:55,2025-11-28 00:27:55
2025-11-28,"2025-11-28T05:27:55.0","2025-11-28T05:47:55.0",1,13,2025-11-28 05:27:55,2025-11-28 05:47:55,2025-11-28 00:27:55,2025-11-28 00:47:55
2025-11-28,"2025-11-28T05:47:55.0","2025-11-28T06:01:55.0",0,14,2025-11-28 05:47:55,2025-11-28 06:01:55,2025-11-28 00:47:55,2025-11-28 01:01:55
2025-11-28,"2025-11-28T06:01:55.0","2025-11-28T06:12:55.0",1,15,2025-11-28 06:01:55,2025-11-28 06:12:55,2025-11-28 01:01:55,2025-11-28 01:12:55
2025-11-28,"2025-11-28T06:12:55.0","2025-11-28T07:13:55.0",2,16,2025-11-28 06:12:55,2025-11-28 07:13:55,2025-11-28 01:12:55,2025-11-28 02:13:55
2025-11-28,"2025-11-28T07:13:55.0","2025-11-28T08:06:55.0",1,17,2025-11-28 07:13:55,2025-11-28 08:06:55,2025-11-28 02:13:55,2025-11-28 03:06:55
2025-11-28,"2025-11-28T08:06:55.0","2025-11-28T08:35:55.0",2,18,2025-11-28 08:06:55,2025-11-28 08:35:55,2025-11-28 03:06:55,2025-11-28 03:35:55
2025-11-28,"2025-11-28T08:35:55.0","2025-11-28T09:02:55.0",1,19,2025-11-28 08:35:55,2025-11-28 09:02:55,2025-11-28 03:35:55,2025-11-28 04:02:55
2025-11-28,"2025-11-28T09:02:55.0","2025-11-28T09:03:55.0",3,20,2025-11-28 09:02:55,2025-11-28 09:03:55,2025-11-28 04:02:55,2025-11-28 04:03:55
2025-11-28,"2025-11-28T09:03:55.0","2025-11-28T09:17:55.0",1,21,2025-11-28 09:03:55,2025-11-28 09:17:55,2025-11-28 04:03:55,2025-11-28 04:17:55
2025-11-28,"2025-11-28T09:17:55.0","2025-11-28T09:43:55.0",2,22,2025-11-28 09:17:55,2025-11-28 09:43:55,2025-11-28 04:17:55,2025-11-28 04:43:55
2025-11-29,"2025-11-29T04:25:48.0","2025-11-29T04:34:48.0",1,1,2025-11-29 04:25:48,2025-11-29 04:34:48,2025-11-28 23:25:48,2025-11-28 23:34:48
2025-11-29,"2025-11-29T04:34:48.0","2025-11-29T05:10:48.0",0,2,2025-11-29 04:34:48,2025-11-29 05:10:48,2025-11-28 23:34:48,2025-11-29 00:10:48
2025-11-29,"2025-11-29T05:10:48.0","2025-11-29T05:20:48.0",1,3,2025-11-29 05:10:48,2025-11-29 05:20:48,2025-11-29 00:10:48,2025-11-29 00:20:48
2025-11-29,"2025-11-29T05:20:48.0","2025-11-29T05:50:48.0",2,4,2025-11-29 05:20:48,2025-11-29 05:50:48,2025-11-29 00:20:48,2025-11-29 00:50:48
2025-11-29,"2025-11-29T05:50:48.0","2025-11-29T06:10:48.0",1,5,2025-11-29 05:50:48,2025-11-29 06:10:48,2025-11-29 00:50:48,2025-11-29 01:10:48
2025-11-29,"2025-11-29T06:10:48.0","2025-11-29T06:43:48.0",0,6,2025-11-29 06:10:48,2025-11-29 06:43:48,2025-11-29 01:10:48,2025-11-29 01:43:48
2025-11-29,"2025-11-29T06:43:48.0","2025-11-29T06:56:48.0",1,7,2025-11-29 06:43:48,2025-11-29 06:56:48,2025-11-29 01:43:48,2025-11-29 01:56:48
2025-11-29,"2025-11-29T06:56:48.0","2025-11-29T07:01:48.0",2,8,2025-11-29 06:56:48,2025-11-29 07:01:48,2025-11-29 01:56:48,2025-11-29 02:01:48
2025-11-29,"2025-11-29T07:01:48.0","2025-11-29T07:30:48.0",1,9,2025-11-29 07:01:48,2025-11-29 07:30:48,2025-11-29 02:01:48,2025-11-29 02:30:48
2025-11-29,"2025-11-29T07:30:48.0","2025-11-29T08:01:48.0",2,10,2025-11-29 07:30:48,2025-11-29 08:01:48,2025-11-29 02:30:48,2025-11-29 03:01:48
2025-11-29,"2025-11-29T08:01:48.0","2025-11-29T08:06:48.0",3,11,2025-11-29 08:01:48,2025-11-29 08:06:48,2025-11-29 03:01:48,2025-11-29 03:06:48
2025-11-29,"2025-11-29T08:06:48.0","2025-11-29T08:27:48.0",1,12,2025-11-29 08:06:48,2025-11-29 08:27:48,2025-11-29 03:06:48,2025-11-29 03:27:48
2025-11-29,"2025-11-29T08:27:48.0","2025-11-29T08:32:48.0",0,13,2025-11-29 08:27:48,2025-11-29 08:32:48,2025-11-29 03:27:48,2025-11-29 03:32:48
2025-11-29,"2025-11-29T08:32:48.0","2025-11-29T08:53:48.0",1,14,2025-11-29 08:32:48,2025-11-29 08:53:48,2025-11-29 03:32:48,2025-11-29 03:53:48
2025-11-29,"2025-11-29T08:53:48.0","2025-11-29T09:43:48.0",2,15,2025-11-29 08:53:48,2025-11-29 09:43:48,2025-11-29 03:53:48,2025-11-29 04:43:48
2025-11-29,"2025-11-29T09:43:48.0","2025-11-29T09:58:48.0",1,16,2025-11-29 09:43:48,2025-11-29 09:58:48,2025-11-29 04:43:48,2025-11-29 04:58:48
2025-11-29,"2025-11-29T09:58:48.0","2025-11-29T10:04:48.0",2,17,2025-11-29 09:58:48,2025-11-29 10:04:48,2025-11-29 04:58:48,2025-11-29 05:04:48
2025-11-29,"2025-11-29T10:04:48.0","2025-11-29T10:36:48.0",1,18,2025-11-29 10:04:48,2025-11-29 10:36:48,2025-11-29 05:04:48,2025-11-29 05:36:48
2025-11-29,"2025-11-29T10:36:48.0","2025-11-29T11:09:48.0",2,19,2025-11-29 10:36:48,2025-11-29 11:09:48,2025-11-29 05:36:48,2025-11-29 06:09:48
2025-11-30,"2025-11-30T04:57:13.0","2025-11-30T05:11:13.0",1,1,2025-11-30 04:57:13,2025-11-30 05:11:13,2025-11-29 23:57:13,2025-11-30 00:11:13
2025-11-30,"2025-11-30T05:11:13.0","2025-11-30T05:49:13.0",0,2,2025-11-30 05:11:13,2025-11-30 05:49:13,2025-11-30 00:11:13,2025-11-30 00:49:13
2025-11-30,"2025-11-30T05:49:13.0","2025-11-30T06:44:13.0",1,3,2025-11-30 05:49:13,2025-11-30 06:44:13,2025-11-30 00:49:13,2025-11-30 01:44:13
2025-11-30,"2025-11-30T06:44:13.0","2025-11-30T06:57:13.0",2,4,2025-11-30 06:44:13,2025-11-30 06:57:13,2025-11-30 01:44:13,2025-11-30 01:57:13
2025-11-30,"2025-11-30T06:57:13.0","2025-11-30T07:16:13.0",1,5,2025-11-30 06:57:13,2025-11-30 07:16:13,2025-11-30 01:57:13,2025-11-30 02:16:13
2025-11-30,"2025-11-30T07:16:13.0","2025-11-30T08:02:13.0",0,6,2025-11-30 07:16:13,2025-11-30 08:02:13,2025-11-30 02:16:13,2025-11-30 03:02:13
2025-11-30,"2025-11-30T08:02:13.0","2025-11-30T08:14:13.0",1,7,2025-11-30 08:02:13,2025-11-30 08:14:13,2025-11-30 03:02:13,2025-11-30 03:14:13
2025-11-30,"2025-11-30T08:14:13.0","2025-11-30T09:00:13.0",2,8,2025-11-30 08:14:13,2025-11-30 09:00:13,2025-11-30 03:14:13,2025-11-30 04:00:13
2025-11-30,"2025-11-30T09:00:13.0","2025-11-30T09:49:13.0",1,9,2025-11-30 09:00:13,2025-11-30 09:49:13,2025-11-30 04:00:13,2025-11-30 04:49:13
2025-11-30,"2025-11-30T09:49:13.0","2025-11-30T09:54:13.0",3,10,2025-11-30 09:49:13,2025-11-30 09:54:13,2025-11-30 04:49:13,2025-11-30 04:54:13
2025-11-30,"2025-11-30T09:54:13.0","2025-11-30T10:04:13.0",1,11,2025-11-30 09:54:13,2025-11-30 10:04:13,2025-11-30 04:54:13,2025-11-30 05:04:13
2025-11-30,"2025-11-30T10:04:13.0","2025-11-30T10:18:13.0",2,12,2025-11-30 10:04:13,2025-11-30 10:18:13,2025-11-30 05:04:13,2025-11-30 05:18:13
2025-12-01,"2025-12-01T01:58:48.0","2025-12-01T02:02:48.0",1,1,2025-12-01 01:58:48,2025-12-01 02:02:48,2025-11-30 20:58:48,2025-11-30 21:02:48
2025-12-01,"2025-12-01T02:02:48.0","2025-12-01T02:37:48.0",0,2,2025-12-01 02:02:48,2025-12-01 02:37:48,2025-11-30 21:02:48,2025-11-30 21:37:48
2025-12-01,"2025-12-01T02:37:48.0","2025-12-01T03:16:48.0",1,3,2025-12-01 02:37:48,2025-12-01 03:16:48,2025-11-30 21:37:48,2025-11-30 22:16:48
2025-12-01,"2025-12-01T03:16:48.0","2025-12-01T04:15:48.0",0,4,2025-12-01 03:16:48,2025-12-01 04:15:48,2025-11-30 22:16:48,2025-11-30 23:15:48
2025-12-01,"2025-12-01T04:15:48.0","2025-12-01T05:07:48.0",1,5,2025-12-01 04:15:48,2025-12-01 05:07:48,2025-11-30 23:15:48,2025-12-01 00:07:48
2025-12-01,"2025-12-01T05:07:48.0","2025-12-01T05:20:48.0",3,6,2025-12-01 05:07:48,2025-12-01 05:20:48,2025-12-01 00:07:48,2025-12-01 00:20:48
2025-12-01,"2025-12-01T05:20:48.0","2025-12-01T05:30:48.0",1,7,2025-12-01 05:20:48,2025-12-01 05:30:48,2025-12-01 00:20:48,2025-12-01 00:30:48
2025-12-01,"2025-12-01T05:30:48.0","2025-12-01T06:22:48.0",3,8,2025-12-01 05:30:48,2025-12-01 06:22:48,2025-12-01 00:30:48,2025-12-01 01:22:48
2025-12-01,"2025-12-01T06:22:48.0","2025-12-01T06:59:48.0",1,9,2025-12-01 06:22:48,2025-12-01 06:59:48,2025-12-01 01:22:48,2025-12-01 01:59:48
2025-12-01,"2025-12-01T06:59:48.0","2025-12-01T08:06:48.0",2,10,2025-12-01 06:59:48,2025-12-01 08:06:48,2025-12-01 01:59:48,2025-12-01 03:06:48
2025-12-01,"2025-12-01T08:06:48.0","2025-12-01T09:29:48.0",1,11,2025-12-01 08:06:48,2025-12-01 09:29:48,2025-12-01 03:06:48,2025-12-01 04:29:48
2025-12-01,"2025-12-01T09:29:48.0","2025-12-01T09:46:48.0",2,12,2025-12-01 09:29:48,2025-12-01 09:46:48,2025-12-01 04:29:48,2025-12-01 04:46:48
2025-12-01,"2025-12-01T09:46:48.0","2025-12-01T10:16:48.0",1,13,2025-12-01 09:46:48,2025-12-01 10:16:48,2025-12-01 04:46:48,2025-12-01 05:16:48
2025-12-01,"2025-12-01T10:16:48.0","2025-12-01T10:29:48.0",2,14,2025-12-01 10:16:48,2025-12-01 10:29:48,2025-12-01 05:16:48,2025-12-01 05:29:48
2025-12-02,"2025-12-02T04:13:14.0","2025-12-02T04:23:14.0",1,1,2025-12-02 04:13:14,2025-12-02 04:23:14,2025-12-01 23:13:14,2025-12-01 23:23:14
2025-12-02,"2025-12-02T04:23:14.0","2025-12-02T04:58:14.0",0,2,2025-12-02 04:23:14,2025-12-02 04:58:14,2025-12-01 23:23:14,2025-12-01 23:58:14
2025-12-02,"2025-12-02T04:58:14.0","2025-12-02T05:37:14.0",1,3,2025-12-02 04:58:14,2025-12-02 05:37:14,2025-12-01 23:58:14,2025-12-02 00:37:14
2025-12-02,"2025-12-02T05:37:14.0","2025-12-02T06:12:14.0",0,4,2025-12-02 05:37:14,2025-12-02 06:12:14,2025-12-02 00:37:14,2025-12-02 01:12:14
2025-12-02,"2025-12-02T06:12:14.0","2025-12-02T06:18:14.0",1,5,2025-12-02 06:12:14,2025-12-02 06:18:14,2025-12-02 01:12:14,2025-12-02 01:18:14
2025-12-02,"2025-12-02T06:18:14.0","2025-12-02T06:27:14.0",2,6,2025-12-02 06:18:14,2025-12-02 06:27:14,2025-12-02 01:18:14,2025-12-02 01:27:14
2025-12-02,"2025-12-02T06:27:14.0","2025-12-02T07:00:14.0",1,7,2025-12-02 06:27:14,2025-12-02 07:00:14,2025-12-02 01:27:14,2025-12-02 02:00:14
2025-12-02,"2025-12-02T07:00:14.0","2025-12-02T07:25:14.0",2,8,2025-12-02 07:00:14,2025-12-02 07:25:14,2025-12-02 02:00:14,2025-12-02 02:25:14
2025-12-02,"2025-12-02T07:25:14.0","2025-12-02T07:41:14.0",1,9,2025-12-02 07:25:14,2025-12-02 07:41:14,2025-12-02 02:25:14,2025-12-02 02:41:14
2025-12-02,"2025-12-02T07:41:14.0","2025-12-02T07:53:14.0",2,10,2025-12-02 07:41:14,2025-12-02 07:53:14,2025-12-02 02:41:14,2025-12-02 02:53:14
2025-12-02,"2025-12-02T07:53:14.0","2025-12-02T08:40:14.0",1,11,2025-12-02 07:53:14,2025-12-02 08:40:14,2025-12-02 02:53:14,2025-12-02 03:40:14
2025-12-02,"2025-12-02T08:40:14.0","2025-12-02T09:33:14.0",2,12,2025-12-02 08:40:14,2025-12-02 09:33:14,2025-12-02 03:40:14,2025-12-02 04:33:14
2025-12-02,"2025-12-02T09:33:14.0","2025-12-02T10:25:50.0",1,13,2025-12-02 09:33:14,2025-12-02 10:25:50,2025-12-02 04:33:14,2025-12-02 05:25:50
